{"menu":{"menu-2":3,"menu-1":2},"options":{"blogname":"Gutener Corporate 3","blogname-child":"Gutener Corporate 3","blogdescription":"Just another Gutener Demos site","blogdescription-child":"Just another Gutener Demos site","posts_per_page":"10","posts_per_page-child":"10","date_format":"F j, Y","date_format-child":"F j, Y","time_format":"g:i a","time_format-child":"g:i a","show_on_front":"page","show_on_front-child":"page","thumbnail_size_w":"150","thumbnail_size_w-child":"150","thumbnail_size_h":"150","thumbnail_size_h-child":"150","thumbnail_crop":"1","thumbnail_crop-child":"1","medium_size_w":"300","medium_size_w-child":"300","medium_size_h":"300","medium_size_h-child":"300","avatar_default":"mystery","avatar_default-child":"mystery","large_size_w":"700","large_size_w-child":"700","large_size_h":"700","large_size_h-child":"700","page_for_posts":"9","page_for_posts-child":"9","page_on_front":"5","page_on_front-child":"5","medium_large_size_w":"768","medium_large_size_w-child":"768","medium_large_size_h":"0","medium_large_size_h-child":"0","theme_mods_gutener":{"0":false,"custom_css_post_id":79,"custom_logo":24,"logo_width":"180","disable_site_title":true,"disable_site_tagline":true,"disable_site_tagline_border":true,"header_layout":"header_two","header_image_slider":[{"slider_item":""}],"social_media_links":[{"icon":"fab fa-facebook","link":"#","new_tab":false},{"icon":"fab fa-twitter","link":"#","new_tab":false},{"icon":"fab fa-instagram","link":"#","new_tab":false},{"icon":"fab fa-google","link":"#","new_tab":false},{"icon":"fab fa-youtube","link":"","new_tab":false},{"icon":"fab fa-pinterest","link":"#","new_tab":false}],"main_banner_buttons":[{"text":"","link":"","type":"button-outline"}],"top_header_two_background_color":"#1d1b4c","top_header_text_color":"#cccccc","header_button_background_color":"#077cf9","bottom_header_text_color":"#1d1b4c","header_button_text":"Get a Quote","contact_phone":"+ 1987 123456","contact_email":"yourmail@email.com","contact_address":"Rock Street, San Francisco, California","header_image_height":"110","header_button_border_radius":"4","site_title_font_control":{"font-family":"Catamaran","font-size":"62px","text-transform":"none","font-backup":"","variant":"regular","font-weight":400,"font-style":"normal"},"site_description_font_control":{"font-family":"Nunito Sans","font-size":"14px","text-transform":"none","font-backup":"","variant":"regular","font-weight":400,"font-style":"normal"},"main_menu_font_control":{"font-family":"Catamaran","font-size":"17px","text-transform":"none","variant":"600","line-height":"1.5","font-backup":"","font-weight":600,"font-style":"normal"},"body_font_control":{"font-family":"Nunito Sans","font-size":"15px","font-backup":"","variant":"regular","font-weight":400,"font-style":"normal"},"page_title_font_control":{"font-family":"Catamaran","font-size":"48px","text-transform":"none","font-backup":"","variant":"regular","font-weight":400,"font-style":"normal"},"blog_page_title_font_control":{"font-family":"Catamaran","font-size":"21px","text-transform":"none","font-backup":"","variant":"700","font-weight":700,"font-style":"normal"},"section_title_font_control":{"font-family":"Catamaran","font-size":"24px","text-transform":"none","font-backup":"","variant":"regular","font-weight":400,"font-style":"normal"},"top_footer_background_color":"rgba(29,27,76,0.95)","top_footer_widget_title_color":"#ffffff","top_footer_widget_link_color":"#e0e0e0","top_footer_widget_content_color":"#cccccc","footer_layout":"footer_one","footer_image":"https:\/\/demo.keonthemes.com\/gutener\/demo14\/wp-content\/uploads\/sites\/55\/2020\/12\/gutener-corporate-img26-1375-785.jpg","bottom_footer_background_color":"rgba(29,27,76,0.99)","bottom_footer_text_color":"#cccccc","bottom_footer_text_link_color":"#e0e0e0","highlight_posts_category":"4","highlight_posts_posts_number":"3","highlight_posts_height":"250","blog_post_category_color":"#077cf9","main_slider_height":"550","hide_slider_category":false,"hide_slider_date":false,"hide_slider_author":false,"hide_slider_comment":false,"feature_posts_section_title":"","archive_post_layout":"list","site_primary_color":"#1d1b4c","blog_post_title_color":"#1d1b4c","blog_post_meta_color":"#39385a","blog_post_text_color":"#39385a","sticky_simple_post_excerpt_length":"40","post_excerpt_length":"20","site_body_text_color":"#39385a","site_heading_text_color":"#1d1b4c","header_textcolor":"#1d1b4c","site_hover_color":"#123dbe","slider_width_controls":"boxed","hide_slider_button":false,"slider_posts_number":"3","slider_image_overlay_opacity":"4","preloader_animation":"animation_five","highlight_posts_section_title":"Featured Posts","disable_header_border":true,"sidebars_widgets":{"time":1607494125,"data":{"wp_inactive_widgets":[],"menu-sidebar":["search-2","text-2","gutener_latest_post-2","text-3"],"right-sidebar":["search-3","gutener_latest_post-4","categories-2","recent-posts-2"],"left-sidebar":[],"footer-sidebar-1":["text-4"],"footer-sidebar-2":["gutener_latest_post-3"],"footer-sidebar-3":["text-5"],"footer-sidebar-4":["categories-3"]}}},"theme_mods_gutener-child":{"0":false,"nav_menu_locations":{"menu-1":2,"menu-2":3},"custom_css_post_id":79,"custom_logo":24,"logo_width":"180","disable_site_title":true,"disable_site_tagline":true,"disable_site_tagline_border":true,"header_layout":"header_two","header_image_slider":[{"slider_item":""}],"social_media_links":[{"icon":"fab fa-facebook","link":"#","new_tab":false},{"icon":"fab fa-twitter","link":"#","new_tab":false},{"icon":"fab fa-instagram","link":"#","new_tab":false},{"icon":"fab fa-google","link":"#","new_tab":false},{"icon":"fab fa-youtube","link":"","new_tab":false},{"icon":"fab fa-pinterest","link":"#","new_tab":false}],"main_banner_buttons":[{"text":"","link":"","type":"button-outline"}],"top_header_two_background_color":"#1d1b4c","top_header_text_color":"#cccccc","header_button_background_color":"#077cf9","bottom_header_text_color":"#1d1b4c","header_button_text":"Get a Quote","contact_phone":"+ 1987 123456","contact_email":"yourmail@email.com","contact_address":"Rock Street, San Francisco, California","header_image_height":"110","header_button_border_radius":"4","site_title_font_control":{"font-family":"Catamaran","font-size":"62px","text-transform":"none","font-backup":"","variant":"regular","font-weight":400,"font-style":"normal"},"site_description_font_control":{"font-family":"Nunito Sans","font-size":"14px","text-transform":"none","font-backup":"","variant":"regular","font-weight":400,"font-style":"normal"},"main_menu_font_control":{"font-family":"Catamaran","font-size":"17px","text-transform":"none","variant":"600","line-height":"1.5","font-backup":"","font-weight":600,"font-style":"normal"},"body_font_control":{"font-family":"Nunito Sans","font-size":"15px","font-backup":"","variant":"regular","font-weight":400,"font-style":"normal"},"page_title_font_control":{"font-family":"Catamaran","font-size":"48px","text-transform":"none","font-backup":"","variant":"regular","font-weight":400,"font-style":"normal"},"blog_page_title_font_control":{"font-family":"Catamaran","font-size":"21px","text-transform":"none","font-backup":"","variant":"700","font-weight":700,"font-style":"normal"},"section_title_font_control":{"font-family":"Catamaran","font-size":"24px","text-transform":"none","font-backup":"","variant":"regular","font-weight":400,"font-style":"normal"},"top_footer_background_color":"rgba(29,27,76,0.95)","top_footer_widget_title_color":"#ffffff","top_footer_widget_link_color":"#e0e0e0","top_footer_widget_content_color":"#cccccc","footer_layout":"footer_one","footer_image":"https:\/\/demo.keonthemes.com\/gutener\/demo14\/wp-content\/uploads\/sites\/55\/2020\/12\/gutener-corporate-img26-1375-785.jpg","bottom_footer_background_color":"rgba(29,27,76,0.99)","bottom_footer_text_color":"#cccccc","bottom_footer_text_link_color":"#e0e0e0","highlight_posts_category":"4","highlight_posts_posts_number":"3","highlight_posts_height":"250","blog_post_category_color":"#077cf9","main_slider_height":"550","hide_slider_category":false,"hide_slider_date":false,"hide_slider_author":false,"hide_slider_comment":false,"feature_posts_section_title":"","archive_post_layout":"list","site_primary_color":"#1d1b4c","blog_post_title_color":"#1d1b4c","blog_post_meta_color":"#39385a","blog_post_text_color":"#39385a","sticky_simple_post_excerpt_length":"40","post_excerpt_length":"20","site_body_text_color":"#39385a","site_heading_text_color":"#1d1b4c","header_textcolor":"#1d1b4c","site_hover_color":"#123dbe","slider_width_controls":"boxed","hide_slider_button":false,"slider_posts_number":"3","slider_image_overlay_opacity":"4","preloader_animation":"animation_five","highlight_posts_section_title":"Featured Posts","disable_header_border":true,"sidebars_widgets":{"time":1607494125,"data":{"wp_inactive_widgets":[],"menu-sidebar":["search-2","text-2","gutener_latest_post-2","text-3"],"right-sidebar":["search-3","gutener_latest_post-4","categories-2","recent-posts-2"],"left-sidebar":[],"footer-sidebar-1":["text-4"],"footer-sidebar-2":["gutener_latest_post-3"],"footer-sidebar-3":["text-5"],"footer-sidebar-4":["categories-3"]}}}}}