{"widget_positions":{"wp_inactive_widgets":["gutener_latest_post-2","gutener_latest_post-4"],"menu-sidebar":{"0":"search-2","1":"text-2","3":"text-3"},"right-sidebar":{"0":"search-3","2":"categories-2","3":"recent-posts-2"},"left-sidebar":[],"footer-sidebar-1":["text-4"],"footer-sidebar-2":["gutener_latest_post-3"],"footer-sidebar-3":["text-5"],"footer-sidebar-4":["categories-3"],"array_version":3},"widget_options":{"gutener_latest_post":{"2":{"title":"Latest Posts","per_page":"4","show_date_comment":true,"layout":"left"},"3":{"title":"Latest Posts","per_page":"2","show_date_comment":false,"layout":"left"},"4":{"title":"Popular Posts","per_page":"5","show_date_comment":true,"layout":"left"},"_multiwidget":1},"search":{"2":{"title":""},"3":{"title":"Search"},"_multiwidget":1},"text":{"1":[],"2":{"title":"","text":"<img class=\"alignnone size-full wp-image-24\" src=\"https:\/\/demo.keonthemes.com\/gutener\/demo14\/wp-content\/uploads\/sites\/55\/2020\/12\/gutener-corporate-logo.png\" alt=\"\" width=\"180\" height=\"53\" \/>\r\n\r\nGutener is clean, creative, powerful, flexible, highly customizable and Gutenberg ready WordPress theme. It is fully responsive and is sure to make your website stand out from the crowd.","filter":true,"visual":true},"3":{"title":"Official Info:","text":"<a href=\"tel:http:\/\/+%201987%20123456\">+ 1987 123456<\/a>\r\n\r\n<a href=\"mailto:http:\/\/yourmail@email.com\">yourmail@email.com<\/a>\r\n\r\nRock Street, San Francisco, California","filter":true,"visual":true},"4":{"title":"","text":"<img class=\"alignnone size-full wp-image-70\" src=\"https:\/\/demo.keonthemes.com\/gutener\/demo14\/wp-content\/uploads\/sites\/55\/2020\/12\/gutener-corporate-logo-180-53.png\" alt=\"\" width=\"180\" height=\"53\" \/>\r\n\r\nGutener is clean, creative, powerful, flexible, highly customizable and Gutenberg ready WordPress theme. It is fully responsive and is sure to make your website stand out from the crowd.","filter":true,"visual":true},"5":{"title":"Our Office","text":"<img class=\"alignnone size-full wp-image-67\" src=\"https:\/\/demo.keonthemes.com\/gutener\/demo14\/wp-content\/uploads\/sites\/55\/2020\/12\/gutener-corporate-img34-245-144.png\" alt=\"\" width=\"245\" height=\"144\" \/>","filter":true,"visual":true},"_multiwidget":1},"categories":{"2":{"title":"","count":0,"hierarchical":0,"dropdown":0},"3":{"title":"Categories","count":1,"hierarchical":0,"dropdown":0},"_multiwidget":1},"recent-posts":{"2":{"title":"Recent Posts","number":4,"show_date":false},"_multiwidget":1}}}