{"menu":{"menu-2":16,"menu-1":15},"options":{"blogname":"Bosa Agency","blogname-child":"Bosa Agency","blogdescription":"Bosa is the perfect theme for your Business","blogdescription-child":"Bosa is the perfect theme for your Business","posts_per_page":"10","posts_per_page-child":"10","date_format":"F j, Y","date_format-child":"F j, Y","time_format":"g:i a","time_format-child":"g:i a","show_on_front":"page","show_on_front-child":"page","thumbnail_size_w":"150","thumbnail_size_w-child":"150","thumbnail_size_h":"150","thumbnail_size_h-child":"150","thumbnail_crop":"1","thumbnail_crop-child":"1","medium_size_w":"300","medium_size_w-child":"300","medium_size_h":"300","medium_size_h-child":"300","avatar_default":"mystery","avatar_default-child":"mystery","large_size_w":"1024","large_size_w-child":"1024","large_size_h":"1024","large_size_h-child":"1024","page_for_posts":"81","page_for_posts-child":"81","page_on_front":"89","page_on_front-child":"89","medium_large_size_w":"768","medium_large_size_w-child":"768","medium_large_size_h":"0","medium_large_size_h-child":"0","theme_mods_bosa":{"0":false,"custom_css_post_id":50,"header_layout":"header_two","header_image_slider":[],"social_media_links":[{"icon":"fab fa-facebook","link":"#","target":true},{"icon":"fab fa-twitter","link":"#","target":true},{"icon":"fab fa-google","link":"#","target":true},{"icon":"fab fa-linkedin","link":"#","target":true},{"icon":"fab fa-instagram","link":"#","target":true}],"main_banner_buttons":[{"text":"Read more","link":"#","type":"button-primary"}],"header_button_text":"GET QUOTE","header_button_type":"button-outline","header_button_border_radius":"50","header_button_link":"#","disable_notification_bar":true,"sidebars_widgets":{"time":1596438486,"data":{"wp_inactive_widgets":[],"menu-sidebar":["search-2","recent-posts-2","recent-comments-2"],"left-sidebar":{"1":"media_image-3","2":"calendar-3","3":"media_gallery-3"},"right-sidebar":{"1":"media_image-2","2":"calendar-2","3":"media_gallery-4"},"footer-sidebar-1":["text-2"],"footer-sidebar-2":[],"footer-sidebar-3":["tag_cloud-2"],"footer-sidebar-4":["media_gallery-2"]}},"site_primary_color":"#ff7b2f","site_hover_color":"#2c75ba","site_title_font_control":{"font-family":"Poppins","font-size":"26px","text-transform":"none","font-backup":"","variant":"regular","font-weight":400,"font-style":"normal"},"page_title_font_control":{"font-family":"Poppins","font-size":"30px","text-transform":"none","font-backup":"","variant":"600","font-weight":600,"font-style":"normal"},"section_title_font_control":{"font-family":"Poppins","font-size":"30px","text-transform":"uppercase","font-backup":"","variant":"600","font-weight":600,"font-style":"normal"},"single_post_author_title":"About The Author","related_posts_title":"Related Posts","main_slider_height":"650","slider_category":"10","slider_image_overlay_opacity":"4","hide_slider_category":true,"hide_category":false,"hide_slider_button":false,"slider_button_text":"Read more","main_slider_button_border_radius":"50","hide_slider_date":true,"hide_slider_author":true,"hide_slider_comment":true,"disable_slider_autoplay":false,"highlight_posts_height":"200","feature_posts_section_title":"Featured Posts","disable_feature_posts_section_title":false,"advanced_import_setup_complete":1600681953,"disable_main_slider":false,"general_title_font_control":{"font-family":"Poppins","text-transform":"none","font-backup":"","variant":"600","font-weight":600,"font-style":"normal"},"footer_layout":"footer_three","logo_width":"120","site_title_color":"#f2f2f2","bottom_header_text_color":"#000000","main_slider_controls":"slider","banner_title":"Discussing to enhance business","banner_subtitle":"Posuere quos reprehenderit necessitatibus occaecat temporibus sint doloribus leo, quisque integer quisque! Perspiciatis architecto, sagittis? Velit, placerat perferendis do, facilisi cupidatat officia tempora suscipit mauris.","banner_button_border_radius":"50","banner_image":"https:\/\/demo.bosathemes.com\/bosa\/agency\/wp-content\/uploads\/sites\/8\/2020\/11\/bosa-agency-blog-banner.jpg","disable_site_layout_shadow":false,"blog_post_category_color":"#ff7b2f","site_layout":"default","background_image":"","background_size":"auto","background_color":"ffffff","blog_page_title_font_control":{"font-family":"Poppins","font-size":"20px","text-transform":"none","font-backup":"","variant":"500","font-weight":500,"font-style":"normal"},"disable_site_title":true,"disable_site_tagline":true,"header_button_text_color":"#ffffff","footer_text":"Copyright \u00a9 2020<a href=\"https:\/\/demo.bosathemes.com\/bosa\/agency\" title=\"Bosa Agency \"> Bosa Agency<\/a> . ","preloader_animation":"animation_five","custom_logo":599,"top_footer_widget_link_hover_color":"#2c75ba","bottom_footer_text_link_hover_color":"#2c75ba","site_description_font_control":{"font-family":"Poppins","font-size":"14px","text-transform":"none","font-backup":"","variant":"regular","font-weight":400,"font-style":"normal"},"body_font_control":{"font-family":"Poppins","font-size":"15px","font-backup":"","variant":"regular","font-weight":400,"font-style":"normal"},"contact_phone":"+ 1987 123456","contact_email":"yourmail@email.com","contact_address":"Rock Street, San Francisco","disable_hamburger_menu_icon":false,"header_image_height":"80","header_button_background_color":"#4f53aa","highlight_posts_category":"","highlight_posts_posts_number":"5","slider_posts_number":"3","slider_button_type":"button-primary","main_slider_content_alignment":"center","footer_image":"https:\/\/demo.bosathemes.com\/bosa\/agency\/wp-content\/uploads\/sites\/8\/2020\/09\/bosatheme-pattern-bg.png","top_footer_widget_columns":"four_columns","bottom_footer_background_color":"#f8f8f8","bottom_footer_text_color":"#656565","bottom_footer_text_link_color":"#383838","bottom_header_transparent_background_color":"rgba(255,255,255,0)","header_separate_logo":538,"archive_post_layout":"list","post_excerpt_length":"10","hide_post_button":false,"post_button_text":"READ MORE","post_button_type":"button-primary","post_button_border_radius":"0","blog_post_button_background_color":"#ff7b2f","hide_author":false,"disable_feature_posts_section_description":false,"feature_posts_section_title_desc_alignment":"center","feature_posts_section_description":"Repudiandae illo in lorem nostrum augue aut at aliquet ducimus vestibulum imperdiet.","disable_latest_posts_section_title":false,"latest_posts_section_title":"From Our Blog","disable_highlight_posts_section_title":false,"highlight_posts_section_title":"You may also like","header_button_repeater":[{"header_btn_type":"button-outline","header_btn_bg_color":"#eb5a3e","header_btn_border_color":"#1a1a1a","header_btn_text_color":"#1a1a1a","header_btn_hover_color":"#086abd","header_btn_text":"","header_btn_link":"","header_btn_target":true,"header_btn_radius":0}],"transparent_header_button_repeater":[{"transparent_header_btn_type":"button-primary","transparent_header_home_btn_bg_color":"#ff7b2f","transparent_header_home_btn_border_color":"#ffffff","transparent_header_home_btn_text_color":"#ffffff","transparent_header_btn_bg_color":"#ff7b2f","transparent_header_btn_border_color":"#1a1a1a","transparent_header_btn_text_color":"#ffffff","transparent_header_btn_hover_color":"#2c75ba","transparent_header_btn_text":"get a quote","transparent_header_btn_link":"#","transparent_header_btn_target":true,"transparent_header_btn_radius":"20"}],"main_slider_button_repeater":[{"slider_btn_type":"button-primary","slider_btn_bg_color":"#ff7b2f","slider_btn_border_color":"#ffffff","slider_btn_text_color":"#ffffff","slider_btn_hover_color":"#2c75ba","slider_btn_text":"read more","slider_btn_radius":"30"}],"main_banner_buttons_repeater":[{"banner_btn_type":"button-primary","banner_btn_bg_color":"#ff7b2f","banner_btn_border_color":"#ffffff","banner_btn_text_color":"#ffffff","banner_btn_hover_color":"#2c75ba","banner_btn_text":"Read more","banner_btn_link":"#","banner_btn_target":true,"banner_btn_radius":"30"}],"blog_page_button_repeater":[{"blog_btn_type":"button-primary","blog_btn_bg_color":"#ff7b2f","blog_btn_border_color":"#1a1a1a","blog_btn_text_color":"#ffffff","blog_btn_hover_color":"#2c75ba","blog_btn_text":"read more","blog_btn_radius":"30"}],"transparent_header_top_header_color":"#f8f8f8","header_buttons_font_control":{"font-family":"Open Sans","variant":"600","font-size":"14px","text-transform":"uppercase","line-height":"1","font-backup":"","font-weight":600,"font-style":"normal"},"preloader_custom_image_width":"40","disable_mobile_search_icon":true,"footer_widget_title_font_control":{"font-family":"Poppins","variant":"600","font-size":"16px","text-transform":"uppercase","line-height":"1.4","font-backup":"","font-weight":600,"font-style":"normal"},"top_footer_widget_title_color":"#3d3d3d","top_footer_widget_link_color":"#383838","blog_post_button_font_control":{"font-family":"Open Sans","variant":"600","font-size":"14px","text-transform":"uppercase","line-height":"2","font-backup":"","font-weight":600,"font-style":"normal"},"social_icons_size":"18","footer_widget_area_top_padding":"70","highlight_posts_cat_font_control":{"font-family":"Poppins","variant":"regular","font-size":"12px","text-transform":"uppercase","line-height":"1","font-backup":"","font-weight":400,"font-style":"normal"},"top_footer_background_color":"#fcfcfc","separate_hover_color_for_main_slider":"#b4cce3","main_slider_button_font_control":{"font-family":"Open Sans","variant":"600","font-size":"15px","text-transform":"uppercase","line-height":"1.5","font-backup":"","font-weight":600,"font-style":"normal"},"disable_sticky_sidebar":false,"main_slider_excerpt_font_control":{"font-family":"Open Sans","variant":"regular","font-size":"16px","text-transform":"initial","line-height":"1.8","font-backup":"","font-weight":400,"font-style":"normal"},"main_banner_button_font_control":{"font-family":"Open Sans","variant":"600","font-size":"15px","text-transform":"uppercase","line-height":"1.5","font-backup":"","font-weight":600,"font-style":"normal"},"top_hover_color_transparent_header":"#f5ba98","content_hover_color_transparent_header":"#f5ba98","featured_post_hover_color":"#93bee5","featured_post_category_bgcolor":"#ff7b2f","feature_posts_font_control":{"font-family":"Poppins","variant":"regular","font-size":"18px","text-transform":"capitalize","line-height":"1.4","font-backup":"","font-weight":400,"font-style":"normal"},"featured_posts_cat_font_control":{"font-family":"Poppins","variant":"regular","font-size":"12px","text-transform":"uppercase","line-height":"1","font-backup":"","font-weight":400,"font-style":"normal"},"feature_posts_radius":"10","highlight_post_category_bgcolor":"#ff7b2f","highlight_posts_radius":"10","feature_posts_text_alignment":"text-center","feature_posts_height":"300","latest_posts_radius":"10","feature_posts_title_alignment":"align-center","hide_featured_posts_category":false,"hide_featured_posts_date":true,"hide_featured_posts_author":true,"hide_featured_posts_comment":true,"disable_feature_title_divider":true},"theme_mods_bosa-child":{"0":false,"custom_css_post_id":50,"header_layout":"header_two","header_image_slider":[],"social_media_links":[{"icon":"fab fa-facebook","link":"#","target":true},{"icon":"fab fa-twitter","link":"#","target":true},{"icon":"fab fa-google","link":"#","target":true},{"icon":"fab fa-linkedin","link":"#","target":true},{"icon":"fab fa-instagram","link":"#","target":true}],"main_banner_buttons":[{"text":"Read more","link":"#","type":"button-primary"}],"header_button_text":"GET QUOTE","header_button_type":"button-outline","header_button_border_radius":"50","header_button_link":"#","disable_notification_bar":true,"sidebars_widgets":{"time":1596438486,"data":{"wp_inactive_widgets":[],"menu-sidebar":["search-2","recent-posts-2","recent-comments-2"],"left-sidebar":{"1":"media_image-3","2":"calendar-3","3":"media_gallery-3"},"right-sidebar":{"1":"media_image-2","2":"calendar-2","3":"media_gallery-4"},"footer-sidebar-1":["text-2"],"footer-sidebar-2":[],"footer-sidebar-3":["tag_cloud-2"],"footer-sidebar-4":["media_gallery-2"]}},"site_primary_color":"#ff7b2f","site_hover_color":"#2c75ba","site_title_font_control":{"font-family":"Poppins","font-size":"26px","text-transform":"none","font-backup":"","variant":"regular","font-weight":400,"font-style":"normal"},"page_title_font_control":{"font-family":"Poppins","font-size":"30px","text-transform":"none","font-backup":"","variant":"600","font-weight":600,"font-style":"normal"},"section_title_font_control":{"font-family":"Poppins","font-size":"30px","text-transform":"uppercase","font-backup":"","variant":"600","font-weight":600,"font-style":"normal"},"single_post_author_title":"About The Author","related_posts_title":"Related Posts","main_slider_height":"650","slider_category":"10","slider_image_overlay_opacity":"4","hide_slider_category":true,"hide_category":false,"hide_slider_button":false,"slider_button_text":"Read more","main_slider_button_border_radius":"50","hide_slider_date":true,"hide_slider_author":true,"hide_slider_comment":true,"disable_slider_autoplay":false,"highlight_posts_height":"200","feature_posts_section_title":"Featured Posts","disable_feature_posts_section_title":false,"advanced_import_setup_complete":1600681953,"disable_main_slider":false,"general_title_font_control":{"font-family":"Poppins","text-transform":"none","font-backup":"","variant":"600","font-weight":600,"font-style":"normal"},"footer_layout":"footer_three","nav_menu_locations":{"menu-1":15,"menu-2":16},"logo_width":"120","site_title_color":"#f2f2f2","bottom_header_text_color":"#000000","main_slider_controls":"slider","banner_title":"Discussing to enhance business","banner_subtitle":"Posuere quos reprehenderit necessitatibus occaecat temporibus sint doloribus leo, quisque integer quisque! Perspiciatis architecto, sagittis? Velit, placerat perferendis do, facilisi cupidatat officia tempora suscipit mauris.","banner_button_border_radius":"50","banner_image":"https:\/\/demo.bosathemes.com\/bosa\/agency\/wp-content\/uploads\/sites\/8\/2020\/11\/bosa-agency-blog-banner.jpg","disable_site_layout_shadow":false,"blog_post_category_color":"#ff7b2f","site_layout":"default","background_image":"","background_size":"auto","background_color":"ffffff","blog_page_title_font_control":{"font-family":"Poppins","font-size":"20px","text-transform":"none","font-backup":"","variant":"500","font-weight":500,"font-style":"normal"},"disable_site_title":true,"disable_site_tagline":true,"header_button_text_color":"#ffffff","footer_text":"Copyright \u00a9 2020<a href=\"https:\/\/demo.bosathemes.com\/bosa\/agency\" title=\"Bosa Agency \"> Bosa Agency<\/a> . ","preloader_animation":"animation_five","custom_logo":599,"top_footer_widget_link_hover_color":"#2c75ba","bottom_footer_text_link_hover_color":"#2c75ba","site_description_font_control":{"font-family":"Poppins","font-size":"14px","text-transform":"none","font-backup":"","variant":"regular","font-weight":400,"font-style":"normal"},"body_font_control":{"font-family":"Poppins","font-size":"15px","font-backup":"","variant":"regular","font-weight":400,"font-style":"normal"},"contact_phone":"+ 1987 123456","contact_email":"yourmail@email.com","contact_address":"Rock Street, San Francisco","disable_hamburger_menu_icon":false,"header_image_height":"80","header_button_background_color":"#4f53aa","highlight_posts_category":"","highlight_posts_posts_number":"5","slider_posts_number":"3","slider_button_type":"button-primary","main_slider_content_alignment":"center","footer_image":"https:\/\/demo.bosathemes.com\/bosa\/agency\/wp-content\/uploads\/sites\/8\/2020\/09\/bosatheme-pattern-bg.png","top_footer_widget_columns":"four_columns","bottom_footer_background_color":"#f8f8f8","bottom_footer_text_color":"#656565","bottom_footer_text_link_color":"#383838","bottom_header_transparent_background_color":"rgba(255,255,255,0)","header_separate_logo":538,"archive_post_layout":"list","post_excerpt_length":"10","hide_post_button":false,"post_button_text":"READ MORE","post_button_type":"button-primary","post_button_border_radius":"0","blog_post_button_background_color":"#ff7b2f","hide_author":false,"disable_feature_posts_section_description":false,"feature_posts_section_title_desc_alignment":"center","feature_posts_section_description":"Repudiandae illo in lorem nostrum augue aut at aliquet ducimus vestibulum imperdiet.","disable_latest_posts_section_title":false,"latest_posts_section_title":"From Our Blog","disable_highlight_posts_section_title":false,"highlight_posts_section_title":"You may also like","header_button_repeater":[{"header_btn_type":"button-outline","header_btn_bg_color":"#eb5a3e","header_btn_border_color":"#1a1a1a","header_btn_text_color":"#1a1a1a","header_btn_hover_color":"#086abd","header_btn_text":"","header_btn_link":"","header_btn_target":true,"header_btn_radius":0}],"transparent_header_button_repeater":[{"transparent_header_btn_type":"button-primary","transparent_header_home_btn_bg_color":"#ff7b2f","transparent_header_home_btn_border_color":"#ffffff","transparent_header_home_btn_text_color":"#ffffff","transparent_header_btn_bg_color":"#ff7b2f","transparent_header_btn_border_color":"#1a1a1a","transparent_header_btn_text_color":"#ffffff","transparent_header_btn_hover_color":"#2c75ba","transparent_header_btn_text":"get a quote","transparent_header_btn_link":"#","transparent_header_btn_target":true,"transparent_header_btn_radius":"20"}],"main_slider_button_repeater":[{"slider_btn_type":"button-primary","slider_btn_bg_color":"#ff7b2f","slider_btn_border_color":"#ffffff","slider_btn_text_color":"#ffffff","slider_btn_hover_color":"#2c75ba","slider_btn_text":"read more","slider_btn_radius":"30"}],"main_banner_buttons_repeater":[{"banner_btn_type":"button-primary","banner_btn_bg_color":"#ff7b2f","banner_btn_border_color":"#ffffff","banner_btn_text_color":"#ffffff","banner_btn_hover_color":"#2c75ba","banner_btn_text":"Read more","banner_btn_link":"#","banner_btn_target":true,"banner_btn_radius":"30"}],"blog_page_button_repeater":[{"blog_btn_type":"button-primary","blog_btn_bg_color":"#ff7b2f","blog_btn_border_color":"#1a1a1a","blog_btn_text_color":"#ffffff","blog_btn_hover_color":"#2c75ba","blog_btn_text":"read more","blog_btn_radius":"30"}],"transparent_header_top_header_color":"#f8f8f8","header_buttons_font_control":{"font-family":"Open Sans","variant":"600","font-size":"14px","text-transform":"uppercase","line-height":"1","font-backup":"","font-weight":600,"font-style":"normal"},"preloader_custom_image_width":"40","disable_mobile_search_icon":true,"footer_widget_title_font_control":{"font-family":"Poppins","variant":"600","font-size":"16px","text-transform":"uppercase","line-height":"1.4","font-backup":"","font-weight":600,"font-style":"normal"},"top_footer_widget_title_color":"#3d3d3d","top_footer_widget_link_color":"#383838","blog_post_button_font_control":{"font-family":"Open Sans","variant":"600","font-size":"14px","text-transform":"uppercase","line-height":"2","font-backup":"","font-weight":600,"font-style":"normal"},"social_icons_size":"18","footer_widget_area_top_padding":"70","highlight_posts_cat_font_control":{"font-family":"Poppins","variant":"regular","font-size":"12px","text-transform":"uppercase","line-height":"1","font-backup":"","font-weight":400,"font-style":"normal"},"top_footer_background_color":"#fcfcfc","separate_hover_color_for_main_slider":"#b4cce3","main_slider_button_font_control":{"font-family":"Open Sans","variant":"600","font-size":"15px","text-transform":"uppercase","line-height":"1.5","font-backup":"","font-weight":600,"font-style":"normal"},"disable_sticky_sidebar":false,"main_slider_excerpt_font_control":{"font-family":"Open Sans","variant":"regular","font-size":"16px","text-transform":"initial","line-height":"1.8","font-backup":"","font-weight":400,"font-style":"normal"},"main_banner_button_font_control":{"font-family":"Open Sans","variant":"600","font-size":"15px","text-transform":"uppercase","line-height":"1.5","font-backup":"","font-weight":600,"font-style":"normal"},"top_hover_color_transparent_header":"#f5ba98","content_hover_color_transparent_header":"#f5ba98","featured_post_hover_color":"#93bee5","featured_post_category_bgcolor":"#ff7b2f","feature_posts_font_control":{"font-family":"Poppins","variant":"regular","font-size":"18px","text-transform":"capitalize","line-height":"1.4","font-backup":"","font-weight":400,"font-style":"normal"},"featured_posts_cat_font_control":{"font-family":"Poppins","variant":"regular","font-size":"12px","text-transform":"uppercase","line-height":"1","font-backup":"","font-weight":400,"font-style":"normal"},"feature_posts_radius":"10","highlight_post_category_bgcolor":"#ff7b2f","highlight_posts_radius":"10","feature_posts_text_alignment":"text-center","feature_posts_height":"300","latest_posts_radius":"10","feature_posts_title_alignment":"align-center","hide_featured_posts_category":false,"hide_featured_posts_date":true,"hide_featured_posts_author":true,"hide_featured_posts_comment":true,"disable_feature_title_divider":true},"woocommerce_shop_page_id":"276","woocommerce_shop_page_id-child":"276"}}