{"widget_positions":{"wp_inactive_widgets":["recent-posts-2","recent-comments-2","archives-2","meta-2","categories-2"],"right-sidebar":["bosa_author_widget-3","bosa_latest_post-4","media_gallery-5"],"menu-sidebar":["search-2","bosa_latest_post-3"],"left-sidebar":[],"woocommerce-right-sidebar":["woocommerce_product_search-2","woocommerce_price_filter-2","woocommerce_products-2","media_gallery-6"],"woocommerce-left-sidebar":[],"footer-sidebar-1":["text-2"],"footer-sidebar-2":["bosa_latest_post-2"],"footer-sidebar-3":["media_image-5"],"footer-sidebar-4":["tag_cloud-2"],"array_version":3},"widget_options":{"recent-posts":{"2":{"title":"","number":5},"_multiwidget":1},"recent-comments":{"2":{"title":"","number":5},"_multiwidget":1},"archives":{"2":{"title":"","count":0,"dropdown":0},"_multiwidget":1},"meta":{"2":{"title":""},"_multiwidget":1},"categories":{"2":{"title":"","count":0,"hierarchical":0,"dropdown":0},"_multiwidget":1},"bosa_author_widget":{"3":{"title":"About our director","page_id":77,"full-square-thumb":false,"page_title":true,"excerpt_count":"20","sub_title":"Director","social_title":null,"social_desc":null,"social_menu_icon_1":"fab fa-facebook","social_menu_link_1":"#","social_menu_icon_2":"fab fa-twitter","social_menu_link_2":"#","social_menu_icon_3":"fab fa-instagram","social_menu_link_3":"#","social_menu_icon_4":"","social_menu_link_4":"","social_menu_icon_5":"","social_menu_link_5":"","social_menu_icon_6":"","social_menu_link_6":"","social_menu_icon_7":"","social_menu_link_7":"","social_menu_icon_8":"","social_menu_link_8":"","social_menu_icon_9":"","social_menu_link_9":""},"_multiwidget":1},"bosa_latest_post":{"2":{"title":"Latest posts","per_page":"2","show_date_comment":false,"layout":"left"},"3":{"title":"Recent posts","per_page":"3","show_date_comment":true,"layout":"left"},"4":{"title":"Latest post","per_page":"4","show_date_comment":true,"layout":"left"},"_multiwidget":1},"media_gallery":{"5":{"title":"Gallery","ids":[171,172,175,176,159,160],"columns":3,"size":"thumbnail","link_type":"post","orderby_random":false},"6":{"title":"Gallery","ids":[291,290,289,288,287,286],"columns":3,"size":"thumbnail","link_type":"post","orderby_random":false},"_multiwidget":1},"search":{"2":{"title":""},"_multiwidget":1},"woocommerce_product_search":{"2":{"title":"Product Search"},"_multiwidget":1},"woocommerce_price_filter":{"2":{"title":"Filter by price"},"_multiwidget":1},"woocommerce_products":{"2":{"title":"Products","number":4,"show":"","orderby":"date","order":"desc","hide_free":0,"show_hidden":0},"_multiwidget":1},"text":{"1":[],"2":{"title":"","text":"<img class=\"alignnone size-full wp-image-602\" src=\"https:\/\/demo.bosathemes.com\/bosa\/agency\/wp-content\/uploads\/sites\/8\/2020\/11\/bosa-agency-logo99.png\" alt=\"\" width=\"110\" height=\"40\" \/>\r\n\r\nBosa is clean, responsive, multipurpose, Gutenberg and Elementor ready WordPress theme. It is flexible to use as a foundation to build versatile sites. Compatibility for WordPress Classic editor, WooCommerce and Gutenburg makes easier handling of the site.","filter":true,"visual":true},"_multiwidget":1},"media_image":{"5":{"size":"full","width":240,"height":182,"caption":"","alt":"","link_type":"custom","link_url":"https:\/\/bosathemes.com\/pricing","image_classes":"","link_classes":"","link_rel":"","link_target_blank":false,"image_title":"","attachment_id":572,"url":"https:\/\/demo.bosathemes.com\/bosa\/agency\/wp-content\/uploads\/sites\/8\/2020\/11\/bosa-agency-adsbanner.png","title":"Advertisement"},"_multiwidget":1},"tag_cloud":{"2":{"title":"Post tags","count":0,"taxonomy":"post_tag"},"_multiwidget":1}}}