{"menu":{"menu-2":22,"menu-1":19},"options":{"blogname":"Bosa Construction","blogname-child":"Bosa Construction","blogdescription":"Bosa is the perfect theme for your Business","blogdescription-child":"Bosa is the perfect theme for your Business","posts_per_page":"10","posts_per_page-child":"10","date_format":"F j, Y","date_format-child":"F j, Y","time_format":"g:i a","time_format-child":"g:i a","show_on_front":"page","show_on_front-child":"page","thumbnail_size_w":"150","thumbnail_size_w-child":"150","thumbnail_size_h":"150","thumbnail_size_h-child":"150","thumbnail_crop":"1","thumbnail_crop-child":"1","medium_size_w":"300","medium_size_w-child":"300","medium_size_h":"300","medium_size_h-child":"300","avatar_default":"mystery","avatar_default-child":"mystery","large_size_w":"1024","large_size_w-child":"1024","large_size_h":"1024","large_size_h-child":"1024","page_for_posts":"19","page_for_posts-child":"19","page_on_front":"10","page_on_front-child":"10","medium_large_size_w":"768","medium_large_size_w-child":"768","medium_large_size_h":"0","medium_large_size_h-child":"0","theme_mods_bosa-pro":{"0":false,"custom_css_post_id":57,"header_button_repeater":[{"header_btn_type":"button-outline","header_btn_bg_color":"#fd5d14","header_btn_border_color":"#ffffff","header_btn_text_color":"#ffffff","header_btn_hover_color":"#d34f13","header_btn_text":"hire now!!","header_btn_link":"#","header_btn_target":true,"header_btn_radius":0}],"header_image_slider":[{"slider_item":""}],"notification_button_repeater":[{"noti_btn_type":"button-primary","noti_btn_bg_color":"#fd5d14","noti_btn_border_color":"#ffffff","noti_btn_text_color":"#ffffff","noti_btn_hover_color":"#d34f13","noti_btn_text":"View More","noti_btn_link":"#","noti_btn_target":true,"noti_btn_radius":0}],"social_media_links":[{"icon":"fab fa-facebook","link":"#","target":true},{"icon":"fab fa-twitter","link":"#","target":true},{"icon":"fab fa-instagram","link":"#","target":true},{"icon":"fab fa-google","link":"#","target":true},{"icon":"fab fa-youtube","link":"#","target":true}],"main_slider_button_repeater":[{"slider_btn_type":"button-primary","slider_btn_bg_color":"#fd5d14","slider_btn_border_color":"#ffffff","slider_btn_text_color":"#ffffff","slider_btn_hover_color":"#d34f13","slider_btn_text":"Learn More","slider_btn_radius":0}],"main_banner_buttons_repeater":[{"banner_btn_type":"button-primary","banner_btn_bg_color":"#fd5d14","banner_btn_border_color":"#ffffff","banner_btn_text_color":"#ffffff","banner_btn_hover_color":"#d34f13","banner_btn_text":"Learn More","banner_btn_link":"#","banner_btn_target":true,"banner_btn_radius":0}],"blog_page_button_repeater":[{"blog_btn_type":"button-primary","blog_btn_bg_color":"#fd5d14","blog_btn_border_color":"#1a1a1a","blog_btn_text_color":"#ffffff","blog_btn_hover_color":"#d34f13","blog_btn_text":"View More","blog_btn_radius":0}],"coming_maintenance_buttons":[{"maintenance_btn_type":"button-primary","maintenance_btn_bg_color":"#fd5d14","maintenance_btn_border_color":"#ffffff","maintenance_btn_text_color":"#ffffff","maintenance_btn_hover_color":"#d34f13","maintenance_btn_text":"learn more","maintenance_btn_link":"#","maintenance_btn_target":true,"maintenance_btn_radius":0}],"coming_maintenance_image_slider":[],"footer_text":"Copyright \u00a9 2021<a href=\"https:\/\/demo.bosathemes.com\/bosa\/construction\" title=\"Bosa Construction \"> Bosa Construction<\/a> .  Theme: <a href=\"https:\/\/bosathemes.com\/\" target=\"_blank\" title=\"Bosa\" rel=\"author\">Bosa<\/a> By KeonThemes.","logo_width":"190","header_layout":"header_four","bottom_header_background_color":"#fd5d14","bottom_header_text_color":"#ffffff","bottom_header_text_link_hover_color":"#d34f13","disable_contact_detail":false,"header_icon_color":"#fd5d14","header_image_height":"170","disable_notification_bar":true,"main_menu_font_control":{"font-family":"Montserrat","font-size":"15px","text-transform":"uppercase","variant":"700","line-height":"1.5","font-backup":"","font-weight":700,"font-style":"normal"},"body_font_control":{"font-family":"Poppins","variant":"regular","font-size":"15px","font-backup":"","font-weight":400,"font-style":"normal"},"general_title_font_control":{"font-family":"Montserrat","variant":"600","text-transform":"uppercase","font-backup":"","font-weight":600,"font-style":"normal"},"page_title_font_control":{"font-family":"Montserrat","variant":"700","font-size":"30px","text-transform":"uppercase","font-backup":"","font-weight":700,"font-style":"normal"},"section_title_font_control":{"font-family":"Montserrat","variant":"700","font-size":"26px","text-transform":"uppercase","font-backup":"","font-weight":700,"font-style":"normal"},"sidebar_widget_title_font_control":{"font-family":"Montserrat","variant":"600","font-size":"15px","text-transform":"uppercase","line-height":"1.4","font-backup":"","font-weight":600,"font-style":"normal"},"top_footer_background_color":"#191305","bottom_footer_background_color":"#110d04","top_footer_widget_title_color":"#d9d8d8","top_footer_widget_content_color":"#bebebe","footer_widget_title_font_control":{"font-family":"Montserrat","variant":"700","font-size":"16px","text-transform":"uppercase","line-height":"1.4","font-backup":"","font-weight":700,"font-style":"normal"},"top_footer_widget_link_color":"#ffffff","top_footer_widget_link_hover_color":"#d34f13","footer_style_font_control":{"font-family":"Montserrat","variant":"700","font-size":"14px","text-transform":"uppercase","line-height":"1.6","font-backup":"","font-weight":700,"font-style":"normal"},"bottom_footer_text_color":"#c1c1c1","bottom_footer_text_link_color":"#fd5d14","bottom_footer_image_width":"270","bottom_footer_text_link_hover_color":"#ae400e","footer_layout":"footer_five","main_slider_height":"650","separate_hover_color_for_main_slider":"#d34f13","hide_slider_category":true,"main_slider_title_font_control":{"font-family":"Montserrat","variant":"800","font-size":"55px","text-transform":"uppercase","line-height":"1.4","font-backup":"","font-weight":800,"font-style":"normal"},"hide_slider_date":true,"hide_slider_author":true,"hide_slider_comment":true,"main_slider_excerpt_font_control":{"font-family":"Poppins","variant":"regular","font-size":"16px","text-transform":"none","line-height":"1.8","font-backup":"","font-weight":400,"font-style":"normal"},"main_slider_button_font_control":{"font-family":"Poppins","variant":"600","font-size":"16px","text-transform":"uppercase","line-height":"1.8","font-backup":"","font-weight":600,"font-style":"normal"},"disable_feature_posts_section_title":false,"disable_feature_posts_section_description":true,"feature_posts_section_description":"Nibh porro etiam? Venenatis consectetur! Quo praesentium fuga? Erat harum incidunt. Corrupti, pariatur corporis cursus.","feature_posts_section_title_desc_alignment":"left","feature_posts_posts_number":"3","feature_posts_height":"300","feature_posts_font_control":{"font-family":"Montserrat","variant":"700","font-size":"18px","text-transform":"uppercase","line-height":"1.4","font-backup":"","font-weight":700,"font-style":"normal"},"disable_feature_title_divider":true,"highlight_posts_cat_font_control":{"font-family":"Poppins","variant":"500","font-size":"12px","text-transform":"uppercase","line-height":"1","font-backup":"","font-weight":500,"font-style":"normal"},"highlight_posts_title_font_control":{"font-family":"Montserrat","variant":"600","font-size":"18px","text-transform":"uppercase","line-height":"1.4","font-backup":"","font-weight":600,"font-style":"normal"},"highlight_posts_meta_font_control":{"font-family":"Montserrat","variant":"500","font-size":"12px","text-transform":"uppercase","line-height":"1.6","font-backup":"","font-weight":500,"font-style":"normal"},"blog_post_title_color":"#030f27","blog_post_category_color":"#fd5d14","blog_post_title_font_control":{"font-family":"Montserrat","variant":"700","font-size":"22px","text-transform":"uppercase","line-height":"1.4","font-backup":"","font-weight":700,"font-style":"normal"},"blog_post_cat_font_control":{"font-family":"Poppins","variant":"500","font-size":"13px","text-transform":"uppercase","line-height":"1.6","font-backup":"","font-weight":500,"font-style":"normal"},"blog_post_meta_font_control":{"font-family":"Montserrat","variant":"500","font-size":"13px","text-transform":"uppercase","line-height":"1.6","font-backup":"","font-weight":500,"font-style":"normal"},"blog_post_excerpt_font_control":{"font-family":"Poppins","variant":"regular","font-size":"15px","text-transform":"initial","line-height":"1.5","font-backup":"","font-weight":400,"font-style":"normal"},"archive_post_layout":"list-zigzag","disable_hamburger_menu_icon":true,"slider_image_overlay_opacity":"6","site_primary_color":"#fd5d14","site_hover_color":"#d34f13","disable_site_title":true,"disable_site_tagline":true,"disable_footer_widget_title_border":false,"disable_footer_social_links":true,"disable_mid_header_border":true,"header_nav_height":"60","transparent_header_button_repeater":[{"transparent_header_btn_type":"button-outline","transparent_header_home_btn_bg_color":"#eb5a3e","transparent_header_home_btn_border_color":"#ffffff","transparent_header_home_btn_text_color":"#ffffff","transparent_header_btn_bg_color":"#eb5a3e","transparent_header_btn_border_color":"#1a1a1a","transparent_header_btn_text_color":"#1a1a1a","transparent_header_btn_hover_color":"#086abd","transparent_header_btn_text":"Get a Quote","transparent_header_btn_link":"#","transparent_header_btn_target":true,"transparent_header_btn_radius":0}],"footer_widget_area_top_padding":"90","mid_header_text_link_hover_color":"#b3600e","disable_top_header_border":true,"top_header_background_color":"rgba(253,93,20,0)","top_header_text_color":"#000000","top_header_text_link_hover_color":"#d34f13","header_buttons_font_control":{"font-family":"Montserrat","variant":"600","font-size":"14px","text-transform":"uppercase","line-height":"1","font-backup":"","font-weight":600,"font-style":"normal"},"mid_header_background_color":"#030f27","header_phone_label":"Phone Number","header_email_label":"Email Address","header_address_label":"Address Location","contact_label_font_control":{"font-family":"Montserrat","variant":"600","font-size":"14px","text-transform":"uppercase","line-height":"1.6","font-backup":"","font-weight":600,"font-style":"normal"},"disable_search_icon":true,"disable_header_social_links":true,"disable_mobile_top_header_border":false,"disable_mobile_mid_header_border":false,"disable_secondary_menu":true,"disable_mobile_contact_details":true,"mid_header_text_color":"#f7f7f7","footer_widget_area_bottom_padding":"60","header_menu_bg_color":"#ffffff","header_menu_active_color":"#030f27","contact_phone":"(+984) 256 897 22","contact_email":"yourname@company.com","contact_address":"Rock Street, San Francisco","disable_mobile_header_buttons":true,"post_excerpt_length":"10","disable_top_header_section":true,"social_icons_size":"18","disable_sticky_sidebar":false,"notification_bar_background_color":"#fd5d14","main_slider_controls":"slider","hide_post_button":true,"preloader_animation":"animation_eight","preloader_custom_image_width":"40","custom_logo":423,"feature_posts_section_title_font_control":{"font-family":"Montserrat","variant":"700","font-size":"30px","text-transform":"uppercase","line-height":"1.2","font-backup":"","font-weight":700,"font-style":"normal"},"featured_post_category_bgcolor":"#fd5d14","featured_post_hover_color":"#e88658","hide_featured_posts_category":true,"featured_posts_cat_font_control":{"font-family":"Poppins","variant":"regular","font-size":"13px","text-transform":"uppercase","line-height":"1","font-backup":"","font-weight":400,"font-style":"normal"},"highlight_posts_section_title_font_control":{"font-family":"Montserrat","variant":"700","font-size":"30px","text-transform":"uppercase","line-height":"1.2","font-backup":"","font-weight":700,"font-style":"normal"},"highlight_post_category_bgcolor":"#fd5d14","highlight_post_hover_color":"#d34f13"},"theme_mods_bosa-pro-child":{"0":false,"nav_menu_locations":{"menu-1":19,"menu-2":22,"menu-3":0},"custom_css_post_id":57,"header_button_repeater":[{"header_btn_type":"button-outline","header_btn_bg_color":"#fd5d14","header_btn_border_color":"#ffffff","header_btn_text_color":"#ffffff","header_btn_hover_color":"#d34f13","header_btn_text":"hire now!!","header_btn_link":"#","header_btn_target":true,"header_btn_radius":0}],"header_image_slider":[{"slider_item":""}],"notification_button_repeater":[{"noti_btn_type":"button-primary","noti_btn_bg_color":"#fd5d14","noti_btn_border_color":"#ffffff","noti_btn_text_color":"#ffffff","noti_btn_hover_color":"#d34f13","noti_btn_text":"View More","noti_btn_link":"#","noti_btn_target":true,"noti_btn_radius":0}],"social_media_links":[{"icon":"fab fa-facebook","link":"#","target":true},{"icon":"fab fa-twitter","link":"#","target":true},{"icon":"fab fa-instagram","link":"#","target":true},{"icon":"fab fa-google","link":"#","target":true},{"icon":"fab fa-youtube","link":"#","target":true}],"main_slider_button_repeater":[{"slider_btn_type":"button-primary","slider_btn_bg_color":"#fd5d14","slider_btn_border_color":"#ffffff","slider_btn_text_color":"#ffffff","slider_btn_hover_color":"#d34f13","slider_btn_text":"Learn More","slider_btn_radius":0}],"main_banner_buttons_repeater":[{"banner_btn_type":"button-primary","banner_btn_bg_color":"#fd5d14","banner_btn_border_color":"#ffffff","banner_btn_text_color":"#ffffff","banner_btn_hover_color":"#d34f13","banner_btn_text":"Learn More","banner_btn_link":"#","banner_btn_target":true,"banner_btn_radius":0}],"blog_page_button_repeater":[{"blog_btn_type":"button-primary","blog_btn_bg_color":"#fd5d14","blog_btn_border_color":"#1a1a1a","blog_btn_text_color":"#ffffff","blog_btn_hover_color":"#d34f13","blog_btn_text":"View More","blog_btn_radius":0}],"coming_maintenance_buttons":[{"maintenance_btn_type":"button-primary","maintenance_btn_bg_color":"#fd5d14","maintenance_btn_border_color":"#ffffff","maintenance_btn_text_color":"#ffffff","maintenance_btn_hover_color":"#d34f13","maintenance_btn_text":"learn more","maintenance_btn_link":"#","maintenance_btn_target":true,"maintenance_btn_radius":0}],"coming_maintenance_image_slider":[],"footer_text":"Copyright \u00a9 2021<a href=\"https:\/\/demo.bosathemes.com\/bosa\/construction\" title=\"Bosa Construction \"> Bosa Construction<\/a> .  Theme: <a href=\"https:\/\/bosathemes.com\/\" target=\"_blank\" title=\"Bosa\" rel=\"author\">Bosa<\/a> By KeonThemes.","logo_width":"190","header_layout":"header_four","bottom_header_background_color":"#fd5d14","bottom_header_text_color":"#ffffff","bottom_header_text_link_hover_color":"#d34f13","disable_contact_detail":false,"header_icon_color":"#fd5d14","header_image_height":"170","disable_notification_bar":true,"main_menu_font_control":{"font-family":"Montserrat","font-size":"15px","text-transform":"uppercase","variant":"700","line-height":"1.5","font-backup":"","font-weight":700,"font-style":"normal"},"body_font_control":{"font-family":"Poppins","variant":"regular","font-size":"15px","font-backup":"","font-weight":400,"font-style":"normal"},"general_title_font_control":{"font-family":"Montserrat","variant":"600","text-transform":"uppercase","font-backup":"","font-weight":600,"font-style":"normal"},"page_title_font_control":{"font-family":"Montserrat","variant":"700","font-size":"30px","text-transform":"uppercase","font-backup":"","font-weight":700,"font-style":"normal"},"section_title_font_control":{"font-family":"Montserrat","variant":"700","font-size":"26px","text-transform":"uppercase","font-backup":"","font-weight":700,"font-style":"normal"},"sidebar_widget_title_font_control":{"font-family":"Montserrat","variant":"600","font-size":"15px","text-transform":"uppercase","line-height":"1.4","font-backup":"","font-weight":600,"font-style":"normal"},"top_footer_background_color":"#191305","bottom_footer_background_color":"#110d04","top_footer_widget_title_color":"#d9d8d8","top_footer_widget_content_color":"#bebebe","footer_widget_title_font_control":{"font-family":"Montserrat","variant":"700","font-size":"16px","text-transform":"uppercase","line-height":"1.4","font-backup":"","font-weight":700,"font-style":"normal"},"top_footer_widget_link_color":"#ffffff","top_footer_widget_link_hover_color":"#d34f13","footer_style_font_control":{"font-family":"Montserrat","variant":"700","font-size":"14px","text-transform":"uppercase","line-height":"1.6","font-backup":"","font-weight":700,"font-style":"normal"},"bottom_footer_text_color":"#c1c1c1","bottom_footer_text_link_color":"#fd5d14","bottom_footer_image_width":"270","bottom_footer_text_link_hover_color":"#ae400e","footer_layout":"footer_five","main_slider_height":"650","separate_hover_color_for_main_slider":"#d34f13","hide_slider_category":true,"main_slider_title_font_control":{"font-family":"Montserrat","variant":"800","font-size":"55px","text-transform":"uppercase","line-height":"1.4","font-backup":"","font-weight":800,"font-style":"normal"},"hide_slider_date":true,"hide_slider_author":true,"hide_slider_comment":true,"main_slider_excerpt_font_control":{"font-family":"Poppins","variant":"regular","font-size":"16px","text-transform":"none","line-height":"1.8","font-backup":"","font-weight":400,"font-style":"normal"},"main_slider_button_font_control":{"font-family":"Poppins","variant":"600","font-size":"16px","text-transform":"uppercase","line-height":"1.8","font-backup":"","font-weight":600,"font-style":"normal"},"disable_feature_posts_section_title":false,"disable_feature_posts_section_description":true,"feature_posts_section_description":"Nibh porro etiam? Venenatis consectetur! Quo praesentium fuga? Erat harum incidunt. Corrupti, pariatur corporis cursus.","feature_posts_section_title_desc_alignment":"left","feature_posts_posts_number":"3","feature_posts_height":"300","feature_posts_font_control":{"font-family":"Montserrat","variant":"700","font-size":"18px","text-transform":"uppercase","line-height":"1.4","font-backup":"","font-weight":700,"font-style":"normal"},"disable_feature_title_divider":true,"highlight_posts_cat_font_control":{"font-family":"Poppins","variant":"500","font-size":"12px","text-transform":"uppercase","line-height":"1","font-backup":"","font-weight":500,"font-style":"normal"},"highlight_posts_title_font_control":{"font-family":"Montserrat","variant":"600","font-size":"18px","text-transform":"uppercase","line-height":"1.4","font-backup":"","font-weight":600,"font-style":"normal"},"highlight_posts_meta_font_control":{"font-family":"Montserrat","variant":"500","font-size":"12px","text-transform":"uppercase","line-height":"1.6","font-backup":"","font-weight":500,"font-style":"normal"},"blog_post_title_color":"#030f27","blog_post_category_color":"#fd5d14","blog_post_title_font_control":{"font-family":"Montserrat","variant":"700","font-size":"22px","text-transform":"uppercase","line-height":"1.4","font-backup":"","font-weight":700,"font-style":"normal"},"blog_post_cat_font_control":{"font-family":"Poppins","variant":"500","font-size":"13px","text-transform":"uppercase","line-height":"1.6","font-backup":"","font-weight":500,"font-style":"normal"},"blog_post_meta_font_control":{"font-family":"Montserrat","variant":"500","font-size":"13px","text-transform":"uppercase","line-height":"1.6","font-backup":"","font-weight":500,"font-style":"normal"},"blog_post_excerpt_font_control":{"font-family":"Poppins","variant":"regular","font-size":"15px","text-transform":"initial","line-height":"1.5","font-backup":"","font-weight":400,"font-style":"normal"},"archive_post_layout":"list-zigzag","disable_hamburger_menu_icon":true,"slider_image_overlay_opacity":"6","site_primary_color":"#fd5d14","site_hover_color":"#d34f13","disable_site_title":true,"disable_site_tagline":true,"disable_footer_widget_title_border":false,"disable_footer_social_links":true,"disable_mid_header_border":true,"header_nav_height":"60","transparent_header_button_repeater":[{"transparent_header_btn_type":"button-outline","transparent_header_home_btn_bg_color":"#eb5a3e","transparent_header_home_btn_border_color":"#ffffff","transparent_header_home_btn_text_color":"#ffffff","transparent_header_btn_bg_color":"#eb5a3e","transparent_header_btn_border_color":"#1a1a1a","transparent_header_btn_text_color":"#1a1a1a","transparent_header_btn_hover_color":"#086abd","transparent_header_btn_text":"Get a Quote","transparent_header_btn_link":"#","transparent_header_btn_target":true,"transparent_header_btn_radius":0}],"footer_widget_area_top_padding":"90","mid_header_text_link_hover_color":"#b3600e","disable_top_header_border":true,"top_header_background_color":"rgba(253,93,20,0)","top_header_text_color":"#000000","top_header_text_link_hover_color":"#d34f13","header_buttons_font_control":{"font-family":"Montserrat","variant":"600","font-size":"14px","text-transform":"uppercase","line-height":"1","font-backup":"","font-weight":600,"font-style":"normal"},"mid_header_background_color":"#030f27","header_phone_label":"Phone Number","header_email_label":"Email Address","header_address_label":"Address Location","contact_label_font_control":{"font-family":"Montserrat","variant":"600","font-size":"14px","text-transform":"uppercase","line-height":"1.6","font-backup":"","font-weight":600,"font-style":"normal"},"disable_search_icon":true,"disable_header_social_links":true,"disable_mobile_top_header_border":false,"disable_mobile_mid_header_border":false,"disable_secondary_menu":true,"disable_mobile_contact_details":true,"mid_header_text_color":"#f7f7f7","footer_widget_area_bottom_padding":"60","header_menu_bg_color":"#ffffff","header_menu_active_color":"#030f27","contact_phone":"(+984) 256 897 22","contact_email":"yourname@company.com","contact_address":"Rock Street, San Francisco","disable_mobile_header_buttons":true,"post_excerpt_length":"10","disable_top_header_section":true,"social_icons_size":"18","disable_sticky_sidebar":false,"notification_bar_background_color":"#fd5d14","main_slider_controls":"slider","hide_post_button":true,"preloader_animation":"animation_eight","preloader_custom_image_width":"40","custom_logo":423,"feature_posts_section_title_font_control":{"font-family":"Montserrat","variant":"700","font-size":"30px","text-transform":"uppercase","line-height":"1.2","font-backup":"","font-weight":700,"font-style":"normal"},"featured_post_category_bgcolor":"#fd5d14","featured_post_hover_color":"#e88658","hide_featured_posts_category":true,"featured_posts_cat_font_control":{"font-family":"Poppins","variant":"regular","font-size":"13px","text-transform":"uppercase","line-height":"1","font-backup":"","font-weight":400,"font-style":"normal"},"highlight_posts_section_title_font_control":{"font-family":"Montserrat","variant":"700","font-size":"30px","text-transform":"uppercase","line-height":"1.2","font-backup":"","font-weight":700,"font-style":"normal"},"highlight_post_category_bgcolor":"#fd5d14","highlight_post_hover_color":"#d34f13"},"woocommerce_shop_page_id":"6","woocommerce_shop_page_id-child":"6"}}