{"widget_positions":{"wp_inactive_widgets":[],"menu-sidebar":["search-2","bosa_pro_latest_post-3"],"right-sidebar":["calendar-2","bosa_pro_latest_post-2","media_gallery-2","categories-4"],"left-sidebar":[],"woocommerce-right-sidebar":["woocommerce_product_search-2","woocommerce_price_filter-2","woocommerce_products-2","media_gallery-3"],"woocommerce-left-sidebar":[],"footer-sidebar-1":["text-3"],"footer-sidebar-2":["bosa_pro_latest_post-4"],"footer-sidebar-3":["text-4"],"footer-sidebar-4":["tag_cloud-3"],"array_version":3},"widget_options":{"search":{"2":{"title":"Search"},"_multiwidget":1},"bosa_pro_latest_post":{"2":{"title":"Latest Posts","per_page":"2","show_date_comment":false,"layout":"full"},"3":{"title":"Recent Posts","per_page":"3","show_date_comment":true,"layout":"left"},"4":{"title":"Latest Posts","per_page":"2","show_date_comment":false,"layout":"left"},"_multiwidget":1},"calendar":{"2":{"title":"Calender"},"_multiwidget":1},"media_gallery":{"2":{"title":"Gallery","ids":[99,112,127,128,87,86],"columns":3,"size":"thumbnail","link_type":"post","orderby_random":false},"3":{"title":"Gallery","ids":[227,226,225,224,223,222],"columns":3,"size":"thumbnail","link_type":"post","orderby_random":false},"_multiwidget":1},"categories":{"4":{"title":"Categories","count":1,"hierarchical":0,"dropdown":0},"_multiwidget":1},"woocommerce_product_search":{"2":{"title":"Search"},"_multiwidget":1},"woocommerce_price_filter":{"2":{"title":"Filter by price"},"_multiwidget":1},"woocommerce_products":{"2":{"title":"Products","number":5,"show":"","orderby":"date","order":"desc","hide_free":0,"show_hidden":0},"_multiwidget":1},"text":{"1":[],"3":{"title":"","text":"<img class=\"alignnone size-full wp-image-423\" src=\"https:\/\/demo.bosathemes.com\/bosa\/construction\/wp-content\/uploads\/sites\/22\/2021\/02\/bosa-construction-logo-white.png\" alt=\"\" width=\"190\" height=\"57\" \/>\r\n\r\nPenatibus aperiam occaecati semper, odio. Labore, massa a sunt enim facere excepteur tempos.\r\n\r\nMon - Sat 8:00 - 17:30,\r\nSunday - CLOSED","filter":true,"visual":true},"4":{"title":"Our location","text":"<span class=\"mkdf-icon-text \">ADDRESS: 7300-7398 Colonial Rd, Brooklyn, NY 11209<\/span>\r\n\r\nPHONE: <a class=\"mkdf-icon-widget-holder mkdf-icon-has-hover\" href=\"tel:+12312345678901\" target=\"_self\" data-hover-color=\"#f86b24\"><span class=\"mkdf-icon-text \">+ (123) 1234-567-8901<\/span><\/a>\r\n\r\nMOBILE: <a class=\"mkdf-icon-widget-holder mkdf-icon-has-hover\" href=\"tel:+12312345678902\" target=\"_self\" data-hover-color=\"#f86b24\"><span class=\"mkdf-icon-text mkdf-no-icon\">+ (123) 1234-567-8902<\/span><\/a>\r\n<div class=\"mkdf-column-content mkdf-grid-col-3\">EMAIL: <a href=\"#\">yourname@example.com<\/a><\/div>","filter":true,"visual":true},"_multiwidget":1},"tag_cloud":{"3":{"title":"Post Tags","count":0,"taxonomy":"post_tag"},"_multiwidget":1}}}