{"menu":{"menu-2":6,"menu-1":7},"options":{"blogname":"Blog 1","blogname-child":"Blog 1","blogdescription":"Blogging should be fun!","blogdescription-child":"Blogging should be fun!","posts_per_page":"10","posts_per_page-child":"10","date_format":"F j, Y","date_format-child":"F j, Y","time_format":"g:i a","time_format-child":"g:i a","show_on_front":"posts","show_on_front-child":"posts","thumbnail_size_w":"150","thumbnail_size_w-child":"150","thumbnail_size_h":"150","thumbnail_size_h-child":"150","thumbnail_crop":"1","thumbnail_crop-child":"1","medium_size_w":"300","medium_size_w-child":"300","medium_size_h":"300","medium_size_h-child":"300","avatar_default":"mystery","avatar_default-child":"mystery","large_size_w":"1024","large_size_w-child":"1024","large_size_h":"1024","large_size_h-child":"1024","page_for_posts":"0","page_for_posts-child":"0","page_on_front":"0","page_on_front-child":"0","medium_large_size_w":"768","medium_large_size_w-child":"768","medium_large_size_h":"0","medium_large_size_h-child":"0","theme_mods_gutener-pro":{"0":false,"sidebars_widgets":{"time":1589271710,"data":{"wp_inactive_widgets":[],"menu-sidebar":["search-2","recent-posts-2","recent-comments-2"],"left-sidebar":["archives-2","categories-2","meta-2"],"right-sidebar":[],"footer-sidebar-1":[],"footer-sidebar-2":[],"footer-sidebar-3":[],"footer-sidebar-4":[]}},"custom_css_post_id":-1,"header_media_options":"slider","header_image_slider":[],"social_media_links":[{"icon":"fab fa-facebook-f","link":"facebook.com"},{"icon":"fab fa-twitter","link":"twitter.com"},{"icon":"fab fa-instagram","link":"instagram.com"},{"icon":"fab fa-linkedin","link":"linkedin.com"},{"icon":"fab fa-youtube","link":"youtube.com"}],"main_banner_buttons":[{"text":"Button Text","link":"#","type":"button-outline"}],"coming_maintenance_buttons":[{"text":"Button Text","link":"#","type":"button-outline"}],"coming_maintenance_image_slider":[],"header_image_height":"220","disable_main_slider":false,"main_slider_height":"550","header_video_upload":"","header_layout":"header_one","top_header_nine_background_color":"rgba(249,160,50,0.25)","site_title_color":"#101010","site_tagline_color":"#767676","highlight_posts_columns":"three_columns","highlight_posts_posts_number":"3","highlight_posts_height":"320","highlight_posts_category":"4","site_layout":"default","background_image":"","disable_footer_social_links":false,"disable_instagram":false,"enable_instagram_homepage":true,"insta_shortcode":"[instagram-feed showheader=false num=12 cols=6 showfollow=true]","advanced_import_setup_complete":1589712900,"logo_width":"320","display_slider_on":"blog-page-below-header","sidebar_settings":"no-sidebar","disable_site_title":true,"disable_site_tagline":false,"skin_select":"default","disable_notification_bar":false,"notification_bar_background_color":"#000000","notification_bar_title_color":"#ffffff","notification_bar_button_background_color":"#f9a032","notification_bar_button_text_color":"#ffffff","notification_bar_title":"This is your default notification bar which you can use to announce a sale or discount.","notification_bar_button_text":"View More","notification_bar_button_type":"button-primary","notification_bar_button_link":"","disable_sticky_notification_bar":true,"notification_bar_button_target":false,"disable_site_layout_shadow":true,"archive_post_layout":"grid","disable_sidebar_blog_page":false,"disable_sidebar_page":true,"disable_sidebar_single_post":false,"header_button_background_color":"#f9a032","header_button_text":"Get a Quote","header_button_text_color":"#000000","header_button_link":"","header_button_target":true,"header_button_type":"button-primary","header_separate_logo":"","header_phone_label":"Phone","header_email_label":"Email","header_address_label":"Address","header_menu_text":"MENU","top_header_text_color":"#969696","slider_width_controls":"full","main_slider_controls":"slider","error404_image":"","disable_preloader":false,"preloader_animation":"animation_one","footer_text":"Copyright \u00a9 2020. <a href=\"\/\/keonthemes.com\/downloads\/gutener-pro\" target=\"_blank\">Gutener Pro<\/a> Theme by <a href=\"\/\/keonthemes.com\" target=\"_blank\">Keon Themes<\/a>","disable_page_title":"disable_front_page","page_title_position":"below_feature_image","disable_coming_maintenance":true,"coming_maintenance_image_height":"550","coming_maintenance_background_color":"","coming_maintenance_text_color":"#ffffff","coming_maintenance_title":"We are coming soon","coming_maintenance_content":"Something awesome is in the works.","disable_coming_maintenance_social_links":false,"disable_coming_maintenance_contact_details":false,"coming_maintenance_image_size":"cover","slider_coming_maintenance_fade_control":"5","coming_maintenance_slider_effect":"fade","disable_coming_maintenance_slider_arrows":false,"disable_coming_maintenance_slider_dots":false,"disable_coming_maintenance_slider_autoplay":true,"slider_coming_maintenance_autoplay_speed":"4","coming_maintenance_media_options":"slider","coming_maintenance_video_upload":"","background_preset":"repeat","background_position_x":"center","background_position_y":"center","custom_logo":458},"theme_mods_gutener-pro-child":{"0":false,"sidebars_widgets":{"time":1589271710,"data":{"wp_inactive_widgets":[],"menu-sidebar":["search-2","recent-posts-2","recent-comments-2"],"left-sidebar":["archives-2","categories-2","meta-2"],"right-sidebar":[],"footer-sidebar-1":[],"footer-sidebar-2":[],"footer-sidebar-3":[],"footer-sidebar-4":[]}},"custom_css_post_id":-1,"header_media_options":"slider","header_image_slider":[],"social_media_links":[{"icon":"fab fa-facebook-f","link":"facebook.com"},{"icon":"fab fa-twitter","link":"twitter.com"},{"icon":"fab fa-instagram","link":"instagram.com"},{"icon":"fab fa-linkedin","link":"linkedin.com"},{"icon":"fab fa-youtube","link":"youtube.com"}],"main_banner_buttons":[{"text":"Button Text","link":"#","type":"button-outline"}],"coming_maintenance_buttons":[{"text":"Button Text","link":"#","type":"button-outline"}],"coming_maintenance_image_slider":[],"header_image_height":"220","disable_main_slider":false,"main_slider_height":"550","header_video_upload":"","header_layout":"header_one","top_header_nine_background_color":"rgba(249,160,50,0.25)","site_title_color":"#101010","site_tagline_color":"#767676","highlight_posts_columns":"three_columns","highlight_posts_posts_number":"3","highlight_posts_height":"320","highlight_posts_category":"4","site_layout":"default","background_image":"","disable_footer_social_links":false,"disable_instagram":false,"enable_instagram_homepage":true,"insta_shortcode":"[instagram-feed showheader=false num=12 cols=6 showfollow=true]","nav_menu_locations":{"menu-2":6,"menu-1":7},"advanced_import_setup_complete":1589712900,"logo_width":"320","display_slider_on":"blog-page-below-header","sidebar_settings":"no-sidebar","disable_site_title":true,"disable_site_tagline":false,"skin_select":"default","disable_notification_bar":false,"notification_bar_background_color":"#000000","notification_bar_title_color":"#ffffff","notification_bar_button_background_color":"#f9a032","notification_bar_button_text_color":"#ffffff","notification_bar_title":"This is your default notification bar which you can use to announce a sale or discount.","notification_bar_button_text":"View More","notification_bar_button_type":"button-primary","notification_bar_button_link":"","disable_sticky_notification_bar":true,"notification_bar_button_target":false,"disable_site_layout_shadow":true,"archive_post_layout":"grid","disable_sidebar_blog_page":false,"disable_sidebar_page":true,"disable_sidebar_single_post":false,"header_button_background_color":"#f9a032","header_button_text":"Get a Quote","header_button_text_color":"#000000","header_button_link":"","header_button_target":true,"header_button_type":"button-primary","header_separate_logo":"","header_phone_label":"Phone","header_email_label":"Email","header_address_label":"Address","header_menu_text":"MENU","top_header_text_color":"#969696","slider_width_controls":"full","main_slider_controls":"slider","error404_image":"","disable_preloader":false,"preloader_animation":"animation_one","footer_text":"Copyright \u00a9 2020. <a href=\"\/\/keonthemes.com\/downloads\/gutener-pro\" target=\"_blank\">Gutener Pro<\/a> Theme by <a href=\"\/\/keonthemes.com\" target=\"_blank\">Keon Themes<\/a>","disable_page_title":"disable_front_page","page_title_position":"below_feature_image","disable_coming_maintenance":true,"coming_maintenance_image_height":"550","coming_maintenance_background_color":"","coming_maintenance_text_color":"#ffffff","coming_maintenance_title":"We are coming soon","coming_maintenance_content":"Something awesome is in the works.","disable_coming_maintenance_social_links":false,"disable_coming_maintenance_contact_details":false,"coming_maintenance_image_size":"cover","slider_coming_maintenance_fade_control":"5","coming_maintenance_slider_effect":"fade","disable_coming_maintenance_slider_arrows":false,"disable_coming_maintenance_slider_dots":false,"disable_coming_maintenance_slider_autoplay":true,"slider_coming_maintenance_autoplay_speed":"4","coming_maintenance_media_options":"slider","coming_maintenance_video_upload":"","background_preset":"repeat","background_position_x":"center","background_position_y":"center","custom_logo":458},"woocommerce_shop_page_id":"","woocommerce_shop_page_id-child":""}}