{"menu":{"menu-2":6,"menu-1":5},"options":{"blogname":"Bosa Travel","blogname-child":"Bosa Travel","blogdescription":"Bosa is the perfect theme for your Business","blogdescription-child":"Bosa is the perfect theme for your Business","posts_per_page":"10","posts_per_page-child":"10","date_format":"F j, Y","date_format-child":"F j, Y","time_format":"g:i a","time_format-child":"g:i a","show_on_front":"page","show_on_front-child":"page","thumbnail_size_w":"150","thumbnail_size_w-child":"150","thumbnail_size_h":"150","thumbnail_size_h-child":"150","thumbnail_crop":"1","thumbnail_crop-child":"1","medium_size_w":"300","medium_size_w-child":"300","medium_size_h":"300","medium_size_h-child":"300","avatar_default":"mystery","avatar_default-child":"mystery","large_size_w":"1024","large_size_w-child":"1024","large_size_h":"1024","large_size_h-child":"1024","page_for_posts":"28","page_for_posts-child":"28","page_on_front":"40","page_on_front-child":"40","medium_large_size_w":"768","medium_large_size_w-child":"768","medium_large_size_h":"0","medium_large_size_h-child":"0","theme_mods_bosa-pro":{"0":false,"custom_css_post_id":120,"header_layout":"header_two","header_button_repeater":[{"header_btn_type":""}],"header_image_slider":[],"social_media_links":[{"icon":"fab fa-facebook","link":"#","target":true},{"icon":"fab fa-google","link":"#","target":true},{"icon":"fab fa-twitter","link":"#","target":true},{"icon":"fab fa-pinterest","link":"#","target":true},{"icon":"fab fa-instagram","link":"#","target":true}],"main_banner_buttons":[{"text":"Learn more","link":"#","type":"button-primary"}],"coming_maintenance_buttons":[{"maintenance_btn_type":"button-primary","maintenance_btn_bg_color":"#59815b","maintenance_btn_border_color":"#ffffff","maintenance_btn_text_color":"#ffffff","maintenance_btn_hover_color":"#58a05c","maintenance_btn_text":"learn more","maintenance_btn_link":"#","maintenance_btn_target":true,"maintenance_btn_radius":0}],"coming_maintenance_image_slider":[],"disable_header_below_border":true,"logo_width":"170","advanced_import_setup_complete":1604481689,"header_image_height":"80","disable_header_button":true,"disable_notification_bar":true,"notification_bar_image_height":"40","main_slider_controls":"slider","main_slider_height":"750","banner_title":"travel where your destiny calls you","banner_subtitle":"Reiciendis ipsum ad repellat, sem provident explicabo, quaerat imperdiet gravida, fringilla aliquid? Quisque ipsa. Dolorem quo vivamus aenean nullam pharetra vivamus blandit! Consectetur magnis?","banner_image":"https:\/\/demo.bosathemes.com\/bosa\/travel\/wp-content\/uploads\/sites\/18\/2020\/11\/bosa-travel-img2.jpg","banner_button_border_radius":"0","highlight_posts_height":"350","highlight_posts_posts_number":"3","highlight_posts_category":"4","main_menu_font_control":{"font-family":"Oswald","font-size":"15px","text-transform":"uppercase","variant":"500","line-height":"1.5","font-backup":"","font-weight":500,"font-style":"normal"},"body_font_control":{"font-family":"Montserrat","variant":"regular","font-size":"15px","font-backup":"","font-weight":400,"font-style":"normal"},"blog_page_title_font_control":{"font-family":"Oswald","variant":"500","font-size":"20px","text-transform":"uppercase","font-backup":"","font-weight":500,"font-style":"normal"},"general_title_font_control":{"font-family":"Oswald","text-transform":"none","font-backup":"","variant":"500","font-weight":500,"font-style":"normal"},"page_title_font_control":{"font-family":"Oswald","variant":"600","font-size":"35px","text-transform":"uppercase","font-backup":"","font-weight":600,"font-style":"normal"},"section_title_font_control":{"font-family":"Oswald","variant":"500","font-size":"30px","text-transform":"uppercase","font-backup":"","font-weight":500,"font-style":"normal"},"footer_text":"Copyright \u00a9 2021<a href=\"https:\/\/demo.bosathemes.com\/bosa\/travel\" title=\"Bosa Travel \"> Bosa Travel<\/a> .  Theme: <a href=\"https:\/\/bosathemes.com\/\" target=\"_blank\" title=\"Bosa\" rel=\"author\">Bosa<\/a> By KeonThemes.","site_primary_color":"#59815b","site_hover_color":"#58a05c","archive_post_layout":"list-zigzag","blog_post_category_color":"#59815b","custom_logo":167,"disable_site_title":true,"disable_site_tagline":true,"header_separate_logo":172,"preloader_animation":"animation_ten","preloader_custom_image_width":"40","footer_widget_layout":"footer_widget_layout_six","bottom_footer_image":172,"bottom_footer_image_link":"https:\/\/demo.bosathemes.com\/bosa\/travel\/","bottom_footer_image_width":"175","footer_layout":"footer_eight","top_footer_background_color":"#242625","top_footer_widget_content_color":"#c0c0c0","top_footer_widget_link_color":"#f9f9f9","top_footer_widget_link_hover_color":"#58a05c","social_icons_size":"20","top_footer_widget_title_color":"#dddddd","bottom_footer_background_color":"#212322","bottom_footer_text_color":"#dddddd","bottom_footer_text_link_color":"#ffffff","bottom_footer_text_link_hover_color":"#58a05c","disable_footer_menu":false,"bottom_header_text_link_hover_color":"#58a05c","main_slider_font_control":{"font-family":"Oswald","variant":"600","font-size":"50px","text-transform":"uppercase","line-height":"1.4","font-backup":"","font-weight":600,"font-style":"normal"},"highlight_posts_font_control":{"font-family":"Oswald","variant":"500","font-size":"20px","text-transform":"uppercase","line-height":"1.4","font-backup":"","font-weight":500,"font-style":"normal"},"feature_posts_title_font_control":{"font-family":"Oswald","variant":"600","font-size":"20px","text-transform":"uppercase","line-height":"1.4","font-backup":"","font-weight":600,"font-style":"normal"},"blog_post_title_font_control":{"font-family":"Oswald","variant":"500","font-size":"20px","text-transform":"uppercase","line-height":"1.3","font-backup":"","font-weight":500,"font-style":"normal"},"feature_posts_columns":"four_columns","feature_posts_font_control":{"font-family":"Oswald","variant":"500","font-size":"17px","text-transform":"uppercase","line-height":"1.4","font-backup":"","font-weight":500,"font-style":"normal"},"highlight_posts_title_font_control":{"font-family":"Oswald","variant":"500","font-size":"20px","text-transform":"uppercase","line-height":"1.4","font-backup":"","font-weight":500,"font-style":"normal"},"sidebar_widget_title_font_control":{"font-family":"Oswald","variant":"500","font-size":"16px","text-transform":"uppercase","line-height":"1.4","font-backup":"","font-weight":500,"font-style":"normal"},"footer_widget_title_font_control":{"font-family":"Oswald","variant":"500","font-size":"20px","text-transform":"none","line-height":"1.4","font-backup":"","font-weight":500,"font-style":"normal"},"footer_style_font_control":{"font-family":"Oswald","variant":"regular","font-size":"15px","text-transform":"none","line-height":"1.6","font-backup":"","font-weight":400,"font-style":"normal"},"feature_posts_height":"250","slider_category":"4","slider_button_type":"button-primary","main_slider_button_border_radius":"0","hide_slider_date":true,"hide_slider_author":true,"hide_slider_comment":true,"slider_image_overlay_opacity":"6","disable_contact_detail":true,"transparent_header_button_repeater":[{"transparent_header_btn_type":"button-primary","transparent_header_home_btn_bg_color":"#59815b","transparent_header_home_btn_border_color":"#ffffff","transparent_header_home_btn_text_color":"#ffffff","transparent_header_btn_bg_color":"#eb5a3e","transparent_header_btn_border_color":"#1a1a1a","transparent_header_btn_text_color":"#ffffff","transparent_header_btn_hover_color":"#58a05c","transparent_header_btn_text":"Get a Quote","transparent_header_btn_link":"#","transparent_header_btn_target":true,"transparent_header_btn_radius":0}],"disable_search_icon":true,"disable_hamburger_menu_icon":true,"notification_button_repeater":[{"noti_btn_type":"button-primary","noti_btn_bg_color":"#59815b","noti_btn_border_color":"#ffffff","noti_btn_text_color":"#ffffff","noti_btn_hover_color":"#58a05c","noti_btn_text":"View More","noti_btn_link":"#","noti_btn_target":true,"noti_btn_radius":0}],"disable_header_social_links":true,"main_slider_button_repeater":[{"slider_btn_type":"button-primary","slider_btn_bg_color":"#59815b","slider_btn_border_color":"#ffffff","slider_btn_text_color":"#ffffff","slider_btn_hover_color":"#58a05c","slider_btn_text":"Learn More","slider_btn_radius":0}],"main_banner_buttons_repeater":[{"banner_btn_type":"button-primary","banner_btn_bg_color":"#59815b","banner_btn_border_color":"#ffffff","banner_btn_text_color":"#ffffff","banner_btn_hover_color":"#58a05c","banner_btn_text":"Learn More","banner_btn_link":"#","banner_btn_target":true,"banner_btn_radius":0}],"blog_page_button_repeater":[{"blog_btn_type":"button-primary","blog_btn_bg_color":"#59815b","blog_btn_border_color":"#1a1a1a","blog_btn_text_color":"#ffffff","blog_btn_hover_color":"#58a05c","blog_btn_text":"View More","blog_btn_radius":0}],"disable_top_header_border":true,"footer_widget_area_top_padding":"70","separate_hover_color_for_main_slider":"#a4daa6","main_slider_cat_font_control":{"font-family":"Montserrat","variant":"regular","font-size":"15px","text-transform":"uppercase","line-height":"1.6","font-backup":"","font-weight":400,"font-style":"normal"},"main_slider_title_font_control":{"font-family":"Oswald","variant":"600","font-size":"60px","text-transform":"uppercase","line-height":"1.4","font-backup":"","font-weight":600,"font-style":"normal"},"main_slider_excerpt_font_control":{"font-family":"Montserrat","variant":"regular","font-size":"16px","text-transform":"initial","line-height":"1.8","font-backup":"","font-weight":400,"font-style":"normal"},"main_slider_button_font_control":{"font-family":"Montserrat","variant":"600","font-size":"15px","text-transform":"uppercase","line-height":"1.5","font-backup":"","font-weight":600,"font-style":"normal"},"blog_post_cat_font_control":{"font-family":"Montserrat","variant":"regular","font-size":"13px","text-transform":"uppercase","line-height":"1.6","font-backup":"","font-weight":400,"font-style":"normal"},"blog_post_meta_font_control":{"font-family":"Montserrat","variant":"500","font-size":"13px","text-transform":"capitalize","line-height":"1.6","font-backup":"","font-weight":500,"font-style":"normal"},"blog_post_excerpt_font_control":{"font-family":"Montserrat","variant":"regular","font-size":"15px","text-transform":"initial","line-height":"1.8","font-backup":"","font-weight":400,"font-style":"normal"},"disable_feature_posts_section_title":false,"disable_latest_posts_section_title":false,"latest_posts_section_title_desc_alignment":"center","feature_posts_section_title_desc_alignment":"center","highlight_posts_section_title_desc_alignment":"center","content_hover_color_transparent_header":"#bcdbbc","disable_sticky_sidebar":false,"sub_menu_link_hover_color":"#58a05c","header_buttons_font_control":{"font-family":"Oswald","variant":"600","font-size":"14px","text-transform":"uppercase","line-height":"1","font-backup":"","font-weight":600,"font-style":"normal"},"top_hover_color_transparent_header":"#58a05c","top_header_text_link_hover_color":"#58a05c","notification_bar_background_color":"#59815b","main_banner_button_font_control":{"font-family":"Open Sans","variant":"600","font-size":"15px","text-transform":"capitalize","line-height":"1","font-backup":"","font-weight":600,"font-style":"normal"},"hide_post_button":true,"feature_posts_section_title_font_control":{"font-family":"Oswald","variant":"600","font-size":"30px","text-transform":"uppercase","line-height":"1.2","font-backup":"","font-weight":600,"font-style":"normal"},"feature_posts_text_alignment":"text-center","feature_posts_title_alignment":"align-center","hide_featured_posts_category":true,"hide_featured_posts_date":true,"hide_featured_posts_author":true,"hide_featured_posts_comment":true,"latest_posts_section_title_font_control":{"font-family":"Oswald","variant":"600","font-size":"30px","text-transform":"uppercase","line-height":"1.2","font-backup":"","font-weight":600,"font-style":"normal"},"highlight_posts_section_title_font_control":{"font-family":"Oswald","variant":"600","font-size":"30px","text-transform":"uppercase","line-height":"1.2","font-backup":"","font-weight":600,"font-style":"normal"},"highlight_post_category_bgcolor":"#59815b","highlight_post_hover_color":"#58a05c"},"theme_mods_bosa-pro-child":{"0":false,"custom_css_post_id":120,"header_layout":"header_two","header_button_repeater":[{"header_btn_type":""}],"header_image_slider":[],"social_media_links":[{"icon":"fab fa-facebook","link":"#","target":true},{"icon":"fab fa-google","link":"#","target":true},{"icon":"fab fa-twitter","link":"#","target":true},{"icon":"fab fa-pinterest","link":"#","target":true},{"icon":"fab fa-instagram","link":"#","target":true}],"main_banner_buttons":[{"text":"Learn more","link":"#","type":"button-primary"}],"coming_maintenance_buttons":[{"maintenance_btn_type":"button-primary","maintenance_btn_bg_color":"#59815b","maintenance_btn_border_color":"#ffffff","maintenance_btn_text_color":"#ffffff","maintenance_btn_hover_color":"#58a05c","maintenance_btn_text":"learn more","maintenance_btn_link":"#","maintenance_btn_target":true,"maintenance_btn_radius":0}],"coming_maintenance_image_slider":[],"disable_header_below_border":true,"logo_width":"170","nav_menu_locations":{"menu-1":5,"menu-2":6},"advanced_import_setup_complete":1604481689,"header_image_height":"80","disable_header_button":true,"disable_notification_bar":true,"notification_bar_image_height":"40","main_slider_controls":"slider","main_slider_height":"750","banner_title":"travel where your destiny calls you","banner_subtitle":"Reiciendis ipsum ad repellat, sem provident explicabo, quaerat imperdiet gravida, fringilla aliquid? Quisque ipsa. Dolorem quo vivamus aenean nullam pharetra vivamus blandit! Consectetur magnis?","banner_image":"https:\/\/demo.bosathemes.com\/bosa\/travel\/wp-content\/uploads\/sites\/18\/2020\/11\/bosa-travel-img2.jpg","banner_button_border_radius":"0","highlight_posts_height":"350","highlight_posts_posts_number":"3","highlight_posts_category":"4","main_menu_font_control":{"font-family":"Oswald","font-size":"15px","text-transform":"uppercase","variant":"500","line-height":"1.5","font-backup":"","font-weight":500,"font-style":"normal"},"body_font_control":{"font-family":"Montserrat","variant":"regular","font-size":"15px","font-backup":"","font-weight":400,"font-style":"normal"},"blog_page_title_font_control":{"font-family":"Oswald","variant":"500","font-size":"20px","text-transform":"uppercase","font-backup":"","font-weight":500,"font-style":"normal"},"general_title_font_control":{"font-family":"Oswald","text-transform":"none","font-backup":"","variant":"500","font-weight":500,"font-style":"normal"},"page_title_font_control":{"font-family":"Oswald","variant":"600","font-size":"35px","text-transform":"uppercase","font-backup":"","font-weight":600,"font-style":"normal"},"section_title_font_control":{"font-family":"Oswald","variant":"500","font-size":"30px","text-transform":"uppercase","font-backup":"","font-weight":500,"font-style":"normal"},"footer_text":"Copyright \u00a9 2021<a href=\"https:\/\/demo.bosathemes.com\/bosa\/travel\" title=\"Bosa Travel \"> Bosa Travel<\/a> .  Theme: <a href=\"https:\/\/bosathemes.com\/\" target=\"_blank\" title=\"Bosa\" rel=\"author\">Bosa<\/a> By KeonThemes.","site_primary_color":"#59815b","site_hover_color":"#58a05c","archive_post_layout":"list-zigzag","blog_post_category_color":"#59815b","custom_logo":167,"disable_site_title":true,"disable_site_tagline":true,"header_separate_logo":172,"preloader_animation":"animation_ten","preloader_custom_image_width":"40","footer_widget_layout":"footer_widget_layout_six","bottom_footer_image":172,"bottom_footer_image_link":"https:\/\/demo.bosathemes.com\/bosa\/travel\/","bottom_footer_image_width":"175","footer_layout":"footer_eight","top_footer_background_color":"#242625","top_footer_widget_content_color":"#c0c0c0","top_footer_widget_link_color":"#f9f9f9","top_footer_widget_link_hover_color":"#58a05c","social_icons_size":"20","top_footer_widget_title_color":"#dddddd","bottom_footer_background_color":"#212322","bottom_footer_text_color":"#dddddd","bottom_footer_text_link_color":"#ffffff","bottom_footer_text_link_hover_color":"#58a05c","disable_footer_menu":false,"bottom_header_text_link_hover_color":"#58a05c","main_slider_font_control":{"font-family":"Oswald","variant":"600","font-size":"50px","text-transform":"uppercase","line-height":"1.4","font-backup":"","font-weight":600,"font-style":"normal"},"highlight_posts_font_control":{"font-family":"Oswald","variant":"500","font-size":"20px","text-transform":"uppercase","line-height":"1.4","font-backup":"","font-weight":500,"font-style":"normal"},"feature_posts_title_font_control":{"font-family":"Oswald","variant":"600","font-size":"20px","text-transform":"uppercase","line-height":"1.4","font-backup":"","font-weight":600,"font-style":"normal"},"blog_post_title_font_control":{"font-family":"Oswald","variant":"500","font-size":"20px","text-transform":"uppercase","line-height":"1.3","font-backup":"","font-weight":500,"font-style":"normal"},"feature_posts_columns":"four_columns","feature_posts_font_control":{"font-family":"Oswald","variant":"500","font-size":"17px","text-transform":"uppercase","line-height":"1.4","font-backup":"","font-weight":500,"font-style":"normal"},"highlight_posts_title_font_control":{"font-family":"Oswald","variant":"500","font-size":"20px","text-transform":"uppercase","line-height":"1.4","font-backup":"","font-weight":500,"font-style":"normal"},"sidebar_widget_title_font_control":{"font-family":"Oswald","variant":"500","font-size":"16px","text-transform":"uppercase","line-height":"1.4","font-backup":"","font-weight":500,"font-style":"normal"},"footer_widget_title_font_control":{"font-family":"Oswald","variant":"500","font-size":"20px","text-transform":"none","line-height":"1.4","font-backup":"","font-weight":500,"font-style":"normal"},"footer_style_font_control":{"font-family":"Oswald","variant":"regular","font-size":"15px","text-transform":"none","line-height":"1.6","font-backup":"","font-weight":400,"font-style":"normal"},"feature_posts_height":"250","slider_category":"4","slider_button_type":"button-primary","main_slider_button_border_radius":"0","hide_slider_date":true,"hide_slider_author":true,"hide_slider_comment":true,"slider_image_overlay_opacity":"6","disable_contact_detail":true,"transparent_header_button_repeater":[{"transparent_header_btn_type":"button-primary","transparent_header_home_btn_bg_color":"#59815b","transparent_header_home_btn_border_color":"#ffffff","transparent_header_home_btn_text_color":"#ffffff","transparent_header_btn_bg_color":"#eb5a3e","transparent_header_btn_border_color":"#1a1a1a","transparent_header_btn_text_color":"#ffffff","transparent_header_btn_hover_color":"#58a05c","transparent_header_btn_text":"Get a Quote","transparent_header_btn_link":"#","transparent_header_btn_target":true,"transparent_header_btn_radius":0}],"disable_search_icon":true,"disable_hamburger_menu_icon":true,"notification_button_repeater":[{"noti_btn_type":"button-primary","noti_btn_bg_color":"#59815b","noti_btn_border_color":"#ffffff","noti_btn_text_color":"#ffffff","noti_btn_hover_color":"#58a05c","noti_btn_text":"View More","noti_btn_link":"#","noti_btn_target":true,"noti_btn_radius":0}],"disable_header_social_links":true,"main_slider_button_repeater":[{"slider_btn_type":"button-primary","slider_btn_bg_color":"#59815b","slider_btn_border_color":"#ffffff","slider_btn_text_color":"#ffffff","slider_btn_hover_color":"#58a05c","slider_btn_text":"Learn More","slider_btn_radius":0}],"main_banner_buttons_repeater":[{"banner_btn_type":"button-primary","banner_btn_bg_color":"#59815b","banner_btn_border_color":"#ffffff","banner_btn_text_color":"#ffffff","banner_btn_hover_color":"#58a05c","banner_btn_text":"Learn More","banner_btn_link":"#","banner_btn_target":true,"banner_btn_radius":0}],"blog_page_button_repeater":[{"blog_btn_type":"button-primary","blog_btn_bg_color":"#59815b","blog_btn_border_color":"#1a1a1a","blog_btn_text_color":"#ffffff","blog_btn_hover_color":"#58a05c","blog_btn_text":"View More","blog_btn_radius":0}],"disable_top_header_border":true,"footer_widget_area_top_padding":"70","separate_hover_color_for_main_slider":"#a4daa6","main_slider_cat_font_control":{"font-family":"Montserrat","variant":"regular","font-size":"15px","text-transform":"uppercase","line-height":"1.6","font-backup":"","font-weight":400,"font-style":"normal"},"main_slider_title_font_control":{"font-family":"Oswald","variant":"600","font-size":"60px","text-transform":"uppercase","line-height":"1.4","font-backup":"","font-weight":600,"font-style":"normal"},"main_slider_excerpt_font_control":{"font-family":"Montserrat","variant":"regular","font-size":"16px","text-transform":"initial","line-height":"1.8","font-backup":"","font-weight":400,"font-style":"normal"},"main_slider_button_font_control":{"font-family":"Montserrat","variant":"600","font-size":"15px","text-transform":"uppercase","line-height":"1.5","font-backup":"","font-weight":600,"font-style":"normal"},"blog_post_cat_font_control":{"font-family":"Montserrat","variant":"regular","font-size":"13px","text-transform":"uppercase","line-height":"1.6","font-backup":"","font-weight":400,"font-style":"normal"},"blog_post_meta_font_control":{"font-family":"Montserrat","variant":"500","font-size":"13px","text-transform":"capitalize","line-height":"1.6","font-backup":"","font-weight":500,"font-style":"normal"},"blog_post_excerpt_font_control":{"font-family":"Montserrat","variant":"regular","font-size":"15px","text-transform":"initial","line-height":"1.8","font-backup":"","font-weight":400,"font-style":"normal"},"disable_feature_posts_section_title":false,"disable_latest_posts_section_title":false,"latest_posts_section_title_desc_alignment":"center","feature_posts_section_title_desc_alignment":"center","highlight_posts_section_title_desc_alignment":"center","content_hover_color_transparent_header":"#bcdbbc","disable_sticky_sidebar":false,"sub_menu_link_hover_color":"#58a05c","header_buttons_font_control":{"font-family":"Oswald","variant":"600","font-size":"14px","text-transform":"uppercase","line-height":"1","font-backup":"","font-weight":600,"font-style":"normal"},"top_hover_color_transparent_header":"#58a05c","top_header_text_link_hover_color":"#58a05c","notification_bar_background_color":"#59815b","main_banner_button_font_control":{"font-family":"Open Sans","variant":"600","font-size":"15px","text-transform":"capitalize","line-height":"1","font-backup":"","font-weight":600,"font-style":"normal"},"hide_post_button":true,"feature_posts_section_title_font_control":{"font-family":"Oswald","variant":"600","font-size":"30px","text-transform":"uppercase","line-height":"1.2","font-backup":"","font-weight":600,"font-style":"normal"},"feature_posts_text_alignment":"text-center","feature_posts_title_alignment":"align-center","hide_featured_posts_category":true,"hide_featured_posts_date":true,"hide_featured_posts_author":true,"hide_featured_posts_comment":true,"latest_posts_section_title_font_control":{"font-family":"Oswald","variant":"600","font-size":"30px","text-transform":"uppercase","line-height":"1.2","font-backup":"","font-weight":600,"font-style":"normal"},"highlight_posts_section_title_font_control":{"font-family":"Oswald","variant":"600","font-size":"30px","text-transform":"uppercase","line-height":"1.2","font-backup":"","font-weight":600,"font-style":"normal"},"highlight_post_category_bgcolor":"#59815b","highlight_post_hover_color":"#58a05c"},"woocommerce_shop_page_id":"205","woocommerce_shop_page_id-child":"205"}}