{"widget_positions":{"wp_inactive_widgets":[],"right-sidebar":["bosa_pro_latest_post-2","categories-3","media_image-2","media_gallery-2"],"menu-sidebar":["search-2","recent-posts-2","recent-comments-2"],"left-sidebar":["archives-2","categories-2","meta-2"],"woocommerce-right-sidebar":["woocommerce_product_search-2","woocommerce_price_filter-2","woocommerce_product_categories-2","media_gallery-4"],"woocommerce-left-sidebar":[],"footer-sidebar-1":["text-2"],"footer-sidebar-2":["recent-posts-3"],"footer-sidebar-3":["text-3"],"footer-sidebar-4":[],"array_version":3},"widget_options":{"bosa_pro_latest_post":{"2":{"title":"Recent posts","per_page":"2","show_date_comment":true,"layout":"left"},"_multiwidget":1},"categories":{"2":{"title":"","count":0,"hierarchical":0,"dropdown":0},"3":{"title":"Categories","count":1,"hierarchical":0,"dropdown":0},"_multiwidget":1},"media_image":{"2":{"size":"medium","width":650,"height":650,"caption":"","alt":"","link_type":"custom","link_url":"#","image_classes":"","link_classes":"","link_rel":"","link_target_blank":false,"image_title":"Advertisement","attachment_id":146,"url":"https:\/\/demo.bosathemes.com\/bosa\/travel\/wp-content\/uploads\/sites\/18\/2020\/11\/bosa-travel-img55-300x300.png","title":"Advertisement"},"_multiwidget":1},"media_gallery":{"2":{"title":"Gallery","ids":[129,128,127,126,109,105],"columns":3,"size":"thumbnail","link_type":"post","orderby_random":false},"4":{"title":"Gallery","ids":[220,219,218,217,216,215],"columns":3,"size":"thumbnail","link_type":"post","orderby_random":false},"_multiwidget":1},"search":{"2":{"title":""},"_multiwidget":1},"recent-posts":{"2":{"title":"","number":5},"3":{"title":"Recent posts","number":3,"show_date":true},"_multiwidget":1},"recent-comments":{"2":{"title":"","number":5},"_multiwidget":1},"archives":{"2":{"title":"","count":0,"dropdown":0},"_multiwidget":1},"meta":{"2":{"title":""},"_multiwidget":1},"woocommerce_product_search":{"2":{"title":"Search"},"_multiwidget":1},"woocommerce_price_filter":{"2":{"title":"Filter by price"},"_multiwidget":1},"woocommerce_product_categories":{"2":{"title":"Product categories","orderby":"name","dropdown":0,"count":1,"hierarchical":0,"show_children_only":0,"hide_empty":1,"max_depth":""},"_multiwidget":1},"text":{"1":[],"2":{"title":"About Bosa Travel","text":"Phasellus unde, ut sociosqu, officia atque esse aptent, suscipit, ullamcorper. Optio sagittis? Quis sequi nisi tempora! Minus illo netus mattis porro. Ad nisi ligula ratione nulla, felis.\r\n\r\n<img class=\"alignnone size-full wp-image-345\" src=\"https:\/\/demo.bosathemes.com\/bosa\/travel\/wp-content\/uploads\/sites\/18\/2021\/01\/bosa-travel-img56.png\" alt=\"\" width=\"150\" height=\"86\" \/><img class=\"alignnone size-full wp-image-346\" src=\"https:\/\/demo.bosathemes.com\/bosa\/travel\/wp-content\/uploads\/sites\/18\/2021\/01\/bosa-travel-img57.png\" alt=\"\" width=\"80\" height=\"120\" style=\"padding-left: 20px\"\/>","filter":true,"visual":true},"3":{"title":"Contact info","text":"Dapibus beatae ullamco vulputate deserunt, iste, voluptatem placerat consequuntur taciti.\r\n <li>Phone: +387648592568<\/li>\r\n <li>Email: info@elatedthemes.com<\/li>\r\n <li>Address: Eighth Avenue 487, New York<\/li>","filter":true,"visual":true},"_multiwidget":1}}}