{"menu":{"menu-2":3,"menu-1":2},"options":{"blogname":"Gutener Portfolio","blogname-child":"Gutener Portfolio","blogdescription":"WordPress Portfolio Template","blogdescription-child":"WordPress Portfolio Template","posts_per_page":"10","posts_per_page-child":"10","date_format":"F j, Y","date_format-child":"F j, Y","time_format":"g:i a","time_format-child":"g:i a","show_on_front":"page","show_on_front-child":"page","thumbnail_size_w":"150","thumbnail_size_w-child":"150","thumbnail_size_h":"150","thumbnail_size_h-child":"150","thumbnail_crop":"1","thumbnail_crop-child":"1","medium_size_w":"300","medium_size_w-child":"300","medium_size_h":"300","medium_size_h-child":"300","avatar_default":"mystery","avatar_default-child":"mystery","large_size_w":"700","large_size_w-child":"700","large_size_h":"700","large_size_h-child":"700","page_for_posts":"13","page_for_posts-child":"13","page_on_front":"5","page_on_front-child":"5","medium_large_size_w":"768","medium_large_size_w-child":"768","medium_large_size_h":"0","medium_large_size_h-child":"0","theme_mods_gutener-pro":{"0":false,"custom_css_post_id":67,"header_layout":"header_four","top_header_text_color":"#666666","bottom_header_text_color":"#111111","header_image_slider":[],"social_media_links":[{"icon":"fab fa-facebook","link":"#"},{"icon":"fab fa-twitter","link":"#"},{"icon":"fab fa-instagram","link":"#"},{"icon":"fab fa-google","link":"#"},{"icon":"fab fa-youtube","link":"#"},{"icon":"fab fa-linkedin","link":"#"}],"main_banner_buttons":[{"text":"Button Text","link":"#","type":"button-outline"}],"coming_maintenance_buttons":[{"text":"Button Text","link":"#","type":"button-outline"}],"coming_maintenance_image_slider":[],"header_button_background_color":"#f7b031","header_button_text_color":"#ffffff","header_button_border_radius":"3","header_image_height":"120","custom_logo":7,"logo_width":"200","disable_site_title":true,"disable_site_tagline":true,"top_footer_background_color":"rgba(17,17,17,0.99)","top_footer_widget_title_color":"#ffffff","top_footer_widget_link_color":"#f1f1f1","top_footer_widget_content_color":"#cccccc","footer_layout":"footer_seven","bottom_footer_background_color":"rgba(17,17,17,0.97)","bottom_footer_text_color":"#cccccc","bottom_footer_text_link_color":"#cccccc","site_primary_color":"#f7b031","site_hover_color":"#fccf13","header_icon_color":"#f7b031","preloader_animation":"animation_five","highlight_posts_posts_number":"3","site_title_font_control":{"font-family":"Raleway","font-size":"62px","text-transform":"none","font-backup":"","variant":"regular","font-weight":400,"font-style":"normal"},"site_description_font_control":{"font-family":"Montserrat","font-size":"14px","text-transform":"none","font-backup":"","variant":"regular","font-weight":400,"font-style":"normal"},"main_menu_font_control":{"font-family":"Raleway","font-size":"15px","text-transform":"none","variant":"600","line-height":"1.5","font-backup":"","font-weight":600,"font-style":"normal"},"body_font_control":{"font-family":"Montserrat","font-size":"15px","font-backup":"","variant":"regular","font-weight":400,"font-style":"normal"},"page_title_font_control":{"font-family":"Raleway","font-size":"48px","text-transform":"none","font-backup":"","variant":"regular","font-weight":400,"font-style":"normal"},"section_title_font_control":{"font-family":"Raleway","font-size":"24px","text-transform":"none","font-backup":"","variant":"regular","font-weight":400,"font-style":"normal"},"disable_header_social_links":true,"disable_footer_social_links":false},"theme_mods_gutener-pro-child":{"0":false,"nav_menu_locations":{"menu-1":2,"menu-2":3},"custom_css_post_id":67,"header_layout":"header_four","top_header_text_color":"#666666","bottom_header_text_color":"#111111","header_image_slider":[],"social_media_links":[{"icon":"fab fa-facebook","link":"#"},{"icon":"fab fa-twitter","link":"#"},{"icon":"fab fa-instagram","link":"#"},{"icon":"fab fa-google","link":"#"},{"icon":"fab fa-youtube","link":"#"},{"icon":"fab fa-linkedin","link":"#"}],"main_banner_buttons":[{"text":"Button Text","link":"#","type":"button-outline"}],"coming_maintenance_buttons":[{"text":"Button Text","link":"#","type":"button-outline"}],"coming_maintenance_image_slider":[],"header_button_background_color":"#f7b031","header_button_text_color":"#ffffff","header_button_border_radius":"3","header_image_height":"120","custom_logo":7,"logo_width":"200","disable_site_title":true,"disable_site_tagline":true,"top_footer_background_color":"rgba(17,17,17,0.99)","top_footer_widget_title_color":"#ffffff","top_footer_widget_link_color":"#f1f1f1","top_footer_widget_content_color":"#cccccc","footer_layout":"footer_seven","bottom_footer_background_color":"rgba(17,17,17,0.97)","bottom_footer_text_color":"#cccccc","bottom_footer_text_link_color":"#cccccc","site_primary_color":"#f7b031","site_hover_color":"#fccf13","header_icon_color":"#f7b031","preloader_animation":"animation_five","highlight_posts_posts_number":"3","site_title_font_control":{"font-family":"Raleway","font-size":"62px","text-transform":"none","font-backup":"","variant":"regular","font-weight":400,"font-style":"normal"},"site_description_font_control":{"font-family":"Montserrat","font-size":"14px","text-transform":"none","font-backup":"","variant":"regular","font-weight":400,"font-style":"normal"},"main_menu_font_control":{"font-family":"Raleway","font-size":"15px","text-transform":"none","variant":"600","line-height":"1.5","font-backup":"","font-weight":600,"font-style":"normal"},"body_font_control":{"font-family":"Montserrat","font-size":"15px","font-backup":"","variant":"regular","font-weight":400,"font-style":"normal"},"page_title_font_control":{"font-family":"Raleway","font-size":"48px","text-transform":"none","font-backup":"","variant":"regular","font-weight":400,"font-style":"normal"},"section_title_font_control":{"font-family":"Raleway","font-size":"24px","text-transform":"none","font-backup":"","variant":"regular","font-weight":400,"font-style":"normal"},"disable_header_social_links":true,"disable_footer_social_links":false}}}