{"menu":{"menu-2":6,"menu-1":5},"options":{"blogname":"Gutener Business","blogname-child":"Gutener Business","blogdescription":"Just another Gutener Demos site","blogdescription-child":"Just another Gutener Demos site","posts_per_page":"10","posts_per_page-child":"10","date_format":"F j, Y","date_format-child":"F j, Y","time_format":"g:i a","time_format-child":"g:i a","show_on_front":"page","show_on_front-child":"page","thumbnail_size_w":"150","thumbnail_size_w-child":"150","thumbnail_size_h":"150","thumbnail_size_h-child":"150","thumbnail_crop":"1","thumbnail_crop-child":"1","medium_size_w":"300","medium_size_w-child":"300","medium_size_h":"300","medium_size_h-child":"300","avatar_default":"mystery","avatar_default-child":"mystery","large_size_w":"700","large_size_w-child":"700","large_size_h":"700","large_size_h-child":"700","page_for_posts":"11","page_for_posts-child":"11","page_on_front":"17","page_on_front-child":"17","medium_large_size_w":"768","medium_large_size_w-child":"768","medium_large_size_h":"0","medium_large_size_h-child":"0","theme_mods_gutener-pro":{"0":false,"custom_css_post_id":36,"header_image_slider":[],"social_media_links":[{"icon":"fab fa-facebook","link":"#"},{"icon":"fab fa-twitter","link":"#"},{"icon":"fab fa-google","link":"#"},{"icon":"fab fa-instagram","link":"#"},{"icon":"fab fa-pinterest","link":"#"}],"main_banner_buttons":[{"text":"Button Text","link":"#","type":"button-outline"}],"coming_maintenance_buttons":[{"text":"Button Text","link":"#","type":"button-outline"}],"coming_maintenance_image_slider":[],"site_primary_color":"#f57251","site_hover_color":"#a1240b","disable_notification_bar":true,"logo_width":"220","custom_logo":111,"disable_site_title":true,"disable_site_tagline":true,"header_layout":"header_eight","header_button_background_color":"#f57251","header_image_height":"120","top_header_text_color":"#878787","top_header_six_background_color":"","bottom_header_six_background_color":"#f9f9f9","footer_layout":"footer_six"},"theme_mods_gutener-pro-child":{"0":false,"nav_menu_locations":{"menu-1":5,"menu-2":6},"custom_css_post_id":36,"header_image_slider":[],"social_media_links":[{"icon":"fab fa-facebook","link":"#"},{"icon":"fab fa-twitter","link":"#"},{"icon":"fab fa-google","link":"#"},{"icon":"fab fa-instagram","link":"#"},{"icon":"fab fa-pinterest","link":"#"}],"main_banner_buttons":[{"text":"Button Text","link":"#","type":"button-outline"}],"coming_maintenance_buttons":[{"text":"Button Text","link":"#","type":"button-outline"}],"coming_maintenance_image_slider":[],"site_primary_color":"#f57251","site_hover_color":"#a1240b","disable_notification_bar":true,"logo_width":"220","custom_logo":111,"disable_site_title":true,"disable_site_tagline":true,"header_layout":"header_eight","header_button_background_color":"#f57251","header_image_height":"120","top_header_text_color":"#878787","top_header_six_background_color":"","bottom_header_six_background_color":"#f9f9f9","footer_layout":"footer_six"},"woocommerce_shop_page_id":"","woocommerce_shop_page_id-child":""}}