{"menu":{"menu-2":19,"menu-1":18},"options":{"blogname":"Gutener Event","blogname-child":"Gutener Event","blogdescription":"Event, you&#039;ll love it!","blogdescription-child":"Event, you&#039;ll love it!","posts_per_page":"10","posts_per_page-child":"10","date_format":"F j, Y","date_format-child":"F j, Y","time_format":"g:i a","time_format-child":"g:i a","show_on_front":"page","show_on_front-child":"page","thumbnail_size_w":"150","thumbnail_size_w-child":"150","thumbnail_size_h":"150","thumbnail_size_h-child":"150","thumbnail_crop":"1","thumbnail_crop-child":"1","medium_size_w":"300","medium_size_w-child":"300","medium_size_h":"300","medium_size_h-child":"300","avatar_default":"mystery","avatar_default-child":"mystery","large_size_w":"700","large_size_w-child":"700","large_size_h":"700","large_size_h-child":"700","page_for_posts":"45","page_for_posts-child":"45","page_on_front":"5","page_on_front-child":"5","medium_large_size_w":"768","medium_large_size_w-child":"768","medium_large_size_h":"0","medium_large_size_h-child":"0","woocommerce_shop_page_id":"","woocommerce_shop_page_id-child":"","theme_mods_gutener-pro":{"0":false,"custom_css_post_id":37,"header_image_slider":[],"social_media_links":[{"icon":"fab fa-facebook","link":"#"},{"icon":"fab fa-twitter","link":"#"},{"icon":"fab fa-instagram","link":"#"},{"icon":"fab fa-google","link":"#"},{"icon":"fab fa-youtube","link":"#"}],"main_banner_buttons":[{"text":"Button Text","link":"#","type":"button-outline"}],"coming_maintenance_buttons":[{"text":"Button Text","link":"#","type":"button-outline"}],"coming_maintenance_image_slider":[],"site_primary_color":"#faca2b","site_hover_color":"#eeba10","logo_width":"220","disable_site_title":true,"disable_site_tagline":true,"header_layout":"header_seven","header_button_background_color":"#ffffff","header_button_text_color":"#505050","header_button_text":"Buy Ticket","header_button_type":"button-outline","disable_main_slider":false,"blog_post_category_color":"#faca2b","header_image_height":"140","notification_bar_button_background_color":"#faca2b","notification_bar_button_type":"button-outline","top_footer_widget_title_color":"#212121","bottom_header_text_color":"#212121","footer_layout":"footer_four","preloader_animation":"animation_four","custom_logo":105,"footer_text":"Copyright \u00a9 2020. <a href=\"\/\/keonthemes.com\/downloads\/gutener\" target=\"_blank\">Gutener<\/a> Theme by <a href=\"\/\/keonthemes.com\" target=\"_blank\">Keon Themes<\/a>","body_font_control":{"font-family":"Poppins","font-size":"15px","font-backup":"","variant":"regular","font-weight":400,"font-style":"normal"},"main_slider_height":"550","hide_slider_category":true,"hide_slider_date":true,"hide_slider_author":true,"hide_slider_comment":true},"theme_mods_gutener-pro-child":{"0":false,"nav_menu_locations":{"menu-1":18,"menu-2":19},"custom_css_post_id":37,"header_image_slider":[],"social_media_links":[{"icon":"fab fa-facebook","link":"#"},{"icon":"fab fa-twitter","link":"#"},{"icon":"fab fa-instagram","link":"#"},{"icon":"fab fa-google","link":"#"},{"icon":"fab fa-youtube","link":"#"}],"main_banner_buttons":[{"text":"Button Text","link":"#","type":"button-outline"}],"coming_maintenance_buttons":[{"text":"Button Text","link":"#","type":"button-outline"}],"coming_maintenance_image_slider":[],"site_primary_color":"#faca2b","site_hover_color":"#eeba10","logo_width":"220","disable_site_title":true,"disable_site_tagline":true,"header_layout":"header_seven","header_button_background_color":"#ffffff","header_button_text_color":"#505050","header_button_text":"Buy Ticket","header_button_type":"button-outline","disable_main_slider":false,"blog_post_category_color":"#faca2b","header_image_height":"140","notification_bar_button_background_color":"#faca2b","notification_bar_button_type":"button-outline","top_footer_widget_title_color":"#212121","bottom_header_text_color":"#212121","footer_layout":"footer_four","preloader_animation":"animation_four","custom_logo":105,"footer_text":"Copyright \u00a9 2020. <a href=\"\/\/keonthemes.com\/downloads\/gutener\" target=\"_blank\">Gutener<\/a> Theme by <a href=\"\/\/keonthemes.com\" target=\"_blank\">Keon Themes<\/a>","body_font_control":{"font-family":"Poppins","font-size":"15px","font-backup":"","variant":"regular","font-weight":400,"font-style":"normal"},"main_slider_height":"550","hide_slider_category":true,"hide_slider_date":true,"hide_slider_author":true,"hide_slider_comment":true}}}