{"menu":{"menu-2":20,"menu-1":19},"options":{"blogname":"Bosa Corporate Dark","blogname-child":"Bosa Corporate Dark","blogdescription":"Bosa is the perfect theme for your Business","blogdescription-child":"Bosa is the perfect theme for your Business","posts_per_page":"10","posts_per_page-child":"10","date_format":"F j, Y","date_format-child":"F j, Y","time_format":"g:i a","time_format-child":"g:i a","show_on_front":"page","show_on_front-child":"page","thumbnail_size_w":"150","thumbnail_size_w-child":"150","thumbnail_size_h":"150","thumbnail_size_h-child":"150","thumbnail_crop":"1","thumbnail_crop-child":"1","medium_size_w":"300","medium_size_w-child":"300","medium_size_h":"300","medium_size_h-child":"300","avatar_default":"mystery","avatar_default-child":"mystery","large_size_w":"1024","large_size_w-child":"1024","large_size_h":"1024","large_size_h-child":"1024","page_for_posts":"25","page_for_posts-child":"25","page_on_front":"27","page_on_front-child":"27","medium_large_size_w":"768","medium_large_size_w-child":"768","medium_large_size_h":"0","medium_large_size_h-child":"0","theme_mods_bosa-corporate-dark":{"0":false,"nav_menu_locations":{"menu-1":19,"menu-2":20},"advanced_import_setup_complete":1616062242,"custom_css_post_id":-1,"header_button_repeater":[{"header_btn_type":"button-outline","header_btn_bg_color":"#eb5a3e","header_btn_border_color":"#1a1a1a","header_btn_text_color":"#1a1a1a","header_btn_hover_color":"#086abd","header_btn_text":"","header_btn_link":"","header_btn_target":true,"header_btn_radius":0}],"transparent_header_button_repeater":[{"transparent_header_btn_type":"button-primary","transparent_header_home_btn_bg_color":"#eb5a3e","transparent_header_home_btn_border_color":"#eb5a3e","transparent_header_home_btn_text_color":"#ffffff","transparent_header_btn_bg_color":"#eb5a3e","transparent_header_btn_border_color":"#eb5a3e","transparent_header_btn_text_color":"#ffffff","transparent_header_btn_hover_color":"#af3119","transparent_header_btn_text":"get a quote","transparent_header_btn_link":"#","transparent_header_btn_target":true,"transparent_header_btn_radius":0}],"header_image_slider":[{"slider_item":""}],"skin_select":"dark","social_media_links":[{"icon":"fab fa-facebook","link":"#","target":true},{"icon":"fab fa-twitter","link":"#","target":true},{"icon":"fab fa-google","link":"#","target":true},{"icon":"fab fa-instagram","link":"#","target":true},{"icon":"fab fa-pinterest","link":"#","target":true}],"main_slider_button_repeater":[{"slider_btn_type":"button-primary","slider_btn_bg_color":"#eb5a3e","slider_btn_border_color":"#ffffff","slider_btn_text_color":"#ffffff","slider_btn_hover_color":"#af3119","slider_btn_text":"Continue reading","slider_btn_radius":0}],"main_banner_buttons_repeater":[{"banner_btn_type":"button-outline","banner_btn_bg_color":"#eb5a3e","banner_btn_border_color":"#ffffff","banner_btn_text_color":"#ffffff","banner_btn_hover_color":"#086abd","banner_btn_text":"","banner_btn_link":"","banner_btn_target":true,"banner_btn_radius":0}],"blog_page_button_repeater":[{"blog_btn_type":"button-text","blog_btn_bg_color":"#eb5a3e","blog_btn_border_color":"#1a1a1a","blog_btn_text_color":"#1a1a1a","blog_btn_hover_color":"#086abd","blog_btn_text":"","blog_btn_radius":0}],"header_layout":"header_two","contact_phone":"+ (911) 1987 123456","contact_email":"yourmail@email.com","contact_address":"Rock Street, San Francisco","site_primary_color":"#eb5a3e","header_textcolor":"#ffffff","site_body_text_color":"#dddddd","site_heading_text_color":"#ffffff","site_hover_color":"#af3119","site_title_font_control":{"font-family":"Oswald","variant":"600","font-size":"24px","text-transform":"uppercase","font-backup":"","font-weight":600,"font-style":"normal"},"site_description_font_control":{"font-family":"Rubik","variant":"regular","font-size":"14px","text-transform":"none","font-backup":"","font-weight":400,"font-style":"normal"},"main_menu_font_control":{"font-family":"Oswald","font-size":"16px","text-transform":"uppercase","variant":"regular","line-height":"1.5","font-backup":"","font-weight":400,"font-style":"normal"},"main_menu_description_font_control":{"font-family":"Rubik","font-size":"11px","text-transform":"none","variant":"regular","line-height":"1.3","font-backup":"","font-weight":400,"font-style":"normal"},"body_font_control":{"font-family":"Rubik","variant":"regular","font-size":"15px","font-backup":"","font-weight":400,"font-style":"normal"},"general_title_font_control":{"font-family":"Oswald","variant":"500","text-transform":"uppercase","font-backup":"","font-weight":500,"font-style":"normal"},"page_title_font_control":{"font-family":"Oswald","variant":"700","font-size":"40px","text-transform":"uppercase","font-backup":"","font-weight":700,"font-style":"normal"},"section_title_font_control":{"font-family":"Oswald","variant":"600","font-size":"24px","text-transform":"uppercase","font-backup":"","font-weight":600,"font-style":"normal"},"transparent_header_top_background_color":"rgba(0,0,0,0.3)","site_title_color":"#ffffff","site_tagline_color":"#dddddd","top_header_background_color":"#eb5a3e","top_header_text_color":"#dddddd","top_header_text_link_hover_color":"#ee755d","top_hover_color_transparent_header":"#ee755d","disable_top_header_border":true,"content_hover_color_transparent_header":"#ee755d","bottom_header_text_link_hover_color":"#ee755d","sub_menu_link_hover_color":"#ee755d","header_image_height":"80","header_buttons_font_control":{"font-family":"Rubik","variant":"500","font-size":"14px","text-transform":"uppercase","line-height":"1.5","font-backup":"","font-weight":500,"font-style":"normal"},"disable_hamburger_menu_icon":true,"slider_width_controls":"full","main_slider_content_alignment":"center","main_slider_effect":"horizontal-slide","main_slider_height":"650","slider_post_meta_icon_color":"#ffffff","separate_hover_color_for_main_slider":"#ee755d","slider_posts_number":"3","main_slider_title_font_control":{"font-family":"Oswald","variant":"700","font-size":"55px","text-transform":"uppercase","line-height":"1.4","font-backup":"","font-weight":700,"font-style":"normal"},"main_slider_cat_font_control":{"font-family":"Rubik","variant":"regular","font-size":"15px","text-transform":"uppercase","line-height":"1.6","font-backup":"","font-weight":400,"font-style":"normal"},"main_slider_meta_font_control":{"font-family":"Rubik","variant":"regular","font-size":"14px","text-transform":"capitalize","line-height":"1.6","font-backup":"","font-weight":400,"font-style":"normal"},"main_slider_excerpt_font_control":{"font-family":"Rubik","variant":"regular","font-size":"17px","text-transform":"initial","line-height":"1.8","font-backup":"","font-weight":400,"font-style":"normal"},"main_slider_button_font_control":{"font-family":"Rubik","variant":"500","font-size":"15px","text-transform":"uppercase","line-height":"2","font-backup":"","font-weight":500,"font-style":"normal"},"featured_post_category_bgcolor":"#eb5a3e","featured_post_hover_color":"#ee755d","feature_posts_height":"250","feature_posts_columns":"two_columns","feature_posts_posts_number":"2","feature_posts_text_alignment":"text-left","feature_posts_overlay_opacity":"6","feature_posts_font_control":{"font-family":"Oswald","variant":"500","font-size":"25px","text-transform":"uppercase","line-height":"1.4","font-backup":"","font-weight":500,"font-style":"normal"},"featured_posts_cat_font_control":{"font-family":"Rubik","variant":"regular","font-size":"13px","text-transform":"uppercase","line-height":"1","font-backup":"","font-weight":400,"font-style":"normal"},"featured_posts_meta_font_control":{"font-family":"Rubik","variant":"regular","font-size":"14px","text-transform":"capitalize","line-height":"1.6","font-backup":"","font-weight":400,"font-style":"normal"},"disable_highlight_posts_section_title":false,"highlight_posts_section_title":"highlighted posts","highlight_posts_section_title_font_control":{"font-family":"Oswald","variant":"600","font-size":"30px","text-transform":"uppercase","line-height":"1.2","font-backup":"","font-weight":600,"font-style":"normal"},"disable_highlight_posts_section_description":false,"highlight_posts_section_description":"Vero aliqua? Aliqua mollitia etiam laudantium magna incidunt.","highlight_posts_section_description_font_control":{"font-family":"Rubik","variant":"regular","font-size":"16px","text-transform":"none","line-height":"1.8","font-backup":"","font-weight":400,"font-style":"normal"},"highlight_posts_section_title_desc_alignment":"center","highlight_post_title_color":"#ffffff","highlight_post_category_bgcolor":"#eb5a3e","highlight_post_meta_color":"#dddddd","highlight_post_meta_icon_color":"#eb5a3e","highlight_post_hover_color":"#af3119","highlight_posts_cat_font_control":{"font-family":"Rubik","variant":"500","font-size":"12px","text-transform":"uppercase","line-height":"1","font-backup":"","font-weight":500,"font-style":"normal"},"highlight_posts_title_font_control":{"font-family":"Oswald","variant":"500","font-size":"20px","text-transform":"uppercase","line-height":"1.4","font-backup":"","font-weight":500,"font-style":"normal"},"hide_highlight_posts_comment":false,"highlight_posts_meta_font_control":{"font-family":"Rubik","variant":"regular","font-size":"13px","text-transform":"capitalize","line-height":"1.6","font-backup":"","font-weight":400,"font-style":"normal"},"archive_post_layout":"grid","blog_post_title_color":"#ffffff","blog_post_category_color":"#eb5a3e","blog_post_meta_color":"#dddddd","blog_post_meta_icon_color":"#eb5a3e","blog_post_text_color":"#dddddd","blog_post_hover_color":"#af3119","blog_post_title_font_control":{"font-family":"Oswald","variant":"500","font-size":"22px","text-transform":"uppercase","line-height":"1.4","font-backup":"","font-weight":500,"font-style":"normal"},"blog_post_cat_font_control":{"font-family":"Rubik","variant":"regular","font-size":"14px","text-transform":"uppercase","line-height":"1.6","font-backup":"","font-weight":400,"font-style":"normal"},"hide_author":false,"blog_post_meta_font_control":{"font-family":"Rubik","variant":"regular","font-size":"13px","text-transform":"capitalize","line-height":"1.6","font-backup":"","font-weight":400,"font-style":"normal"},"blog_post_excerpt_font_control":{"font-family":"Rubik","variant":"regular","font-size":"15px","text-transform":"initial","line-height":"1.8","font-backup":"","font-weight":400,"font-style":"normal"},"footer_layout":"footer_two","disable_footer_social_links":false,"social_icons_size":"17","footer_style_font_control":{"font-family":"Oswald","variant":"regular","font-size":"16px","text-transform":"uppercase","line-height":"1.6","font-backup":"","font-weight":400,"font-style":"normal"},"sidebar_widget_title_font_control":{"font-family":"Oswald","variant":"500","font-size":"18px","text-transform":"uppercase","line-height":"1.4","font-backup":"","font-weight":500,"font-style":"normal"},"disable_sidebar_page":false,"feature_posts_category":"17","bottom_footer_background_color":"#262626","bottom_footer_text_color":"#dddddd","bottom_footer_text_link_color":"#ffffff","bottom_footer_text_link_hover_color":"#ee755d","bottom_footer_image_width":"170","top_footer_background_color":"#2b2b2b","top_footer_widget_title_color":"#dddddd","top_footer_widget_link_color":"#ffffff","top_footer_widget_content_color":"#dddddd","top_footer_widget_link_hover_color":"#ee755d","footer_widget_title_font_control":{"font-family":"Oswald","variant":"500","font-size":"16px","text-transform":"uppercase","line-height":"1.4","font-backup":"","font-weight":500,"font-style":"normal"},"footer_widget_area_top_padding":"70","header_separate_logo":245,"logo_width":"170","disable_site_title":true,"disable_site_tagline":true,"bottom_footer_image":245,"bottom_footer_image_link":"https:\/\/demo.bosathemes.com\/bosa\/corporate-dark","preloader_custom_image_width":"50","preloader_animation":"animation_three","bottom_header_text_color":"#dddddd","transparent_header_top_header_color":"#dddddd","custom_logo":245},"theme_mods_bosa-corporate-dark-child":{"0":false,"nav_menu_locations":{"menu-1":19,"menu-2":20},"advanced_import_setup_complete":1616062242,"custom_css_post_id":-1,"header_button_repeater":[{"header_btn_type":"button-outline","header_btn_bg_color":"#eb5a3e","header_btn_border_color":"#1a1a1a","header_btn_text_color":"#1a1a1a","header_btn_hover_color":"#086abd","header_btn_text":"","header_btn_link":"","header_btn_target":true,"header_btn_radius":0}],"transparent_header_button_repeater":[{"transparent_header_btn_type":"button-primary","transparent_header_home_btn_bg_color":"#eb5a3e","transparent_header_home_btn_border_color":"#eb5a3e","transparent_header_home_btn_text_color":"#ffffff","transparent_header_btn_bg_color":"#eb5a3e","transparent_header_btn_border_color":"#eb5a3e","transparent_header_btn_text_color":"#ffffff","transparent_header_btn_hover_color":"#af3119","transparent_header_btn_text":"get a quote","transparent_header_btn_link":"#","transparent_header_btn_target":true,"transparent_header_btn_radius":0}],"header_image_slider":[{"slider_item":""}],"skin_select":"dark","social_media_links":[{"icon":"fab fa-facebook","link":"#","target":true},{"icon":"fab fa-twitter","link":"#","target":true},{"icon":"fab fa-google","link":"#","target":true},{"icon":"fab fa-instagram","link":"#","target":true},{"icon":"fab fa-pinterest","link":"#","target":true}],"main_slider_button_repeater":[{"slider_btn_type":"button-primary","slider_btn_bg_color":"#eb5a3e","slider_btn_border_color":"#ffffff","slider_btn_text_color":"#ffffff","slider_btn_hover_color":"#af3119","slider_btn_text":"Continue reading","slider_btn_radius":0}],"main_banner_buttons_repeater":[{"banner_btn_type":"button-outline","banner_btn_bg_color":"#eb5a3e","banner_btn_border_color":"#ffffff","banner_btn_text_color":"#ffffff","banner_btn_hover_color":"#086abd","banner_btn_text":"","banner_btn_link":"","banner_btn_target":true,"banner_btn_radius":0}],"blog_page_button_repeater":[{"blog_btn_type":"button-text","blog_btn_bg_color":"#eb5a3e","blog_btn_border_color":"#1a1a1a","blog_btn_text_color":"#1a1a1a","blog_btn_hover_color":"#086abd","blog_btn_text":"","blog_btn_radius":0}],"header_layout":"header_two","contact_phone":"+ (911) 1987 123456","contact_email":"yourmail@email.com","contact_address":"Rock Street, San Francisco","site_primary_color":"#eb5a3e","header_textcolor":"#ffffff","site_body_text_color":"#dddddd","site_heading_text_color":"#ffffff","site_hover_color":"#af3119","site_title_font_control":{"font-family":"Oswald","variant":"600","font-size":"24px","text-transform":"uppercase","font-backup":"","font-weight":600,"font-style":"normal"},"site_description_font_control":{"font-family":"Rubik","variant":"regular","font-size":"14px","text-transform":"none","font-backup":"","font-weight":400,"font-style":"normal"},"main_menu_font_control":{"font-family":"Oswald","font-size":"16px","text-transform":"uppercase","variant":"regular","line-height":"1.5","font-backup":"","font-weight":400,"font-style":"normal"},"main_menu_description_font_control":{"font-family":"Rubik","font-size":"11px","text-transform":"none","variant":"regular","line-height":"1.3","font-backup":"","font-weight":400,"font-style":"normal"},"body_font_control":{"font-family":"Rubik","variant":"regular","font-size":"15px","font-backup":"","font-weight":400,"font-style":"normal"},"general_title_font_control":{"font-family":"Oswald","variant":"500","text-transform":"uppercase","font-backup":"","font-weight":500,"font-style":"normal"},"page_title_font_control":{"font-family":"Oswald","variant":"700","font-size":"40px","text-transform":"uppercase","font-backup":"","font-weight":700,"font-style":"normal"},"section_title_font_control":{"font-family":"Oswald","variant":"600","font-size":"24px","text-transform":"uppercase","font-backup":"","font-weight":600,"font-style":"normal"},"transparent_header_top_background_color":"rgba(0,0,0,0.3)","site_title_color":"#ffffff","site_tagline_color":"#dddddd","top_header_background_color":"#eb5a3e","top_header_text_color":"#dddddd","top_header_text_link_hover_color":"#ee755d","top_hover_color_transparent_header":"#ee755d","disable_top_header_border":true,"content_hover_color_transparent_header":"#ee755d","bottom_header_text_link_hover_color":"#ee755d","sub_menu_link_hover_color":"#ee755d","header_image_height":"80","header_buttons_font_control":{"font-family":"Rubik","variant":"500","font-size":"14px","text-transform":"uppercase","line-height":"1.5","font-backup":"","font-weight":500,"font-style":"normal"},"disable_hamburger_menu_icon":true,"slider_width_controls":"full","main_slider_content_alignment":"center","main_slider_effect":"horizontal-slide","main_slider_height":"650","slider_post_meta_icon_color":"#ffffff","separate_hover_color_for_main_slider":"#ee755d","slider_posts_number":"3","main_slider_title_font_control":{"font-family":"Oswald","variant":"700","font-size":"55px","text-transform":"uppercase","line-height":"1.4","font-backup":"","font-weight":700,"font-style":"normal"},"main_slider_cat_font_control":{"font-family":"Rubik","variant":"regular","font-size":"15px","text-transform":"uppercase","line-height":"1.6","font-backup":"","font-weight":400,"font-style":"normal"},"main_slider_meta_font_control":{"font-family":"Rubik","variant":"regular","font-size":"14px","text-transform":"capitalize","line-height":"1.6","font-backup":"","font-weight":400,"font-style":"normal"},"main_slider_excerpt_font_control":{"font-family":"Rubik","variant":"regular","font-size":"17px","text-transform":"initial","line-height":"1.8","font-backup":"","font-weight":400,"font-style":"normal"},"main_slider_button_font_control":{"font-family":"Rubik","variant":"500","font-size":"15px","text-transform":"uppercase","line-height":"2","font-backup":"","font-weight":500,"font-style":"normal"},"featured_post_category_bgcolor":"#eb5a3e","featured_post_hover_color":"#ee755d","feature_posts_height":"250","feature_posts_columns":"two_columns","feature_posts_posts_number":"2","feature_posts_text_alignment":"text-left","feature_posts_overlay_opacity":"6","feature_posts_font_control":{"font-family":"Oswald","variant":"500","font-size":"25px","text-transform":"uppercase","line-height":"1.4","font-backup":"","font-weight":500,"font-style":"normal"},"featured_posts_cat_font_control":{"font-family":"Rubik","variant":"regular","font-size":"13px","text-transform":"uppercase","line-height":"1","font-backup":"","font-weight":400,"font-style":"normal"},"featured_posts_meta_font_control":{"font-family":"Rubik","variant":"regular","font-size":"14px","text-transform":"capitalize","line-height":"1.6","font-backup":"","font-weight":400,"font-style":"normal"},"disable_highlight_posts_section_title":false,"highlight_posts_section_title":"highlighted posts","highlight_posts_section_title_font_control":{"font-family":"Oswald","variant":"600","font-size":"30px","text-transform":"uppercase","line-height":"1.2","font-backup":"","font-weight":600,"font-style":"normal"},"disable_highlight_posts_section_description":false,"highlight_posts_section_description":"Vero aliqua? Aliqua mollitia etiam laudantium magna incidunt.","highlight_posts_section_description_font_control":{"font-family":"Rubik","variant":"regular","font-size":"16px","text-transform":"none","line-height":"1.8","font-backup":"","font-weight":400,"font-style":"normal"},"highlight_posts_section_title_desc_alignment":"center","highlight_post_title_color":"#ffffff","highlight_post_category_bgcolor":"#eb5a3e","highlight_post_meta_color":"#dddddd","highlight_post_meta_icon_color":"#eb5a3e","highlight_post_hover_color":"#af3119","highlight_posts_cat_font_control":{"font-family":"Rubik","variant":"500","font-size":"12px","text-transform":"uppercase","line-height":"1","font-backup":"","font-weight":500,"font-style":"normal"},"highlight_posts_title_font_control":{"font-family":"Oswald","variant":"500","font-size":"20px","text-transform":"uppercase","line-height":"1.4","font-backup":"","font-weight":500,"font-style":"normal"},"hide_highlight_posts_comment":false,"highlight_posts_meta_font_control":{"font-family":"Rubik","variant":"regular","font-size":"13px","text-transform":"capitalize","line-height":"1.6","font-backup":"","font-weight":400,"font-style":"normal"},"archive_post_layout":"grid","blog_post_title_color":"#ffffff","blog_post_category_color":"#eb5a3e","blog_post_meta_color":"#dddddd","blog_post_meta_icon_color":"#eb5a3e","blog_post_text_color":"#dddddd","blog_post_hover_color":"#af3119","blog_post_title_font_control":{"font-family":"Oswald","variant":"500","font-size":"22px","text-transform":"uppercase","line-height":"1.4","font-backup":"","font-weight":500,"font-style":"normal"},"blog_post_cat_font_control":{"font-family":"Rubik","variant":"regular","font-size":"14px","text-transform":"uppercase","line-height":"1.6","font-backup":"","font-weight":400,"font-style":"normal"},"hide_author":false,"blog_post_meta_font_control":{"font-family":"Rubik","variant":"regular","font-size":"13px","text-transform":"capitalize","line-height":"1.6","font-backup":"","font-weight":400,"font-style":"normal"},"blog_post_excerpt_font_control":{"font-family":"Rubik","variant":"regular","font-size":"15px","text-transform":"initial","line-height":"1.8","font-backup":"","font-weight":400,"font-style":"normal"},"footer_layout":"footer_two","disable_footer_social_links":false,"social_icons_size":"17","footer_style_font_control":{"font-family":"Oswald","variant":"regular","font-size":"16px","text-transform":"uppercase","line-height":"1.6","font-backup":"","font-weight":400,"font-style":"normal"},"sidebar_widget_title_font_control":{"font-family":"Oswald","variant":"500","font-size":"18px","text-transform":"uppercase","line-height":"1.4","font-backup":"","font-weight":500,"font-style":"normal"},"disable_sidebar_page":false,"feature_posts_category":"17","bottom_footer_background_color":"#262626","bottom_footer_text_color":"#dddddd","bottom_footer_text_link_color":"#ffffff","bottom_footer_text_link_hover_color":"#ee755d","bottom_footer_image_width":"170","top_footer_background_color":"#2b2b2b","top_footer_widget_title_color":"#dddddd","top_footer_widget_link_color":"#ffffff","top_footer_widget_content_color":"#dddddd","top_footer_widget_link_hover_color":"#ee755d","footer_widget_title_font_control":{"font-family":"Oswald","variant":"500","font-size":"16px","text-transform":"uppercase","line-height":"1.4","font-backup":"","font-weight":500,"font-style":"normal"},"footer_widget_area_top_padding":"70","header_separate_logo":245,"logo_width":"170","disable_site_title":true,"disable_site_tagline":true,"bottom_footer_image":245,"bottom_footer_image_link":"https:\/\/demo.bosathemes.com\/bosa\/corporate-dark","preloader_custom_image_width":"50","preloader_animation":"animation_three","bottom_header_text_color":"#dddddd","transparent_header_top_header_color":"#dddddd","custom_logo":245},"woocommerce_shop_page_id":"6","woocommerce_shop_page_id-child":"6","theme_mods_bosa":{"0":false,"custom_css_post_id":95,"contact_phone":"+ (911) 1987 123456","contact_email":"yourmail@email.com","contact_address":"Rock Street, San Francisco","header_button_repeater":[{"header_btn_type":"button-outline","header_btn_bg_color":"#eb5a3e","header_btn_border_color":"#1a1a1a","header_btn_text_color":"#1a1a1a","header_btn_hover_color":"#086abd","header_btn_text":"","header_btn_link":"","header_btn_target":true,"header_btn_radius":0}],"transparent_header_button_repeater":[{"transparent_header_btn_type":"button-outline","transparent_header_home_btn_bg_color":"#eb5a3e","transparent_header_home_btn_border_color":"#ffffff","transparent_header_home_btn_text_color":"#ffffff","transparent_header_btn_bg_color":"#eb5a3e","transparent_header_btn_border_color":"#1a1a1a","transparent_header_btn_text_color":"#1a1a1a","transparent_header_btn_hover_color":"#086abd","transparent_header_btn_text":"","transparent_header_btn_link":"","transparent_header_btn_target":true,"transparent_header_btn_radius":0}],"header_image_slider":[{"slider_item":""}],"social_media_links":[{"icon":"fab fa-facebook","link":"#","target":true},{"icon":"fab fa-twitter","link":"#","target":true},{"icon":"fab fa-google","link":"#","target":true},{"icon":"fab fa-instagram","link":"#","target":true},{"icon":"fab fa-pinterest","link":"#","target":true}],"main_slider_button_repeater":[{"slider_btn_type":"button-outline","slider_btn_bg_color":"#eb5a3e","slider_btn_border_color":"#ffffff","slider_btn_text_color":"#ffffff","slider_btn_hover_color":"#a8d8ff","slider_btn_text":"","slider_btn_radius":0}],"main_banner_buttons_repeater":[{"banner_btn_type":"button-outline","banner_btn_bg_color":"#eb5a3e","banner_btn_border_color":"#ffffff","banner_btn_text_color":"#ffffff","banner_btn_hover_color":"#086abd","banner_btn_text":"","banner_btn_link":"","banner_btn_target":true,"banner_btn_radius":0}],"blog_page_button_repeater":[{"blog_btn_type":"button-text","blog_btn_bg_color":"#eb5a3e","blog_btn_border_color":"#1a1a1a","blog_btn_text_color":"#1a1a1a","blog_btn_hover_color":"#086abd","blog_btn_text":"","blog_btn_radius":0}],"header_layout":"header_two","header_image_height":"80","site_title_font_control":{"font-family":"Oswald","variant":"600","font-size":"26px","text-transform":"uppercase","font-backup":"","font-weight":600,"font-style":"normal"},"site_description_font_control":{"font-family":"Rubik","variant":"regular","font-size":"14px","text-transform":"none","font-backup":"","font-weight":400,"font-style":"normal"},"main_menu_font_control":{"font-family":"Oswald","font-size":"16px","text-transform":"uppercase","variant":"500","line-height":"1.5","font-backup":"","font-weight":500,"font-style":"normal"},"body_font_control":{"font-family":"Rubik","variant":"regular","font-size":"15px","font-backup":"","font-weight":400,"font-style":"normal"},"main_slider_height":"650","separate_hover_color_for_main_slider":"#8bf7bc","main_slider_content_alignment":"left"},"theme_mods_bosa-child":{"0":false,"custom_css_post_id":95,"contact_phone":"+ (911) 1987 123456","contact_email":"yourmail@email.com","contact_address":"Rock Street, San Francisco","header_button_repeater":[{"header_btn_type":"button-outline","header_btn_bg_color":"#eb5a3e","header_btn_border_color":"#1a1a1a","header_btn_text_color":"#1a1a1a","header_btn_hover_color":"#086abd","header_btn_text":"","header_btn_link":"","header_btn_target":true,"header_btn_radius":0}],"transparent_header_button_repeater":[{"transparent_header_btn_type":"button-outline","transparent_header_home_btn_bg_color":"#eb5a3e","transparent_header_home_btn_border_color":"#ffffff","transparent_header_home_btn_text_color":"#ffffff","transparent_header_btn_bg_color":"#eb5a3e","transparent_header_btn_border_color":"#1a1a1a","transparent_header_btn_text_color":"#1a1a1a","transparent_header_btn_hover_color":"#086abd","transparent_header_btn_text":"","transparent_header_btn_link":"","transparent_header_btn_target":true,"transparent_header_btn_radius":0}],"header_image_slider":[{"slider_item":""}],"social_media_links":[{"icon":"fab fa-facebook","link":"#","target":true},{"icon":"fab fa-twitter","link":"#","target":true},{"icon":"fab fa-google","link":"#","target":true},{"icon":"fab fa-instagram","link":"#","target":true},{"icon":"fab fa-pinterest","link":"#","target":true}],"main_slider_button_repeater":[{"slider_btn_type":"button-outline","slider_btn_bg_color":"#eb5a3e","slider_btn_border_color":"#ffffff","slider_btn_text_color":"#ffffff","slider_btn_hover_color":"#a8d8ff","slider_btn_text":"","slider_btn_radius":0}],"main_banner_buttons_repeater":[{"banner_btn_type":"button-outline","banner_btn_bg_color":"#eb5a3e","banner_btn_border_color":"#ffffff","banner_btn_text_color":"#ffffff","banner_btn_hover_color":"#086abd","banner_btn_text":"","banner_btn_link":"","banner_btn_target":true,"banner_btn_radius":0}],"blog_page_button_repeater":[{"blog_btn_type":"button-text","blog_btn_bg_color":"#eb5a3e","blog_btn_border_color":"#1a1a1a","blog_btn_text_color":"#1a1a1a","blog_btn_hover_color":"#086abd","blog_btn_text":"","blog_btn_radius":0}],"header_layout":"header_two","header_image_height":"80","site_title_font_control":{"font-family":"Oswald","variant":"600","font-size":"26px","text-transform":"uppercase","font-backup":"","font-weight":600,"font-style":"normal"},"site_description_font_control":{"font-family":"Rubik","variant":"regular","font-size":"14px","text-transform":"none","font-backup":"","font-weight":400,"font-style":"normal"},"main_menu_font_control":{"font-family":"Oswald","font-size":"16px","text-transform":"uppercase","variant":"500","line-height":"1.5","font-backup":"","font-weight":500,"font-style":"normal"},"body_font_control":{"font-family":"Rubik","variant":"regular","font-size":"15px","font-backup":"","font-weight":400,"font-style":"normal"},"main_slider_height":"650","separate_hover_color_for_main_slider":"#8bf7bc","main_slider_content_alignment":"left"}}}