{"widget_positions":{"wp_inactive_widgets":[],"right-sidebar":["bosa_author_widget-2","bosa_latest_post-3","recent-posts-2"],"menu-sidebar":["categories-2","bosa_latest_post-5"],"left-sidebar":[],"woocommerce-right-sidebar":["woocommerce_price_filter-2","woocommerce_products-2","categories-3"],"woocommerce-left-sidebar":[],"footer-sidebar-1":["text-2"],"footer-sidebar-2":["bosa_latest_post-4"],"footer-sidebar-3":["text-3"],"footer-sidebar-4":["tag_cloud-4"],"array_version":3},"widget_options":{"bosa_author_widget":{"2":{"title":"About our director","page_id":238,"full-square-thumb":false,"page_title":true,"excerpt_count":"20","sub_title":"Director","content_alignment":"center","social_title":null,"social_desc":null,"social_menu_icon_1":"fab fa-facebook","social_menu_link_1":"#","social_menu_icon_2":"fab fa-twitter","social_menu_link_2":"#","social_menu_icon_3":"fab fa-instagram","social_menu_link_3":"#","social_menu_icon_4":"fab fa-google","social_menu_link_4":"#","social_menu_icon_5":"fab fa-linkedin","social_menu_link_5":"#","social_menu_icon_6":"","social_menu_link_6":"","social_menu_icon_7":"","social_menu_link_7":"","social_menu_icon_8":"","social_menu_link_8":"","social_menu_icon_9":"","social_menu_link_9":"","social_menu_icon_10":"","social_menu_link_10":""},"_multiwidget":1},"bosa_latest_post":{"3":{"title":"Most Viewed","category":0,"per_page":"3","show_date_comment":true,"layout":"right"},"4":{"title":"Latest post","category":0,"per_page":"1","show_date_comment":false,"layout":"full"},"5":{"title":"Recent posts","category":0,"per_page":"3","show_date_comment":true,"layout":"left"},"_multiwidget":1},"recent-posts":{"2":{"title":"Recent posts","number":5,"show_date":false},"_multiwidget":1},"categories":{"2":{"title":"","count":0,"hierarchical":0,"dropdown":0},"3":{"title":"Product Categories","count":0,"hierarchical":0,"dropdown":0},"_multiwidget":1},"woocommerce_price_filter":{"2":{"title":"Filter by price"},"_multiwidget":1},"woocommerce_products":{"2":{"title":"latest Products","number":3,"show":"","orderby":"date","order":"desc","hide_free":0,"show_hidden":0},"_multiwidget":1},"text":{"1":[],"2":{"title":"About Bosa Corporate","text":"Reprehenderit voluptatibus sociis cubilia a? Aliquam inceptos, maxime cupidatat porro exercitation dolorum. Penatibus officia laboris fugit netus sit! Integer sagittis. Aliquam inceptos, maxi me!","filter":true,"visual":true},"3":{"title":"Working hours","text":"Hymenaeos odio orci cum natoque dui accusamus, dictumst litora primis.\r\n<ul>\r\n \t<li>Mon-Fri : 9:00AM \u2013 5:00PM<\/li>\r\n \t<li>Sat-Sun : 10:00AM \u2013 3:00PM<\/li>\r\n<\/ul>","filter":true,"visual":true},"_multiwidget":1},"tag_cloud":{"4":{"title":"Post tags","count":0,"taxonomy":"post_tag"},"_multiwidget":1}}}