{"menu":{"menu-2":5,"menu-1":4,"menu-3":23},"options":{"blogname":"Bosa Education","blogname-child":"Bosa Education","blogdescription":"Bosa is the perfect theme for your Business","blogdescription-child":"Bosa is the perfect theme for your Business","posts_per_page":"10","posts_per_page-child":"10","date_format":"F j, Y","date_format-child":"F j, Y","time_format":"g:i a","time_format-child":"g:i a","show_on_front":"page","show_on_front-child":"page","thumbnail_size_w":"150","thumbnail_size_w-child":"150","thumbnail_size_h":"150","thumbnail_size_h-child":"150","thumbnail_crop":"1","thumbnail_crop-child":"1","medium_size_w":"300","medium_size_w-child":"300","medium_size_h":"300","medium_size_h-child":"300","avatar_default":"mystery","avatar_default-child":"mystery","large_size_w":"1024","large_size_w-child":"1024","large_size_h":"1024","large_size_h-child":"1024","page_for_posts":"23","page_for_posts-child":"23","page_on_front":"41","page_on_front-child":"41","medium_large_size_w":"768","medium_large_size_w-child":"768","medium_large_size_h":"0","medium_large_size_h-child":"0","theme_mods_bosa-pro":{"custom_css_post_id":77,"advanced_import_setup_complete":1600414304,"top_header_background_color":"#113967","header_image_slider":[],"social_media_links":[{"icon":"fab fa-facebook","link":"#","target":true},{"icon":"fab fa-pinterest","link":"#","target":true},{"icon":"fab fa-twitter","link":"#","target":true},{"icon":"fab fa-google","link":"#","target":true},{"icon":"fab fa-instagram","link":"#","target":true}],"main_banner_buttons":[{"text":"Learn More","link":"#","type":"button-primary"},{"text":"Read More","link":"#","type":"button-outline"}],"coming_maintenance_buttons":[{"maintenance_btn_type":"button-primary","maintenance_btn_bg_color":"#113967","maintenance_btn_border_color":"#ffffff","maintenance_btn_text_color":"#ffffff","maintenance_btn_hover_color":"#c44817","maintenance_btn_text":"Button Text","maintenance_btn_link":"#","maintenance_btn_target":true,"maintenance_btn_radius":"4"}],"coming_maintenance_image_slider":[],"top_header_text_color":"#ffffff","header_button_background_color":"#0a294d","header_button_text":"Get Quotes","header_button_link":"#","header_button_border_radius":"4","site_hover_color":"#c44817","site_primary_color":"#ff6d34","disable_hamburger_menu_icon":true,"disable_notification_bar":true,"logo_width":"200","disable_site_title":true,"disable_site_tagline":true,"footer_image":121,"footer_layout":"footer_five","main_slider_controls":"banner","archive_post_layout":"list-reverse","blog_post_category_color":"#ff6d34","hide_post_button":true,"post_button_type":"button-primary","post_button_border_radius":"5","highlight_posts_columns":"two_columns","main_slider_height":"600","highlight_posts_height":"360","highlight_posts_image_size":"cover","banner_title":"we are dedicate to support your study!","banner_button_border_radius":"5","banner_image":72,"banner_subtitle":"Fuga netus torquent eaque ullamco dui? Eaque, animi, quasi doloribus class dis adipiscing torquent eaque lobortis sunt dictum, netus tellus? Ab at, fringilla torquent? Accumsan.","banner_image_overlay_opacity":"5","highlight_posts_posts_number":"3","sidebar_settings":"right","preloader_animation":"animation_eight","footer_text":"Copyright \u00a9 2021<a href=\"https:\/\/demo.bosathemes.com\/bosa\/education\" title=\"Bosa Education \"> Bosa Education<\/a> .  Theme: <a href=\"https:\/\/bosathemes.com\/\" target=\"_blank\" title=\"Bosa\" rel=\"author\">Bosa<\/a> By KeonThemes.","disable_header_button":false,"header_button_repeater":[{"header_btn_type":"button-primary","header_btn_bg_color":"#113967","header_btn_border_color":"#1a1a1a","header_btn_text_color":"#ffffff","header_btn_hover_color":"#c44817","header_btn_text":"Get a Quote","header_btn_link":"#","header_btn_target":true,"header_btn_radius":0}],"header_image_height":"160","blog_post_title_color":"#212121","blog_post_meta_color":"#545454","blog_post_text_color":"#5e5e5e","top_header_text_link_hover_color":"#ec9573","bottom_header_text_link_hover_color":"#ff6d34","body_font_control":{"font-family":"Poppins","variant":"regular","font-size":"15px","font-backup":"","font-weight":400,"font-style":"normal"},"page_title_font_control":{"font-family":"Poppins","variant":"600","font-size":"35px","text-transform":"uppercase","font-backup":"","font-weight":600,"font-style":"normal"},"disable_highlight_posts_section":false,"highlight_posts_slides_show":"3","highlight_posts_section_title":"more posts to see","highlight_posts_title_font_control":{"font-family":"Poppins","variant":"500","font-size":"18px","text-transform":"capitalize","line-height":"1.4","font-backup":"","font-weight":500,"font-style":"normal"},"general_title_font_control":{"font-family":"Poppins","text-transform":"capitalize","font-backup":"","variant":"regular","font-weight":400,"font-style":"normal"},"section_title_font_control":{"font-family":"Poppins","variant":"600","font-size":"24px","text-transform":"uppercase","font-backup":"","font-weight":600,"font-style":"normal"},"disable_sidebar_widget_title_border":false,"header_layout":"header_four","header_icon_color":"#113967","bottom_header_background_color":"#ffffff","bottom_header_text_color":"#212121","disable_header_border":true,"transparent_header_button_repeater":[{"transparent_header_btn_type":"button-outline","transparent_header_home_btn_bg_color":"#eb5a3e","transparent_header_home_btn_border_color":"#ffffff","transparent_header_home_btn_text_color":"#ffffff","transparent_header_btn_bg_color":"#eb5a3e","transparent_header_btn_border_color":"#1a1a1a","transparent_header_btn_text_color":"#1a1a1a","transparent_header_btn_hover_color":"#086abd","transparent_header_btn_text":"Get a Quote","transparent_header_btn_link":"#","transparent_header_btn_target":true,"transparent_header_btn_radius":0}],"notification_button_repeater":[{"noti_btn_type":"button-primary","noti_btn_bg_color":"#113967","noti_btn_border_color":"#ffffff","noti_btn_text_color":"#ffffff","noti_btn_hover_color":"#c44817","noti_btn_text":"View More","noti_btn_link":"#","noti_btn_target":true,"noti_btn_radius":0}],"main_slider_button_repeater":[{"slider_btn_type":"button-primary","slider_btn_bg_color":"#113967","slider_btn_border_color":"#ffffff","slider_btn_text_color":"#ffffff","slider_btn_hover_color":"#c44817","slider_btn_text":"Learn More","slider_btn_radius":"8"}],"main_banner_buttons_repeater":[{"banner_btn_type":"button-primary","banner_btn_bg_color":"#113967","banner_btn_border_color":"#ffffff","banner_btn_text_color":"#ffffff","banner_btn_hover_color":"#c44817","banner_btn_text":"Learn More","banner_btn_link":"#","banner_btn_target":true,"banner_btn_radius":"4"}],"blog_page_button_repeater":[{"blog_btn_type":"button-primary","blog_btn_bg_color":"#113967","blog_btn_border_color":"#1a1a1a","blog_btn_text_color":"#ffffff","blog_btn_hover_color":"#c44817","blog_btn_text":"View More","blog_btn_radius":0}],"header_nav_height":"60","mid_header_background_color":"#fcfcfc","disable_mid_header_border":true,"disable_mobile_search_icon":false,"header_menu_bg_color":"#113967","header_phone_label":"Phone Number","header_email_label":"Email Address","header_address_label":"Address location","contact_label_font_control":{"font-family":"Poppins","variant":"700","font-size":"14px","text-transform":"uppercase","line-height":"1.6","font-backup":"","font-weight":700,"font-style":"normal"},"contact_phone":"(+984) 256 897 22","contact_email":"yourname@company.com","contact_address":"Rock Street, San Francisco","header_buttons_font_control":{"font-family":"Poppins","variant":"500","font-size":"14px","text-transform":"none","line-height":"1","font-backup":"","font-weight":500,"font-style":"normal"},"main_menu_font_control":{"font-family":"Poppins","font-size":"14px","text-transform":"uppercase","variant":"600","line-height":"1.5","font-backup":"","font-weight":600,"font-style":"normal"},"footer_widget_layout":"footer_widget_layout_eight","social_icons_size":"20","top_footer_widget_link_color":"#1e1e1e","main_slider_title_font_control":{"font-family":"Poppins","variant":"700","font-size":"60px","text-transform":"uppercase","line-height":"1.3","font-backup":"","font-weight":700,"font-style":"normal"},"main_banner_button_font_control":{"font-family":"Poppins","variant":"500","font-size":"15px","text-transform":"capitalize","line-height":"1.3","font-backup":"","font-weight":500,"font-style":"normal"},"main_banner_subtitle_font_control":{"font-family":"Poppins","variant":"regular","font-size":"16px","text-transform":"initial","line-height":"1.8","font-backup":"","font-weight":400,"font-style":"normal"},"blog_post_cat_font_control":{"font-family":"Poppins","variant":"regular","font-size":"13px","text-transform":"uppercase","line-height":"1.6","font-backup":"","font-weight":400,"font-style":"normal"},"blog_post_excerpt_font_control":{"font-family":"Poppins","variant":"regular","font-size":"15px","text-transform":"initial","line-height":"1.8","font-backup":"","font-weight":400,"font-style":"normal"},"top_footer_widget_title_color":"#303030","footer_widget_title_font_control":{"font-family":"Poppins","variant":"600","font-size":"16px","text-transform":"uppercase","line-height":"1.4","font-backup":"","font-weight":600,"font-style":"normal"},"blog_post_title_font_control":{"font-family":"Poppins","variant":"500","font-size":"20px","text-transform":"none","line-height":"1.4","font-backup":"","font-weight":500,"font-style":"normal"},"mid_header_text_link_hover_color":"#ff6d34","disable_sticky_sidebar":false,"footer_widget_area_top_padding":"20","separate_hover_color_for_main_slider":"#c44817","main_slider_button_font_control":{"font-family":"Poppins","variant":"500","font-size":"15px","text-transform":"capitalize","line-height":"1","font-backup":"","font-weight":500,"font-style":"normal"},"blog_post_button_font_control":{"font-family":"Poppins","variant":"600","font-size":"14px","text-transform":"capitalize","line-height":"1.6","font-backup":"","font-weight":600,"font-style":"normal"},"maintenance_buttons_font_control":{"font-family":"Open Sans","variant":"regular","font-size":"15px","text-transform":"capitalize","line-height":"1","font-backup":"","font-weight":400,"font-style":"normal"},"preloader_custom_image_width":"40","custom_logo":492,"featured_post_category_bgcolor":"#f36c39","featured_post_hover_color":"#c44817","feature_posts_text_alignment":"text-center","feature_posts_title_alignment":"align-center","hide_featured_posts_date":true,"hide_featured_posts_author":true,"hide_featured_posts_comment":true,"highlight_posts_section_title_font_control":{"font-family":"Poppins","variant":"600","font-size":"24px","text-transform":"uppercase","line-height":"1.2","font-backup":"","font-weight":600,"font-style":"normal"},"highlight_post_title_color":"#212121","highlight_post_category_bgcolor":"#f36c39","highlight_post_hover_color":"#c44817","highlight_post_meta_color":"#545454"},"theme_mods_bosa-pro-child":{"custom_css_post_id":77,"nav_menu_locations":{"menu-2":5,"menu-1":4,"menu-3":23},"advanced_import_setup_complete":1600414304,"top_header_background_color":"#113967","header_image_slider":[],"social_media_links":[{"icon":"fab fa-facebook","link":"#","target":true},{"icon":"fab fa-pinterest","link":"#","target":true},{"icon":"fab fa-twitter","link":"#","target":true},{"icon":"fab fa-google","link":"#","target":true},{"icon":"fab fa-instagram","link":"#","target":true}],"main_banner_buttons":[{"text":"Learn More","link":"#","type":"button-primary"},{"text":"Read More","link":"#","type":"button-outline"}],"coming_maintenance_buttons":[{"maintenance_btn_type":"button-primary","maintenance_btn_bg_color":"#113967","maintenance_btn_border_color":"#ffffff","maintenance_btn_text_color":"#ffffff","maintenance_btn_hover_color":"#c44817","maintenance_btn_text":"Button Text","maintenance_btn_link":"#","maintenance_btn_target":true,"maintenance_btn_radius":"4"}],"coming_maintenance_image_slider":[],"top_header_text_color":"#ffffff","header_button_background_color":"#0a294d","header_button_text":"Get Quotes","header_button_link":"#","header_button_border_radius":"4","site_hover_color":"#c44817","site_primary_color":"#ff6d34","disable_hamburger_menu_icon":true,"disable_notification_bar":true,"logo_width":"200","disable_site_title":true,"disable_site_tagline":true,"footer_image":121,"footer_layout":"footer_five","main_slider_controls":"banner","archive_post_layout":"list-reverse","blog_post_category_color":"#ff6d34","hide_post_button":true,"post_button_type":"button-primary","post_button_border_radius":"5","highlight_posts_columns":"two_columns","main_slider_height":"600","highlight_posts_height":"360","highlight_posts_image_size":"cover","banner_title":"we are dedicate to support your study!","banner_button_border_radius":"5","banner_image":72,"banner_subtitle":"Fuga netus torquent eaque ullamco dui? Eaque, animi, quasi doloribus class dis adipiscing torquent eaque lobortis sunt dictum, netus tellus? Ab at, fringilla torquent? Accumsan.","banner_image_overlay_opacity":"5","highlight_posts_posts_number":"3","sidebar_settings":"right","preloader_animation":"animation_eight","footer_text":"Copyright \u00a9 2021<a href=\"https:\/\/demo.bosathemes.com\/bosa\/education\" title=\"Bosa Education \"> Bosa Education<\/a> .  Theme: <a href=\"https:\/\/bosathemes.com\/\" target=\"_blank\" title=\"Bosa\" rel=\"author\">Bosa<\/a> By KeonThemes.","disable_header_button":false,"header_button_repeater":[{"header_btn_type":"button-primary","header_btn_bg_color":"#113967","header_btn_border_color":"#1a1a1a","header_btn_text_color":"#ffffff","header_btn_hover_color":"#c44817","header_btn_text":"Get a Quote","header_btn_link":"#","header_btn_target":true,"header_btn_radius":0}],"header_image_height":"160","blog_post_title_color":"#212121","blog_post_meta_color":"#545454","blog_post_text_color":"#5e5e5e","top_header_text_link_hover_color":"#ec9573","bottom_header_text_link_hover_color":"#ff6d34","body_font_control":{"font-family":"Poppins","variant":"regular","font-size":"15px","font-backup":"","font-weight":400,"font-style":"normal"},"page_title_font_control":{"font-family":"Poppins","variant":"600","font-size":"35px","text-transform":"uppercase","font-backup":"","font-weight":600,"font-style":"normal"},"disable_highlight_posts_section":false,"highlight_posts_slides_show":"3","highlight_posts_section_title":"more posts to see","highlight_posts_title_font_control":{"font-family":"Poppins","variant":"500","font-size":"18px","text-transform":"capitalize","line-height":"1.4","font-backup":"","font-weight":500,"font-style":"normal"},"general_title_font_control":{"font-family":"Poppins","text-transform":"capitalize","font-backup":"","variant":"regular","font-weight":400,"font-style":"normal"},"section_title_font_control":{"font-family":"Poppins","variant":"600","font-size":"24px","text-transform":"uppercase","font-backup":"","font-weight":600,"font-style":"normal"},"disable_sidebar_widget_title_border":false,"header_layout":"header_four","header_icon_color":"#113967","bottom_header_background_color":"#ffffff","bottom_header_text_color":"#212121","disable_header_border":true,"transparent_header_button_repeater":[{"transparent_header_btn_type":"button-outline","transparent_header_home_btn_bg_color":"#eb5a3e","transparent_header_home_btn_border_color":"#ffffff","transparent_header_home_btn_text_color":"#ffffff","transparent_header_btn_bg_color":"#eb5a3e","transparent_header_btn_border_color":"#1a1a1a","transparent_header_btn_text_color":"#1a1a1a","transparent_header_btn_hover_color":"#086abd","transparent_header_btn_text":"Get a Quote","transparent_header_btn_link":"#","transparent_header_btn_target":true,"transparent_header_btn_radius":0}],"notification_button_repeater":[{"noti_btn_type":"button-primary","noti_btn_bg_color":"#113967","noti_btn_border_color":"#ffffff","noti_btn_text_color":"#ffffff","noti_btn_hover_color":"#c44817","noti_btn_text":"View More","noti_btn_link":"#","noti_btn_target":true,"noti_btn_radius":0}],"main_slider_button_repeater":[{"slider_btn_type":"button-primary","slider_btn_bg_color":"#113967","slider_btn_border_color":"#ffffff","slider_btn_text_color":"#ffffff","slider_btn_hover_color":"#c44817","slider_btn_text":"Learn More","slider_btn_radius":"8"}],"main_banner_buttons_repeater":[{"banner_btn_type":"button-primary","banner_btn_bg_color":"#113967","banner_btn_border_color":"#ffffff","banner_btn_text_color":"#ffffff","banner_btn_hover_color":"#c44817","banner_btn_text":"Learn More","banner_btn_link":"#","banner_btn_target":true,"banner_btn_radius":"4"}],"blog_page_button_repeater":[{"blog_btn_type":"button-primary","blog_btn_bg_color":"#113967","blog_btn_border_color":"#1a1a1a","blog_btn_text_color":"#ffffff","blog_btn_hover_color":"#c44817","blog_btn_text":"View More","blog_btn_radius":0}],"header_nav_height":"60","mid_header_background_color":"#fcfcfc","disable_mid_header_border":true,"disable_mobile_search_icon":false,"header_menu_bg_color":"#113967","header_phone_label":"Phone Number","header_email_label":"Email Address","header_address_label":"Address location","contact_label_font_control":{"font-family":"Poppins","variant":"700","font-size":"14px","text-transform":"uppercase","line-height":"1.6","font-backup":"","font-weight":700,"font-style":"normal"},"contact_phone":"(+984) 256 897 22","contact_email":"yourname@company.com","contact_address":"Rock Street, San Francisco","header_buttons_font_control":{"font-family":"Poppins","variant":"500","font-size":"14px","text-transform":"none","line-height":"1","font-backup":"","font-weight":500,"font-style":"normal"},"main_menu_font_control":{"font-family":"Poppins","font-size":"14px","text-transform":"uppercase","variant":"600","line-height":"1.5","font-backup":"","font-weight":600,"font-style":"normal"},"footer_widget_layout":"footer_widget_layout_eight","social_icons_size":"20","top_footer_widget_link_color":"#1e1e1e","main_slider_title_font_control":{"font-family":"Poppins","variant":"700","font-size":"60px","text-transform":"uppercase","line-height":"1.3","font-backup":"","font-weight":700,"font-style":"normal"},"main_banner_button_font_control":{"font-family":"Poppins","variant":"500","font-size":"15px","text-transform":"capitalize","line-height":"1.3","font-backup":"","font-weight":500,"font-style":"normal"},"main_banner_subtitle_font_control":{"font-family":"Poppins","variant":"regular","font-size":"16px","text-transform":"initial","line-height":"1.8","font-backup":"","font-weight":400,"font-style":"normal"},"blog_post_cat_font_control":{"font-family":"Poppins","variant":"regular","font-size":"13px","text-transform":"uppercase","line-height":"1.6","font-backup":"","font-weight":400,"font-style":"normal"},"blog_post_excerpt_font_control":{"font-family":"Poppins","variant":"regular","font-size":"15px","text-transform":"initial","line-height":"1.8","font-backup":"","font-weight":400,"font-style":"normal"},"top_footer_widget_title_color":"#303030","footer_widget_title_font_control":{"font-family":"Poppins","variant":"600","font-size":"16px","text-transform":"uppercase","line-height":"1.4","font-backup":"","font-weight":600,"font-style":"normal"},"blog_post_title_font_control":{"font-family":"Poppins","variant":"500","font-size":"20px","text-transform":"none","line-height":"1.4","font-backup":"","font-weight":500,"font-style":"normal"},"mid_header_text_link_hover_color":"#ff6d34","disable_sticky_sidebar":false,"footer_widget_area_top_padding":"20","separate_hover_color_for_main_slider":"#c44817","main_slider_button_font_control":{"font-family":"Poppins","variant":"500","font-size":"15px","text-transform":"capitalize","line-height":"1","font-backup":"","font-weight":500,"font-style":"normal"},"blog_post_button_font_control":{"font-family":"Poppins","variant":"600","font-size":"14px","text-transform":"capitalize","line-height":"1.6","font-backup":"","font-weight":600,"font-style":"normal"},"maintenance_buttons_font_control":{"font-family":"Open Sans","variant":"regular","font-size":"15px","text-transform":"capitalize","line-height":"1","font-backup":"","font-weight":400,"font-style":"normal"},"preloader_custom_image_width":"40","custom_logo":492,"featured_post_category_bgcolor":"#f36c39","featured_post_hover_color":"#c44817","feature_posts_text_alignment":"text-center","feature_posts_title_alignment":"align-center","hide_featured_posts_date":true,"hide_featured_posts_author":true,"hide_featured_posts_comment":true,"highlight_posts_section_title_font_control":{"font-family":"Poppins","variant":"600","font-size":"24px","text-transform":"uppercase","line-height":"1.2","font-backup":"","font-weight":600,"font-style":"normal"},"highlight_post_title_color":"#212121","highlight_post_category_bgcolor":"#f36c39","highlight_post_hover_color":"#c44817","highlight_post_meta_color":"#545454"},"woocommerce_shop_page_id":"253","woocommerce_shop_page_id-child":"253"}}