{"widget_positions":{"wp_inactive_widgets":[],"right-sidebar":["calendar-3","bosa_pro_latest_post-4","media_image-2"],"menu-sidebar":["bosa_pro_author_widget-2"],"left-sidebar":["bosa_pro_author_widget-3","bosa_pro_latest_post-3"],"woocommerce-right-sidebar":["calendar-4","woocommerce_product_search-2","woocommerce_products-2"],"woocommerce-left-sidebar":["woocommerce_price_filter-2","woocommerce_product_categories-2","media_gallery-4"],"footer-sidebar-1":["text-3"],"footer-sidebar-2":["text-2"],"footer-sidebar-3":["bosa_pro_latest_post-2"],"footer-sidebar-4":[],"array_version":3},"widget_options":{"calendar":{"3":{"title":"Calender"},"4":{"title":"Calender"},"_multiwidget":1},"bosa_pro_latest_post":{"2":{"title":"Latest Posts","per_page":"2","show_date_comment":true,"layout":"left"},"3":{"title":"Recent posts","per_page":"3","show_date_comment":true,"layout":"full"},"4":{"title":"Recent posts","per_page":"2","show_date_comment":false,"layout":"full"},"_multiwidget":1},"media_image":{"2":{"size":"full","width":550,"height":550,"caption":"","alt":"","link_type":"custom","link_url":"#","image_classes":"","link_classes":"","link_rel":"","link_target_blank":false,"image_title":"Advertisement","attachment_id":197,"url":"https:\/\/demo.bosathemes.com\/bosa\/education\/wp-content\/uploads\/sites\/4\/2020\/09\/bosa-education-img6-1.png","title":"Advertisement"},"_multiwidget":1},"bosa_pro_author_widget":{"2":{"title":"About our principle","page_id":195,"full-square-thumb":false,"page_title":true,"excerpt_count":"20","sub_title":"Principle","social_title":null,"social_desc":null,"social_menu_icon_1":"fab fa-facebook","social_menu_link_1":"#","social_menu_icon_2":"fab fa-instagram","social_menu_link_2":"#","social_menu_icon_3":"fab fa-twitter","social_menu_link_3":"#","social_menu_icon_4":"","social_menu_link_4":"","social_menu_icon_5":"","social_menu_link_5":"","social_menu_icon_6":"","social_menu_link_6":"","social_menu_icon_7":"","social_menu_link_7":"","social_menu_icon_8":"","social_menu_link_8":"","social_menu_icon_9":"","social_menu_link_9":""},"3":{"title":"About Principal","page_id":195,"full-square-thumb":false,"page_title":true,"excerpt_count":"20","sub_title":"Principal","social_title":null,"social_desc":null,"social_menu_icon_1":"fab fa-facebook","social_menu_link_1":"#","social_menu_icon_2":"fab fa-twitter","social_menu_link_2":"#","social_menu_icon_3":"fab fa-instagram","social_menu_link_3":"#","social_menu_icon_4":"","social_menu_link_4":"","social_menu_icon_5":"","social_menu_link_5":"","social_menu_icon_6":"","social_menu_link_6":"","social_menu_icon_7":"","social_menu_link_7":"","social_menu_icon_8":"","social_menu_link_8":"","social_menu_icon_9":"","social_menu_link_9":""},"_multiwidget":1},"woocommerce_product_search":{"2":{"title":"search product"},"_multiwidget":1},"woocommerce_products":{"2":{"title":"Products","number":3,"show":"","orderby":"date","order":"desc","hide_free":0,"show_hidden":0},"_multiwidget":1},"woocommerce_price_filter":{"2":{"title":"Filter by price"},"_multiwidget":1},"woocommerce_product_categories":{"2":{"title":"Product categories","orderby":"name","dropdown":0,"count":1,"hierarchical":0,"show_children_only":0,"hide_empty":0,"max_depth":""},"_multiwidget":1},"media_gallery":{"4":{"title":"Gallery","ids":[267,266,265,264,263,262],"columns":3,"size":"thumbnail","link_type":"post","orderby_random":false},"_multiwidget":1},"text":{"1":[],"2":{"title":"","text":"<img class=\"alignnone size-full wp-image-492\" src=\"https:\/\/demo.bosathemes.com\/bosa\/education\/wp-content\/uploads\/sites\/4\/2021\/02\/bosa-EDUCATION-logo1.png\" alt=\"\" width=\"200\" height=\"57\" \/>\r\n\r\nLaboriosam in montes facilis potenti distinctio dolorum corrupti debitis ullamco. Nihil dictum? Taciti? Quae modi vitae. Consectetur sequi, facilis interdum, pede platea, optio necessitatibus.\r\n\r\n<img class=\"alignnone size-full wp-image-422\" src=\"https:\/\/demo.bosathemes.com\/bosa\/education\/wp-content\/uploads\/sites\/4\/2021\/01\/bosa-education-img40.png\" alt=\"\" width=\"80\" height=\"100\" \/><img class=\"alignnone size-full wp-image-421\" style=\"padding-left: 25px;\" src=\"https:\/\/demo.bosathemes.com\/bosa\/education\/wp-content\/uploads\/sites\/4\/2021\/01\/bosa-education-img39.png\" alt=\"\" width=\"75\" height=\"100\" \/><img class=\"alignnone size-full wp-image-420\" style=\"padding-left: 25px;\" src=\"https:\/\/demo.bosathemes.com\/bosa\/education\/wp-content\/uploads\/sites\/4\/2021\/01\/bosa-education-img38.png\" alt=\"\" width=\"80\" height=\"100\" \/>","filter":true,"visual":true},"3":{"title":"Get in touch","text":"500 Treat Ave, Suite 200\r\nSan Francisco, CA 94110\r\n\r\n<a href=\"#\">1-702-800-2690 (Support)<\/a>\r\n\r\n<a href=\"#\">support@yourcompany.com<\/a>","filter":true,"visual":true},"_multiwidget":1}}}