{"menu":{"menu-2":8,"menu-1":3},"options":{"blogname":"Bosa Marketing","blogname-child":"Bosa Marketing","blogdescription":"Bosa is the perfect theme for your Business","blogdescription-child":"Bosa is the perfect theme for your Business","posts_per_page":"8","posts_per_page-child":"8","date_format":"F j, Y","date_format-child":"F j, Y","time_format":"g:i a","time_format-child":"g:i a","show_on_front":"page","show_on_front-child":"page","thumbnail_size_w":"150","thumbnail_size_w-child":"150","thumbnail_size_h":"150","thumbnail_size_h-child":"150","thumbnail_crop":"1","thumbnail_crop-child":"1","medium_size_w":"300","medium_size_w-child":"300","medium_size_h":"300","medium_size_h-child":"300","avatar_default":"mystery","avatar_default-child":"mystery","large_size_w":"1024","large_size_w-child":"1024","large_size_h":"1024","large_size_h-child":"1024","page_for_posts":"15","page_for_posts-child":"15","page_on_front":"4","page_on_front-child":"4","medium_large_size_w":"768","medium_large_size_w-child":"768","medium_large_size_h":"0","medium_large_size_h-child":"0","theme_mods_bosa":{"0":false,"custom_css_post_id":106,"header_layout":"header_one","header_image_slider":[{"slider_item":""}],"social_media_links":[{"icon":"fab fa-facebook","link":"#","target":true},{"icon":"fab fa-twitter","link":"#","target":true},{"icon":"fab fa-instagram","link":"#","target":true},{"icon":"fab fa-youtube","link":"#","target":true}],"main_banner_buttons":[{"text":"","link":"","type":"button-outline"}],"site_title_color":"#ffffff","site_tagline_color":"#ffffff","bottom_header_text_link_hover_color":"#c9d8e8","bottom_header_text_color":"#ffffff","site_title_color_transparent_header":"#ffffff","header_image_height":"100","header_button_background_color":"#18407c","header_button_text":"Get a Quote","header_button_target":true,"header_button_border_radius":"50","header_textcolor":"#18407c","site_heading_text_color":"#18407c","site_primary_color":"#18407c","site_hover_color":"#0050b8","blog_page_title_font_control":{"font-family":"Quicksand","variant":"600","font-size":"21px","text-transform":"none","font-backup":"","font-weight":600,"font-style":"normal"},"site_title_font_control":{"font-family":"Quicksand","variant":"600","font-size":"26px","text-transform":"none","font-backup":"","font-weight":600,"font-style":"normal"},"site_description_font_control":{"font-family":"Quicksand","variant":"regular","font-size":"14px","text-transform":"none","font-backup":"","font-weight":400,"font-style":"normal"},"body_font_control":{"font-family":"Quicksand","variant":"500","font-size":"15px","font-backup":"","font-weight":500,"font-style":"normal"},"general_title_font_control":{"font-family":"Quicksand","text-transform":"capitalize","font-backup":"","variant":"600","font-weight":600,"font-style":"normal"},"page_title_font_control":{"font-family":"Quicksand","variant":"700","font-size":"40px","text-transform":"none","font-backup":"","font-weight":700,"font-style":"normal"},"section_title_font_control":{"font-family":"Quicksand","variant":"700","font-size":"35px","text-transform":"none","font-backup":"","font-weight":700,"font-style":"normal"},"content_color_transparent_header":"#ffffff","top_footer_background_color":"rgba(24,64,124,0.9)","top_footer_widget_title_color":"#ffffff","top_footer_widget_link_color":"#ffffff","top_footer_widget_link_hover_color":"#a2d0fa","top_footer_widget_content_color":"#ffffff","footer_widget_layout":"footer_widget_layout_one","bottom_footer_background_color":"#18407c","bottom_footer_text_color":"#c6c6c6","bottom_footer_text_link_color":"#ffffff","bottom_footer_text_link_hover_color":"#a2d0fa","footer_image":143,"main_slider_height":"650","slider_posts_number":"3","hide_slider_button":true,"slider_button_text":"Learn More","main_slider_button_border_radius":"50","feature_posts_posts_number":"3","feature_posts_height":"300","disable_highlight_posts_section_title":false,"highlight_posts_section_title":"You May Also Like","highlight_posts_slides_show":"3","disable_highlight_posts_arrows":false,"blog_post_title_color":"#18407c","blog_post_category_color":"#e74a3e","blog_post_meta_color":"#555555","blog_post_text_color":"#181818","archive_post_layout":"list","hide_post_button":true,"post_button_text":"Read More","post_button_border_radius":"50","post_button_type":"button-outline","blog_post_button_text_color":"#18407c","blog_post_button_background_color":"#181818","disable_latest_posts_section_title":false,"latest_posts_section_title":"From Our Blog","latest_posts_section_title_desc_alignment":"left","disable_latest_posts_section_description":true,"post_excerpt_length":"15","logo_width":"180","disable_site_title":true,"disable_site_tagline":true,"header_separate_logo":"https:\/\/demo.bosathemes.com\/bosa\/marketing\/wp-content\/uploads\/sites\/24\/2021\/01\/bosa-marketing-logo-white-2.png","preloader_animation":"animation_three","single_post_author_title":"About the Author","related_posts_title":"Related Posts","top_header_text_color":"#f1f1f1","top_header_background_color":"#e74a3e","top_header_text_link_hover_color":"#0050b8","bottom_header_transparent_background_color":"#e74a3e","disable_header_border":true,"disable_contact_detail":true,"disable_search_icon":true,"disable_hamburger_menu_icon":true,"contact_phone":"001 (352) 8454","contact_email":"youremail@gmail.com","contact_address":"New Street Road, South Wales, London","disable_header_social_links":true,"header_button_repeater":[{"header_btn_type":"button-primary","header_btn_bg_color":"#18407c","header_btn_border_color":"#1a1a1a","header_btn_text_color":"#ffffff","header_btn_hover_color":"#0050b8","header_btn_text":"Get a Quote","header_btn_link":"#","header_btn_target":true,"header_btn_radius":"50"}],"transparent_header_button_repeater":[{"transparent_header_btn_type":"button-outline","transparent_header_home_btn_bg_color":"#eb5a3e","transparent_header_home_btn_border_color":"#ffffff","transparent_header_home_btn_text_color":"#ffffff","transparent_header_btn_bg_color":"#eb5a3e","transparent_header_btn_border_color":"#1a1a1a","transparent_header_btn_text_color":"#1a1a1a","transparent_header_btn_hover_color":"#086abd","transparent_header_btn_text":"","transparent_header_btn_link":"","transparent_header_btn_target":true,"transparent_header_btn_radius":0}],"main_slider_button_repeater":[{"slider_btn_type":"button-outline","slider_btn_bg_color":"#eb5a3e","slider_btn_border_color":"#ffffff","slider_btn_text_color":"#ffffff","slider_btn_hover_color":"#086abd","slider_btn_text":"","slider_btn_radius":0}],"main_banner_buttons_repeater":[{"banner_btn_type":"button-outline","banner_btn_bg_color":"#eb5a3e","banner_btn_border_color":"#ffffff","banner_btn_text_color":"#ffffff","banner_btn_hover_color":"#086abd","banner_btn_text":"learn more","banner_btn_link":"","banner_btn_target":true,"banner_btn_radius":0}],"blog_page_button_repeater":[{"blog_btn_type":"button-primary","blog_btn_bg_color":"#eb5a3e","blog_btn_border_color":"#1a1a1a","blog_btn_text_color":"#1a1a1a","blog_btn_hover_color":"#086abd","blog_btn_text":"learn more","blog_btn_radius":0}],"bottom_header_background_color":"#e74a3e","footer_widget_area_top_padding":"70","disable_top_header_border":true,"footer_widget_area_bottom_padding":"70","footer_layout":"footer_three","social_icons_size":"18","bottom_footer_image":"https:\/\/demo.bosathemes.com\/bosa\/marketing\/wp-content\/uploads\/sites\/24\/2021\/01\/bosa-marketing-logo-white-2.png","bottom_footer_area_top_padding":"40","bottom_footer_area_bottom_padding":"40","footer_widget_title_font_control":{"font-family":"Quicksand","variant":"700","font-size":"18px","text-transform":"none","line-height":"1.4","font-backup":"","font-weight":700,"font-style":"normal"},"highlight_posts_cat_font_control":{"font-family":"Quicksand","variant":"500","font-size":"12px","text-transform":"uppercase","line-height":"1","font-backup":"","font-weight":500,"font-style":"normal"},"highlight_posts_title_font_control":{"font-family":"Quicksand","variant":"600","font-size":"18px","text-transform":"capitalize","line-height":"1.4","font-backup":"","font-weight":600,"font-style":"normal"},"highlight_posts_meta_font_control":{"font-family":"Quicksand","variant":"500","font-size":"13px","text-transform":"capitalize","line-height":"1.6","font-backup":"","font-weight":500,"font-style":"normal"},"highlight_posts_category":"4","main_menu_font_control":{"font-family":"Quicksand","font-size":"15px","text-transform":"uppercase","variant":"700","line-height":"1.5","font-backup":"","font-weight":700,"font-style":"normal"},"separate_hover_color_for_main_slider":"#a8d8ff","main_slider_cat_font_control":{"font-family":"Quicksand","variant":"regular","font-size":"15px","text-transform":"uppercase","line-height":"1.6","font-backup":"","font-weight":400,"font-style":"normal"},"main_slider_title_font_control":{"font-family":"Quicksand","variant":"700","font-size":"55px","text-transform":"uppercase","line-height":"1.2","font-backup":"","font-weight":700,"font-style":"normal"},"main_slider_meta_font_control":{"font-family":"Quicksand","variant":"regular","font-size":"14px","text-transform":"capitalize","line-height":"1.6","font-backup":"","font-weight":400,"font-style":"normal"},"main_slider_excerpt_font_control":{"font-family":"Quicksand","variant":"500","font-size":"16px","text-transform":"initial","line-height":"1.8","font-backup":"","font-weight":500,"font-style":"normal"},"slider_image_overlay_opacity":"5","disable_feature_posts_section_title":false,"feature_posts_font_control":{"font-family":"Quicksand","variant":"700","font-size":"18px","text-transform":"uppercase","line-height":"1.4","font-backup":"","font-weight":700,"font-style":"normal"},"blog_post_title_font_control":{"font-family":"Quicksand","variant":"600","font-size":"21px","text-transform":"capitalize","line-height":"1.4","font-backup":"","font-weight":600,"font-style":"normal"},"blog_post_cat_font_control":{"font-family":"Quicksand","variant":"regular","font-size":"13px","text-transform":"uppercase","line-height":"1.6","font-backup":"","font-weight":400,"font-style":"normal"},"blog_post_meta_font_control":{"font-family":"Quicksand","variant":"regular","font-size":"13px","text-transform":"capitalize","line-height":"1.6","font-backup":"","font-weight":400,"font-style":"normal"},"blog_post_excerpt_font_control":{"font-family":"Quicksand","variant":"500","font-size":"15px","text-transform":"initial","line-height":"1.8","font-backup":"","font-weight":500,"font-style":"normal"},"sidebar_widget_title_font_control":{"font-family":"Quicksand","variant":"700","font-size":"15px","text-transform":"uppercase","line-height":"1.4","font-backup":"","font-weight":700,"font-style":"normal"},"header_buttons_font_control":{"font-family":"Quicksand","variant":"600","font-size":"14px","text-transform":"none","line-height":"1.5","font-backup":"","font-weight":600,"font-style":"normal"},"disable_sticky_sidebar":false,"main_slider_controls":"slider","banner_title":"","disable_banner_buttons":true,"disable_main_slider":false,"disable_banner_title":false,"custom_logo":697,"feature_posts_text_alignment":"text-center","feature_posts_title_alignment":"align-center","hide_featured_posts_category":true,"hide_featured_posts_date":true,"hide_featured_posts_author":true,"hide_featured_posts_comment":true,"featured_post_hover_color":"#a8d8ff","highlight_post_title_color":"#18407c","highlight_post_category_bgcolor":"#e74a3e","highlight_post_hover_color":"#0050b8","highlight_post_meta_color":"#555555","latest_posts_section_title_font_control":{"font-family":"Quicksand","variant":"700","font-size":"35px","text-transform":"none","line-height":"1.2","font-backup":"","font-weight":700,"font-style":"normal"},"highlight_posts_section_title_font_control":{"font-family":"Quicksand","variant":"700","font-size":"35px","text-transform":"none","line-height":"1.2","font-backup":"","font-weight":700,"font-style":"normal"}},"theme_mods_bosa-child":{"0":false,"nav_menu_locations":{"menu-1":3,"menu-3":0,"menu-2":8},"custom_css_post_id":106,"header_layout":"header_one","header_image_slider":[{"slider_item":""}],"social_media_links":[{"icon":"fab fa-facebook","link":"#","target":true},{"icon":"fab fa-twitter","link":"#","target":true},{"icon":"fab fa-instagram","link":"#","target":true},{"icon":"fab fa-youtube","link":"#","target":true}],"main_banner_buttons":[{"text":"","link":"","type":"button-outline"}],"site_title_color":"#ffffff","site_tagline_color":"#ffffff","bottom_header_text_link_hover_color":"#c9d8e8","bottom_header_text_color":"#ffffff","site_title_color_transparent_header":"#ffffff","header_image_height":"100","header_button_background_color":"#18407c","header_button_text":"Get a Quote","header_button_target":true,"header_button_border_radius":"50","header_textcolor":"#18407c","site_heading_text_color":"#18407c","site_primary_color":"#18407c","site_hover_color":"#0050b8","blog_page_title_font_control":{"font-family":"Quicksand","variant":"600","font-size":"21px","text-transform":"none","font-backup":"","font-weight":600,"font-style":"normal"},"site_title_font_control":{"font-family":"Quicksand","variant":"600","font-size":"26px","text-transform":"none","font-backup":"","font-weight":600,"font-style":"normal"},"site_description_font_control":{"font-family":"Quicksand","variant":"regular","font-size":"14px","text-transform":"none","font-backup":"","font-weight":400,"font-style":"normal"},"body_font_control":{"font-family":"Quicksand","variant":"500","font-size":"15px","font-backup":"","font-weight":500,"font-style":"normal"},"general_title_font_control":{"font-family":"Quicksand","text-transform":"capitalize","font-backup":"","variant":"600","font-weight":600,"font-style":"normal"},"page_title_font_control":{"font-family":"Quicksand","variant":"700","font-size":"40px","text-transform":"none","font-backup":"","font-weight":700,"font-style":"normal"},"section_title_font_control":{"font-family":"Quicksand","variant":"700","font-size":"35px","text-transform":"none","font-backup":"","font-weight":700,"font-style":"normal"},"content_color_transparent_header":"#ffffff","top_footer_background_color":"rgba(24,64,124,0.9)","top_footer_widget_title_color":"#ffffff","top_footer_widget_link_color":"#ffffff","top_footer_widget_link_hover_color":"#a2d0fa","top_footer_widget_content_color":"#ffffff","footer_widget_layout":"footer_widget_layout_one","bottom_footer_background_color":"#18407c","bottom_footer_text_color":"#c6c6c6","bottom_footer_text_link_color":"#ffffff","bottom_footer_text_link_hover_color":"#a2d0fa","footer_image":143,"main_slider_height":"650","slider_posts_number":"3","hide_slider_button":true,"slider_button_text":"Learn More","main_slider_button_border_radius":"50","feature_posts_posts_number":"3","feature_posts_height":"300","disable_highlight_posts_section_title":false,"highlight_posts_section_title":"You May Also Like","highlight_posts_slides_show":"3","disable_highlight_posts_arrows":false,"blog_post_title_color":"#18407c","blog_post_category_color":"#e74a3e","blog_post_meta_color":"#555555","blog_post_text_color":"#181818","archive_post_layout":"list","hide_post_button":true,"post_button_text":"Read More","post_button_border_radius":"50","post_button_type":"button-outline","blog_post_button_text_color":"#18407c","blog_post_button_background_color":"#181818","disable_latest_posts_section_title":false,"latest_posts_section_title":"From Our Blog","latest_posts_section_title_desc_alignment":"left","disable_latest_posts_section_description":true,"post_excerpt_length":"15","logo_width":"180","disable_site_title":true,"disable_site_tagline":true,"header_separate_logo":"https:\/\/demo.bosathemes.com\/bosa\/marketing\/wp-content\/uploads\/sites\/24\/2021\/01\/bosa-marketing-logo-white-2.png","preloader_animation":"animation_three","single_post_author_title":"About the Author","related_posts_title":"Related Posts","top_header_text_color":"#f1f1f1","top_header_background_color":"#e74a3e","top_header_text_link_hover_color":"#0050b8","bottom_header_transparent_background_color":"#e74a3e","disable_header_border":true,"disable_contact_detail":true,"disable_search_icon":true,"disable_hamburger_menu_icon":true,"contact_phone":"001 (352) 8454","contact_email":"youremail@gmail.com","contact_address":"New Street Road, South Wales, London","disable_header_social_links":true,"header_button_repeater":[{"header_btn_type":"button-primary","header_btn_bg_color":"#18407c","header_btn_border_color":"#1a1a1a","header_btn_text_color":"#ffffff","header_btn_hover_color":"#0050b8","header_btn_text":"Get a Quote","header_btn_link":"#","header_btn_target":true,"header_btn_radius":"50"}],"transparent_header_button_repeater":[{"transparent_header_btn_type":"button-outline","transparent_header_home_btn_bg_color":"#eb5a3e","transparent_header_home_btn_border_color":"#ffffff","transparent_header_home_btn_text_color":"#ffffff","transparent_header_btn_bg_color":"#eb5a3e","transparent_header_btn_border_color":"#1a1a1a","transparent_header_btn_text_color":"#1a1a1a","transparent_header_btn_hover_color":"#086abd","transparent_header_btn_text":"","transparent_header_btn_link":"","transparent_header_btn_target":true,"transparent_header_btn_radius":0}],"main_slider_button_repeater":[{"slider_btn_type":"button-outline","slider_btn_bg_color":"#eb5a3e","slider_btn_border_color":"#ffffff","slider_btn_text_color":"#ffffff","slider_btn_hover_color":"#086abd","slider_btn_text":"","slider_btn_radius":0}],"main_banner_buttons_repeater":[{"banner_btn_type":"button-outline","banner_btn_bg_color":"#eb5a3e","banner_btn_border_color":"#ffffff","banner_btn_text_color":"#ffffff","banner_btn_hover_color":"#086abd","banner_btn_text":"learn more","banner_btn_link":"","banner_btn_target":true,"banner_btn_radius":0}],"blog_page_button_repeater":[{"blog_btn_type":"button-primary","blog_btn_bg_color":"#eb5a3e","blog_btn_border_color":"#1a1a1a","blog_btn_text_color":"#1a1a1a","blog_btn_hover_color":"#086abd","blog_btn_text":"learn more","blog_btn_radius":0}],"bottom_header_background_color":"#e74a3e","footer_widget_area_top_padding":"70","disable_top_header_border":true,"footer_widget_area_bottom_padding":"70","footer_layout":"footer_three","social_icons_size":"18","bottom_footer_image":"https:\/\/demo.bosathemes.com\/bosa\/marketing\/wp-content\/uploads\/sites\/24\/2021\/01\/bosa-marketing-logo-white-2.png","bottom_footer_area_top_padding":"40","bottom_footer_area_bottom_padding":"40","footer_widget_title_font_control":{"font-family":"Quicksand","variant":"700","font-size":"18px","text-transform":"none","line-height":"1.4","font-backup":"","font-weight":700,"font-style":"normal"},"highlight_posts_cat_font_control":{"font-family":"Quicksand","variant":"500","font-size":"12px","text-transform":"uppercase","line-height":"1","font-backup":"","font-weight":500,"font-style":"normal"},"highlight_posts_title_font_control":{"font-family":"Quicksand","variant":"600","font-size":"18px","text-transform":"capitalize","line-height":"1.4","font-backup":"","font-weight":600,"font-style":"normal"},"highlight_posts_meta_font_control":{"font-family":"Quicksand","variant":"500","font-size":"13px","text-transform":"capitalize","line-height":"1.6","font-backup":"","font-weight":500,"font-style":"normal"},"highlight_posts_category":"4","main_menu_font_control":{"font-family":"Quicksand","font-size":"15px","text-transform":"uppercase","variant":"700","line-height":"1.5","font-backup":"","font-weight":700,"font-style":"normal"},"separate_hover_color_for_main_slider":"#a8d8ff","main_slider_cat_font_control":{"font-family":"Quicksand","variant":"regular","font-size":"15px","text-transform":"uppercase","line-height":"1.6","font-backup":"","font-weight":400,"font-style":"normal"},"main_slider_title_font_control":{"font-family":"Quicksand","variant":"700","font-size":"55px","text-transform":"uppercase","line-height":"1.2","font-backup":"","font-weight":700,"font-style":"normal"},"main_slider_meta_font_control":{"font-family":"Quicksand","variant":"regular","font-size":"14px","text-transform":"capitalize","line-height":"1.6","font-backup":"","font-weight":400,"font-style":"normal"},"main_slider_excerpt_font_control":{"font-family":"Quicksand","variant":"500","font-size":"16px","text-transform":"initial","line-height":"1.8","font-backup":"","font-weight":500,"font-style":"normal"},"slider_image_overlay_opacity":"5","disable_feature_posts_section_title":false,"feature_posts_font_control":{"font-family":"Quicksand","variant":"700","font-size":"18px","text-transform":"uppercase","line-height":"1.4","font-backup":"","font-weight":700,"font-style":"normal"},"blog_post_title_font_control":{"font-family":"Quicksand","variant":"600","font-size":"21px","text-transform":"capitalize","line-height":"1.4","font-backup":"","font-weight":600,"font-style":"normal"},"blog_post_cat_font_control":{"font-family":"Quicksand","variant":"regular","font-size":"13px","text-transform":"uppercase","line-height":"1.6","font-backup":"","font-weight":400,"font-style":"normal"},"blog_post_meta_font_control":{"font-family":"Quicksand","variant":"regular","font-size":"13px","text-transform":"capitalize","line-height":"1.6","font-backup":"","font-weight":400,"font-style":"normal"},"blog_post_excerpt_font_control":{"font-family":"Quicksand","variant":"500","font-size":"15px","text-transform":"initial","line-height":"1.8","font-backup":"","font-weight":500,"font-style":"normal"},"sidebar_widget_title_font_control":{"font-family":"Quicksand","variant":"700","font-size":"15px","text-transform":"uppercase","line-height":"1.4","font-backup":"","font-weight":700,"font-style":"normal"},"header_buttons_font_control":{"font-family":"Quicksand","variant":"600","font-size":"14px","text-transform":"none","line-height":"1.5","font-backup":"","font-weight":600,"font-style":"normal"},"disable_sticky_sidebar":false,"main_slider_controls":"slider","banner_title":"","disable_banner_buttons":true,"disable_main_slider":false,"disable_banner_title":false,"custom_logo":697,"feature_posts_text_alignment":"text-center","feature_posts_title_alignment":"align-center","hide_featured_posts_category":true,"hide_featured_posts_date":true,"hide_featured_posts_author":true,"hide_featured_posts_comment":true,"featured_post_hover_color":"#a8d8ff","highlight_post_title_color":"#18407c","highlight_post_category_bgcolor":"#e74a3e","highlight_post_hover_color":"#0050b8","highlight_post_meta_color":"#555555","latest_posts_section_title_font_control":{"font-family":"Quicksand","variant":"700","font-size":"35px","text-transform":"none","line-height":"1.2","font-backup":"","font-weight":700,"font-style":"normal"},"highlight_posts_section_title_font_control":{"font-family":"Quicksand","variant":"700","font-size":"35px","text-transform":"none","line-height":"1.2","font-backup":"","font-weight":700,"font-style":"normal"}},"woocommerce_shop_page_id":"663","woocommerce_shop_page_id-child":"663"}}