{"widget_positions":{"wp_inactive_widgets":["calendar-4","recent-posts-2","recent-comments-2"],"right-sidebar":["search-4","bosa_latest_post-5","calendar-3","categories-6","recent-posts-4"],"menu-sidebar":["search-2","text-5","bosa_latest_post-7","categories-8"],"left-sidebar":["archives-2","categories-2","meta-2"],"woocommerce-right-sidebar":["woocommerce_product_search-2","woocommerce_price_filter-2","woocommerce_products-2","media_gallery-2"],"woocommerce-left-sidebar":[],"footer-sidebar-1":["text-3"],"footer-sidebar-2":["media_image-3"],"footer-sidebar-3":["bosa_latest_post-3"],"footer-sidebar-4":["categories-4"],"array_version":3},"widget_options":{"calendar":{"_multiwidget":1,"3":{"title":"Calendar"},"4":[]},"recent-posts":{"2":{"title":"Recent Posts","number":5,"show_date":false},"_multiwidget":1,"4":{"title":"Recent Posts","number":5,"show_date":true}},"recent-comments":{"2":{"title":"","number":5},"_multiwidget":1},"search":{"2":{"title":"Search"},"_multiwidget":1,"4":{"title":"Search"}},"bosa_latest_post":{"_multiwidget":1,"3":{"title":"Latest Posts","per_page":"2","show_date_comment":false,"layout":"left"},"5":{"title":"Latest Posts","per_page":"5","show_date_comment":true,"layout":"left"},"7":{"title":"Latest Posts","per_page":"5","show_date_comment":true,"layout":"left"}},"categories":{"2":{"title":"","count":0,"hierarchical":0,"dropdown":0},"_multiwidget":1,"4":{"title":"Categories","count":1,"hierarchical":0,"dropdown":0},"6":{"title":"Categories","count":1,"hierarchical":0,"dropdown":0},"8":{"title":"Categories","count":1,"hierarchical":0,"dropdown":0}},"text":{"1":[],"_multiwidget":1,"3":{"title":"About Bosa Marketing","text":"Accusantium vel interdum quae euis mod, laoreet fames quaerat? Amet minima, velit aliquet dicta? Urna, nostrud voluptate, mi vero, tenetur excepteur, diam lorem aliquam saepe, laoreet. Provident torquent dignissimos Elementum etiam ad ante.","filter":true,"visual":true},"5":{"title":"About Us","text":"Assumenda class torquent ante aperiam. Nobis iusto sociis, vivamus aliqua, place sapien ea laboris. Ipsum class sociis. Ut sequi ullamco fames luctus volutpat, ipsam occaecat do fugiat autem.","filter":true,"visual":true}},"archives":{"2":{"title":"","count":0,"dropdown":0},"_multiwidget":1},"meta":{"2":{"title":""},"_multiwidget":1},"woocommerce_product_search":{"2":{"title":"Product Search"},"_multiwidget":1},"woocommerce_price_filter":{"2":{"title":"Filter by price"},"_multiwidget":1},"woocommerce_products":{"2":{"title":"Products","number":5,"show":"","orderby":"date","order":"desc","hide_free":0,"show_hidden":0},"_multiwidget":1},"media_gallery":{"2":{"title":"Gallery","ids":[674,673,671,670,669,668],"columns":3,"size":"thumbnail","link_type":"post","orderby_random":false},"_multiwidget":1},"media_image":{"_multiwidget":1,"3":{"size":"full","width":280,"height":142,"caption":"","alt":"","link_type":"custom","link_url":"#","image_classes":"","link_classes":"","link_rel":"","link_target_blank":false,"image_title":"","attachment_id":130,"url":"https:\/\/demo.bosathemes.com\/bosa\/marketing\/wp-content\/uploads\/sites\/24\/2021\/01\/bosa-marketing-img36-280-142.png","title":"Our Office"}}}}