{"menu":{"menu-2":19,"menu-1":18,"menu-3":20},"options":{"blogname":"Bosa Corporate","blogname-child":"Bosa Corporate","blogdescription":"Bosa is the perfect theme for your Business","blogdescription-child":"Bosa is the perfect theme for your Business","posts_per_page":"10","posts_per_page-child":"10","date_format":"F j, Y","date_format-child":"F j, Y","time_format":"g:i a","time_format-child":"g:i a","show_on_front":"page","show_on_front-child":"page","thumbnail_size_w":"150","thumbnail_size_w-child":"150","thumbnail_size_h":"150","thumbnail_size_h-child":"150","thumbnail_crop":"1","thumbnail_crop-child":"1","medium_size_w":"300","medium_size_w-child":"300","medium_size_h":"300","medium_size_h-child":"300","avatar_default":"mystery","avatar_default-child":"mystery","large_size_w":"1024","large_size_w-child":"1024","large_size_h":"1024","large_size_h-child":"1024","page_for_posts":"45","page_for_posts-child":"45","page_on_front":"43","page_on_front-child":"43","medium_large_size_w":"768","medium_large_size_w-child":"768","medium_large_size_h":"0","medium_large_size_h-child":"0","theme_mods_bosa-pro":{"0":false,"custom_css_post_id":14,"header_button_repeater":[{"header_btn_type":"button-primary","header_btn_bg_color":"#f56f5e","header_btn_border_color":"#1a1a1a","header_btn_text_color":"#ffffff","header_btn_hover_color":"#c53f2e","header_btn_text":"Get a Quote","header_btn_link":"#","header_btn_target":true,"header_btn_radius":"4"}],"transparent_header_button_repeater":[{"transparent_header_btn_type":"button-outline","transparent_header_home_btn_bg_color":"#eb5a3e","transparent_header_home_btn_border_color":"#ffffff","transparent_header_home_btn_text_color":"#ffffff","transparent_header_btn_bg_color":"#eb5a3e","transparent_header_btn_border_color":"#1a1a1a","transparent_header_btn_text_color":"#1a1a1a","transparent_header_btn_hover_color":"#086abd","transparent_header_btn_text":"Get a Quote","transparent_header_btn_link":"#","transparent_header_btn_target":true,"transparent_header_btn_radius":0}],"header_image_slider":[{"slider_item":""}],"notification_button_repeater":[{"noti_btn_type":"button-outline","noti_btn_bg_color":"#eb5a3e","noti_btn_border_color":"#ffffff","noti_btn_text_color":"#ffffff","noti_btn_hover_color":"#086abd","noti_btn_text":"View More","noti_btn_link":"#","noti_btn_target":true,"noti_btn_radius":0}],"social_media_links":[{"icon":"fab fa-facebook","link":"#","target":true},{"icon":"fab fa-twitter","link":"#","target":true},{"icon":"fab fa-instagram","link":"#","target":true},{"icon":"fab fa-google","link":"#","target":true},{"icon":"fab fa-pinterest","link":"#","target":true}],"footer_widget_layout":"footer_widget_layout_six","main_slider_button_repeater":[{"slider_btn_type":"button-primary","slider_btn_bg_color":"#f56f5e","slider_btn_border_color":"#ffffff","slider_btn_text_color":"#ffffff","slider_btn_hover_color":"#c53f2e","slider_btn_text":"Learn More","slider_btn_radius":"5"}],"main_banner_buttons_repeater":[{"banner_btn_type":"button-outline","banner_btn_bg_color":"#eb5a3e","banner_btn_border_color":"#ffffff","banner_btn_text_color":"#ffffff","banner_btn_hover_color":"#086abd","banner_btn_text":"Learn More","banner_btn_link":"","banner_btn_target":true,"banner_btn_radius":0}],"blog_page_button_repeater":[{"blog_btn_type":"button-text","blog_btn_bg_color":"#eb5a3e","blog_btn_border_color":"#1a1a1a","blog_btn_text_color":"#1a1a1a","blog_btn_hover_color":"#086abd","blog_btn_text":"View More","blog_btn_radius":0}],"coming_maintenance_buttons":[{"maintenance_btn_type":"button-outline","maintenance_btn_bg_color":"#eb5a3e","maintenance_btn_border_color":"#ffffff","maintenance_btn_text_color":"#ffffff","maintenance_btn_hover_color":"#086abd","maintenance_btn_text":"Button Text","maintenance_btn_link":"#","maintenance_btn_target":true,"maintenance_btn_radius":0}],"coming_maintenance_image_slider":[],"footer_image":"","footer_widget_area_top_padding":"70","disable_footer_parallax_scrolling":true,"top_footer_background_color":"#363636","top_footer_widget_title_color":"#ffffff","top_footer_widget_link_color":"#ffffff","top_footer_widget_content_color":"#dddddd","bottom_footer_background_color":"#363636","bottom_footer_text_color":"#d8d8d8","bottom_footer_text_link_color":"#ffffff","general_title_font_control":{"font-family":"Poppins","variant":"regular","text-transform":"none","font-backup":"","font-weight":400,"font-style":"normal"},"footer_widget_title_font_control":{"font-family":"Poppins","variant":"500","font-size":"17px","text-transform":"capitalize","line-height":"1.4","font-backup":"","font-weight":500,"font-style":"normal"},"social_icons_size":"22","footer_layout":"footer_seven","bottom_footer_area_top_padding":"50","bottom_footer_area_bottom_padding":"50","footer_style_font_control":{"font-family":"Poppins","variant":"600","font-size":"15px","text-transform":"capitalize","line-height":"1.5","font-backup":"","font-weight":600,"font-style":"normal"},"bottom_footer_image_width":"605","bottom_footer_image":"http:\/\/localhost\/themedev\/wp-content\/uploads\/2021\/01\/bosa-magazine-img4-1.jpg","bottom_footer_image_link":"#","disable_bottom_footer":false,"disable_footer_menu":false,"disable_mobile_notification_bar":false,"disable_mobile_fixed_header":false,"disable_fixed_header":true,"notification_bar_image_height":"40","disable_sticky_notification_bar":false,"bottom_footer_text_link_hover_color":"#f56f5e","disable_responsive_footer_widget":false,"disable_mobile_scroll_top":true,"disable_mobile_social_icons_footer":false,"disable_footer_border":false,"disable_footer_social_links":false,"main_menu_font_control":{"font-family":"Poppins","font-size":"15px","text-transform":"uppercase","variant":"600","line-height":"1.5","font-backup":"","font-weight":600,"font-style":"normal"},"body_font_control":{"font-family":"Poppins","variant":"regular","font-size":"15px","font-backup":"","font-weight":400,"font-style":"normal"},"header_layout":"header_ten","contact_phone":"+ (911) 1987 123456","contact_email":"yourmail@email.com","contact_address":"Rock Street, San Francisco","top_header_background_color":"#363636","top_header_text_color":"#dddddd","bottom_header_background_color":"#363636","bottom_header_text_color":"#ffffff","bottom_header_text_link_hover_color":"#f56f5e","disable_top_header_border":true,"site_title_color":"#ffffff","site_tagline_color":"#dddddd","header_image_height":"90","disable_notification_bar":true,"header_buttons_font_control":{"font-family":"Poppins","variant":"600","font-size":"15px","text-transform":"uppercase","line-height":"1.4","font-backup":"","font-weight":600,"font-style":"normal"},"header_image_size":"pattern","logo_width":"170","disable_site_title":true,"disable_site_tagline":true,"skin_select":"dark","advanced_import_setup_complete":1614585957,"site_hover_color":"#c53f2e","site_description_font_control":{"font-family":"Poppins","variant":"regular","font-size":"14px","text-transform":"none","font-backup":"","font-weight":400,"font-style":"normal"},"main_slider_height":"650","separate_hover_color_for_main_slider":"#d98f86","main_slider_title_font_control":{"font-family":"Poppins","variant":"700","font-size":"50px","text-transform":"capitalize","line-height":"1.4","font-backup":"","font-weight":700,"font-style":"normal"},"hide_slider_date":true,"hide_slider_author":true,"hide_slider_comment":true,"main_slider_content_alignment":"center","slider_posts_number":"4","main_slider_cat_font_control":{"font-family":"Poppins","variant":"regular","font-size":"15px","text-transform":"uppercase","line-height":"1.6","font-backup":"","font-weight":400,"font-style":"normal"},"main_slider_excerpt_font_control":{"font-family":"Poppins","variant":"regular","font-size":"16px","text-transform":"initial","line-height":"1.8","font-backup":"","font-weight":400,"font-style":"normal"},"main_slider_button_font_control":{"font-family":"Poppins","variant":"600","font-size":"15px","text-transform":"uppercase","line-height":"1.8","font-backup":"","font-weight":600,"font-style":"normal"},"featured_post_category_bgcolor":"#f56f5e","featured_post_hover_color":"#c53f2e","feature_posts_height":"400","feature_posts_radius":"10","feature_posts_font_control":{"font-family":"Poppins","variant":"600","font-size":"20px","text-transform":"capitalize","line-height":"1.4","font-backup":"","font-weight":600,"font-style":"normal"},"feature_posts_overlay_opacity":"5","feature_posts_posts_number":"3","featured_posts_cat_font_control":{"font-family":"Poppins","variant":"500","font-size":"13px","text-transform":"uppercase","line-height":"1","font-backup":"","font-weight":500,"font-style":"normal"},"feature_posts_category":"17","highlight_post_title_color":"#ffffff","highlight_post_category_bgcolor":"#f56f5e","highlight_post_hover_color":"#c53f2e","highlight_posts_section_title_font_control":{"font-family":"Poppins","variant":"600","font-size":"24px","text-transform":"capitalize","line-height":"1.2","font-backup":"","font-weight":600,"font-style":"normal"},"highlight_posts_radius":"10","highlight_posts_title_font_control":{"font-family":"Poppins","variant":"500","font-size":"20px","text-transform":"capitalize","line-height":"1.4","font-backup":"","font-weight":500,"font-style":"normal"},"archive_post_layout":"grid","latest_posts_radius":"10","blog_post_category_color":"#f56f5e","blog_post_cat_font_control":{"font-family":"Poppins","variant":"regular","font-size":"13px","text-transform":"uppercase","line-height":"1.6","font-backup":"","font-weight":400,"font-style":"normal"},"blog_post_excerpt_font_control":{"font-family":"Poppins","variant":"regular","font-size":"15px","text-transform":"initial","line-height":"1.8","font-backup":"","font-weight":400,"font-style":"normal"},"top_hover_color_transparent_header":"#f56f5e","top_header_text_link_hover_color":"#f56f5e","sub_menu_link_hover_color":"#f56f5e","disable_hamburger_menu_icon":true,"feature_posts_title_alignment":"align-bottom","top_footer_widget_link_hover_color":"#f56f5e","disable_footer_widget_list_item_border":true,"footer_text":"Copyright \u00a9 2021<a href=\"https:\/\/demo.bosathemes.com\/bosa\/corporate\" title=\"Bosa Corporate \"> Bosa Corporate<\/a> .  Theme: <a href=\"https:\/\/bosathemes.com\/\" target=\"_blank\" title=\"Bosa\" rel=\"author\">Bosa<\/a> By KeonThemes.","custom_logo":187,"disable_sticky_sidebar":false,"preloader_animation":"animation_ten","preloader_custom_image_width":"60"},"theme_mods_bosa-pro-child":{"0":false,"custom_css_post_id":14,"header_button_repeater":[{"header_btn_type":"button-primary","header_btn_bg_color":"#f56f5e","header_btn_border_color":"#1a1a1a","header_btn_text_color":"#ffffff","header_btn_hover_color":"#c53f2e","header_btn_text":"Get a Quote","header_btn_link":"#","header_btn_target":true,"header_btn_radius":"4"}],"transparent_header_button_repeater":[{"transparent_header_btn_type":"button-outline","transparent_header_home_btn_bg_color":"#eb5a3e","transparent_header_home_btn_border_color":"#ffffff","transparent_header_home_btn_text_color":"#ffffff","transparent_header_btn_bg_color":"#eb5a3e","transparent_header_btn_border_color":"#1a1a1a","transparent_header_btn_text_color":"#1a1a1a","transparent_header_btn_hover_color":"#086abd","transparent_header_btn_text":"Get a Quote","transparent_header_btn_link":"#","transparent_header_btn_target":true,"transparent_header_btn_radius":0}],"header_image_slider":[{"slider_item":""}],"notification_button_repeater":[{"noti_btn_type":"button-outline","noti_btn_bg_color":"#eb5a3e","noti_btn_border_color":"#ffffff","noti_btn_text_color":"#ffffff","noti_btn_hover_color":"#086abd","noti_btn_text":"View More","noti_btn_link":"#","noti_btn_target":true,"noti_btn_radius":0}],"social_media_links":[{"icon":"fab fa-facebook","link":"#","target":true},{"icon":"fab fa-twitter","link":"#","target":true},{"icon":"fab fa-instagram","link":"#","target":true},{"icon":"fab fa-google","link":"#","target":true},{"icon":"fab fa-pinterest","link":"#","target":true}],"footer_widget_layout":"footer_widget_layout_six","main_slider_button_repeater":[{"slider_btn_type":"button-primary","slider_btn_bg_color":"#f56f5e","slider_btn_border_color":"#ffffff","slider_btn_text_color":"#ffffff","slider_btn_hover_color":"#c53f2e","slider_btn_text":"Learn More","slider_btn_radius":"5"}],"main_banner_buttons_repeater":[{"banner_btn_type":"button-outline","banner_btn_bg_color":"#eb5a3e","banner_btn_border_color":"#ffffff","banner_btn_text_color":"#ffffff","banner_btn_hover_color":"#086abd","banner_btn_text":"Learn More","banner_btn_link":"","banner_btn_target":true,"banner_btn_radius":0}],"blog_page_button_repeater":[{"blog_btn_type":"button-text","blog_btn_bg_color":"#eb5a3e","blog_btn_border_color":"#1a1a1a","blog_btn_text_color":"#1a1a1a","blog_btn_hover_color":"#086abd","blog_btn_text":"View More","blog_btn_radius":0}],"coming_maintenance_buttons":[{"maintenance_btn_type":"button-outline","maintenance_btn_bg_color":"#eb5a3e","maintenance_btn_border_color":"#ffffff","maintenance_btn_text_color":"#ffffff","maintenance_btn_hover_color":"#086abd","maintenance_btn_text":"Button Text","maintenance_btn_link":"#","maintenance_btn_target":true,"maintenance_btn_radius":0}],"coming_maintenance_image_slider":[],"footer_image":"","footer_widget_area_top_padding":"70","disable_footer_parallax_scrolling":true,"top_footer_background_color":"#363636","top_footer_widget_title_color":"#ffffff","top_footer_widget_link_color":"#ffffff","top_footer_widget_content_color":"#dddddd","bottom_footer_background_color":"#363636","bottom_footer_text_color":"#d8d8d8","bottom_footer_text_link_color":"#ffffff","general_title_font_control":{"font-family":"Poppins","variant":"regular","text-transform":"none","font-backup":"","font-weight":400,"font-style":"normal"},"footer_widget_title_font_control":{"font-family":"Poppins","variant":"500","font-size":"17px","text-transform":"capitalize","line-height":"1.4","font-backup":"","font-weight":500,"font-style":"normal"},"social_icons_size":"22","footer_layout":"footer_seven","bottom_footer_area_top_padding":"50","bottom_footer_area_bottom_padding":"50","footer_style_font_control":{"font-family":"Poppins","variant":"600","font-size":"15px","text-transform":"capitalize","line-height":"1.5","font-backup":"","font-weight":600,"font-style":"normal"},"bottom_footer_image_width":"605","bottom_footer_image":"http:\/\/localhost\/themedev\/wp-content\/uploads\/2021\/01\/bosa-magazine-img4-1.jpg","bottom_footer_image_link":"#","disable_bottom_footer":false,"disable_footer_menu":false,"disable_mobile_notification_bar":false,"disable_mobile_fixed_header":false,"disable_fixed_header":true,"notification_bar_image_height":"40","disable_sticky_notification_bar":false,"bottom_footer_text_link_hover_color":"#f56f5e","disable_responsive_footer_widget":false,"disable_mobile_scroll_top":true,"disable_mobile_social_icons_footer":false,"disable_footer_border":false,"disable_footer_social_links":false,"main_menu_font_control":{"font-family":"Poppins","font-size":"15px","text-transform":"uppercase","variant":"600","line-height":"1.5","font-backup":"","font-weight":600,"font-style":"normal"},"body_font_control":{"font-family":"Poppins","variant":"regular","font-size":"15px","font-backup":"","font-weight":400,"font-style":"normal"},"header_layout":"header_ten","contact_phone":"+ (911) 1987 123456","contact_email":"yourmail@email.com","contact_address":"Rock Street, San Francisco","top_header_background_color":"#363636","top_header_text_color":"#dddddd","bottom_header_background_color":"#363636","bottom_header_text_color":"#ffffff","bottom_header_text_link_hover_color":"#f56f5e","disable_top_header_border":true,"site_title_color":"#ffffff","site_tagline_color":"#dddddd","header_image_height":"90","disable_notification_bar":true,"header_buttons_font_control":{"font-family":"Poppins","variant":"600","font-size":"15px","text-transform":"uppercase","line-height":"1.4","font-backup":"","font-weight":600,"font-style":"normal"},"header_image_size":"pattern","logo_width":"170","disable_site_title":true,"disable_site_tagline":true,"skin_select":"dark","nav_menu_locations":{"menu-2":19,"menu-1":18,"menu-3":20},"advanced_import_setup_complete":1614585957,"site_hover_color":"#c53f2e","site_description_font_control":{"font-family":"Poppins","variant":"regular","font-size":"14px","text-transform":"none","font-backup":"","font-weight":400,"font-style":"normal"},"main_slider_height":"650","separate_hover_color_for_main_slider":"#d98f86","main_slider_title_font_control":{"font-family":"Poppins","variant":"700","font-size":"50px","text-transform":"capitalize","line-height":"1.4","font-backup":"","font-weight":700,"font-style":"normal"},"hide_slider_date":true,"hide_slider_author":true,"hide_slider_comment":true,"main_slider_content_alignment":"center","slider_posts_number":"4","main_slider_cat_font_control":{"font-family":"Poppins","variant":"regular","font-size":"15px","text-transform":"uppercase","line-height":"1.6","font-backup":"","font-weight":400,"font-style":"normal"},"main_slider_excerpt_font_control":{"font-family":"Poppins","variant":"regular","font-size":"16px","text-transform":"initial","line-height":"1.8","font-backup":"","font-weight":400,"font-style":"normal"},"main_slider_button_font_control":{"font-family":"Poppins","variant":"600","font-size":"15px","text-transform":"uppercase","line-height":"1.8","font-backup":"","font-weight":600,"font-style":"normal"},"featured_post_category_bgcolor":"#f56f5e","featured_post_hover_color":"#c53f2e","feature_posts_height":"400","feature_posts_radius":"10","feature_posts_font_control":{"font-family":"Poppins","variant":"600","font-size":"20px","text-transform":"capitalize","line-height":"1.4","font-backup":"","font-weight":600,"font-style":"normal"},"feature_posts_overlay_opacity":"5","feature_posts_posts_number":"3","featured_posts_cat_font_control":{"font-family":"Poppins","variant":"500","font-size":"13px","text-transform":"uppercase","line-height":"1","font-backup":"","font-weight":500,"font-style":"normal"},"feature_posts_category":"17","highlight_post_title_color":"#ffffff","highlight_post_category_bgcolor":"#f56f5e","highlight_post_hover_color":"#c53f2e","highlight_posts_section_title_font_control":{"font-family":"Poppins","variant":"600","font-size":"24px","text-transform":"capitalize","line-height":"1.2","font-backup":"","font-weight":600,"font-style":"normal"},"highlight_posts_radius":"10","highlight_posts_title_font_control":{"font-family":"Poppins","variant":"500","font-size":"20px","text-transform":"capitalize","line-height":"1.4","font-backup":"","font-weight":500,"font-style":"normal"},"archive_post_layout":"grid","latest_posts_radius":"10","blog_post_category_color":"#f56f5e","blog_post_cat_font_control":{"font-family":"Poppins","variant":"regular","font-size":"13px","text-transform":"uppercase","line-height":"1.6","font-backup":"","font-weight":400,"font-style":"normal"},"blog_post_excerpt_font_control":{"font-family":"Poppins","variant":"regular","font-size":"15px","text-transform":"initial","line-height":"1.8","font-backup":"","font-weight":400,"font-style":"normal"},"top_hover_color_transparent_header":"#f56f5e","top_header_text_link_hover_color":"#f56f5e","sub_menu_link_hover_color":"#f56f5e","disable_hamburger_menu_icon":true,"feature_posts_title_alignment":"align-bottom","top_footer_widget_link_hover_color":"#f56f5e","disable_footer_widget_list_item_border":true,"footer_text":"Copyright \u00a9 2021<a href=\"https:\/\/demo.bosathemes.com\/bosa\/corporate\" title=\"Bosa Corporate \"> Bosa Corporate<\/a> .  Theme: <a href=\"https:\/\/bosathemes.com\/\" target=\"_blank\" title=\"Bosa\" rel=\"author\">Bosa<\/a> By KeonThemes.","custom_logo":187,"disable_sticky_sidebar":false,"preloader_animation":"animation_ten","preloader_custom_image_width":"60"},"woocommerce_shop_page_id":"8","woocommerce_shop_page_id-child":"8"}}