{"widget_positions":{"wp_inactive_widgets":[],"right-sidebar":["bosa_pro_author_widget-2","bosa_pro_latest_post-4","calendar-3"],"menu-sidebar":["archives-2","categories-2","meta-2"],"left-sidebar":["bosa_pro_latest_post-3","calendar-2"],"woocommerce-right-sidebar":["woocommerce_price_filter-2","woocommerce_products-2","woocommerce_product_categories-2"],"woocommerce-left-sidebar":[],"footer-sidebar-1":["text-2"],"footer-sidebar-2":["bosa_pro_latest_post-2"],"footer-sidebar-3":["text-3"],"footer-sidebar-4":[],"array_version":3},"widget_options":{"bosa_pro_author_widget":{"2":{"title":"About Director","page_id":158,"full-square-thumb":false,"page_title":true,"excerpt_count":"20","sub_title":"Director","content_alignment":"center","social_title":null,"social_desc":null,"social_menu_icon_1":"fab fa-facebook","social_menu_link_1":"#","social_menu_icon_2":"fab fa-twitter","social_menu_link_2":"#","social_menu_icon_3":"fab fa-instagram","social_menu_link_3":"#","social_menu_icon_4":"fab fa-google","social_menu_link_4":"#","social_menu_icon_5":"","social_menu_link_5":"","social_menu_icon_6":"","social_menu_link_6":"","social_menu_icon_7":"","social_menu_link_7":"","social_menu_icon_8":"","social_menu_link_8":"","social_menu_icon_9":"","social_menu_link_9":"","social_menu_icon_10":"","social_menu_link_10":""},"_multiwidget":1},"bosa_pro_latest_post":{"2":{"title":"Latest post","category":0,"per_page":"2","show_date_comment":true,"layout":"left"},"3":{"title":"posts","per_page":"2","show_date_comment":true,"layout":"left"},"4":{"title":"Latest Posts","category":0,"per_page":"3","show_date_comment":true,"layout":"right"},"_multiwidget":1},"calendar":{"2":{"title":"Calender"},"3":{"title":"Calender"},"_multiwidget":1},"archives":{"2":{"title":"","count":0,"dropdown":0},"_multiwidget":1},"categories":{"2":{"title":"","count":0,"hierarchical":0,"dropdown":0},"_multiwidget":1},"meta":{"2":{"title":""},"_multiwidget":1},"woocommerce_price_filter":{"2":{"title":"Filter by price"},"_multiwidget":1},"woocommerce_products":{"2":{"title":"Products","number":5,"show":"","orderby":"date","order":"desc","hide_free":0,"show_hidden":0},"_multiwidget":1},"woocommerce_product_categories":{"2":{"title":"Product categories","orderby":"name","dropdown":0,"count":0,"hierarchical":1,"show_children_only":0,"hide_empty":1,"max_depth":""},"_multiwidget":1},"text":{"2":{"title":"","text":"<img class=\"alignnone size-full wp-image-187\" src=\"https:\/\/demo.bosathemes.com\/bosa\/corporate\/wp-content\/uploads\/sites\/30\/2021\/03\/bosa-corporatelogo-01.png\" alt=\"\" width=\"170\" height=\"50\" \/>\r\n\r\nNostrud possimus hac quo non. Auctor nam laboris hic, pariatur feugiat taciti. Architecto assumenda amet pariatur feugia pariatur velit.\r\n\r\nPurus nostrud cillum cillum, dolor magna etiam? Semper etiam, atque, nemo facilisis atque .","filter":true,"visual":true},"3":{"title":"Official Info","text":"Asperiores et? Mollit placerat sagittis odit bibendum, tempor soluta.Netus culpa sem convallis gravida.\r\n<ul>\r\n \t<li><a href=\"https:\/\/demo.bosathemes.com\/bosa\/business-02\/#\">xyz@company.com<\/a><\/li>\r\n \t<li><a href=\"https:\/\/demo.bosathemes.com\/bosa\/business-02\/#\">(+133) 984 567 558 78<\/a><\/li>\r\n<\/ul>","filter":true,"visual":true},"_multiwidget":1}}}