{"menu":{"menu-2":20,"menu-1":19},"options":{"blogname":"Gutener Agency","blogname-child":"Gutener Agency","blogdescription":"Just another Gutener Demos site","blogdescription-child":"Just another Gutener Demos site","posts_per_page":"10","posts_per_page-child":"10","date_format":"F j, Y","date_format-child":"F j, Y","time_format":"g:i a","time_format-child":"g:i a","show_on_front":"page","show_on_front-child":"page","thumbnail_size_w":"150","thumbnail_size_w-child":"150","thumbnail_size_h":"150","thumbnail_size_h-child":"150","thumbnail_crop":"1","thumbnail_crop-child":"1","medium_size_w":"300","medium_size_w-child":"300","medium_size_h":"300","medium_size_h-child":"300","avatar_default":"mystery","avatar_default-child":"mystery","large_size_w":"700","large_size_w-child":"700","large_size_h":"700","large_size_h-child":"700","page_for_posts":"16","page_for_posts-child":"16","page_on_front":"175","page_on_front-child":"175","medium_large_size_w":"768","medium_large_size_w-child":"768","medium_large_size_h":"0","medium_large_size_h-child":"0","woocommerce_shop_page_id":"4","woocommerce_shop_page_id-child":"4","theme_mods_gutener-pro":{"0":false,"custom_css_post_id":64,"logo_width":"170","header_layout":"header_three","header_button_background_color":"#f6714e","header_image_slider":[],"social_media_links":[{"icon":"fab fa-facebook","link":"#"},{"icon":"fab fa-google","link":"#"},{"icon":"fab fa-twitter","link":"#"},{"icon":"fab fa-pinterest","link":"#"},{"icon":"fab fa-instagram","link":"#"}],"main_banner_buttons":[{"text":"Button Text","link":"#","type":"button-outline"}],"coming_maintenance_buttons":[{"text":"Button Text","link":"#","type":"button-outline"}],"coming_maintenance_image_slider":[],"disable_site_title":true,"disable_site_tagline":true,"site_primary_color":"#f6714e","site_hover_color":"#bb3210","disable_header_social_links":false,"bottom_header_text_color":"#ffffff","header_image_height":"120","top_header_text_color":"#b4b4b4","disable_notification_bar":true,"notification_bar_button_background_color":"#f6714e","header_separate_logo":"https:\/\/demo.keonthemes.com\/gutener\/demo8\/wp-content\/uploads\/sites\/37\/2020\/06\/gutener-logo.png","footer_layout":"footer_three","top_footer_background_color":"#fcfcfc","bottom_footer_background_color":"#ffffff","disable_sidebar_page":false,"footer_text":"Copyright \u00a9 2020. <a href=\"\/\/keonthemes.com\/downloads\/gutener\" target=\"_blank\">Gutener<\/a> Theme by <a href=\"\/\/keonthemes.com\" target=\"_blank\">Keon Themes<\/a>","top_footer_widget_title_color":"#212121","custom_logo":275,"blog_post_category_color":"#f6714e","blog_post_title_color":"#212121","blog_post_text_color":"#505050","main_menu_font_control":{"font-family":"Open Sans","font-size":"15px","text-transform":"none","variant":"600","line-height":"1.5","font-backup":"","font-weight":600,"font-style":"normal"},"disable_sidebar_blog_page":false,"disable_sidebar_single_post":false,"site_description_font_control":{"font-family":"Poppins","font-size":"14px","text-transform":"none","font-backup":"","variant":"regular","font-weight":400,"font-style":"normal"},"body_font_control":{"font-family":"Poppins","font-size":"15px","font-backup":"","variant":"regular","font-weight":400,"font-style":"normal"},"general_title_font_control":{"font-family":"Montserrat","text-transform":"none","font-backup":"","variant":"regular","font-weight":400,"font-style":"normal"},"page_title_font_control":{"font-family":"Montserrat","font-size":"48px","text-transform":"none","font-backup":"","variant":"regular","font-weight":400,"font-style":"normal"},"section_title_font_control":{"font-family":"Montserrat","font-size":"24px","text-transform":"none","font-backup":"","variant":"regular","font-weight":400,"font-style":"normal"},"site_title_font_control":{"font-family":"Montserrat","font-size":"62px","text-transform":"none","font-backup":"","variant":"regular","font-weight":400,"font-style":"normal"},"slider_category":"31","main_slider_height":"550"},"theme_mods_gutener-pro-child":{"0":false,"nav_menu_locations":{"menu-1":19,"menu-2":20},"custom_css_post_id":64,"logo_width":"170","header_layout":"header_three","header_button_background_color":"#f6714e","header_image_slider":[],"social_media_links":[{"icon":"fab fa-facebook","link":"#"},{"icon":"fab fa-google","link":"#"},{"icon":"fab fa-twitter","link":"#"},{"icon":"fab fa-pinterest","link":"#"},{"icon":"fab fa-instagram","link":"#"}],"main_banner_buttons":[{"text":"Button Text","link":"#","type":"button-outline"}],"coming_maintenance_buttons":[{"text":"Button Text","link":"#","type":"button-outline"}],"coming_maintenance_image_slider":[],"disable_site_title":true,"disable_site_tagline":true,"site_primary_color":"#f6714e","site_hover_color":"#bb3210","disable_header_social_links":false,"bottom_header_text_color":"#ffffff","header_image_height":"120","top_header_text_color":"#b4b4b4","disable_notification_bar":true,"notification_bar_button_background_color":"#f6714e","header_separate_logo":"https:\/\/demo.keonthemes.com\/gutener\/demo8\/wp-content\/uploads\/sites\/37\/2020\/06\/gutener-logo.png","footer_layout":"footer_three","top_footer_background_color":"#fcfcfc","bottom_footer_background_color":"#ffffff","disable_sidebar_page":false,"footer_text":"Copyright \u00a9 2020. <a href=\"\/\/keonthemes.com\/downloads\/gutener\" target=\"_blank\">Gutener<\/a> Theme by <a href=\"\/\/keonthemes.com\" target=\"_blank\">Keon Themes<\/a>","top_footer_widget_title_color":"#212121","custom_logo":275,"blog_post_category_color":"#f6714e","blog_post_title_color":"#212121","blog_post_text_color":"#505050","main_menu_font_control":{"font-family":"Open Sans","font-size":"15px","text-transform":"none","variant":"600","line-height":"1.5","font-backup":"","font-weight":600,"font-style":"normal"},"disable_sidebar_blog_page":false,"disable_sidebar_single_post":false,"site_description_font_control":{"font-family":"Poppins","font-size":"14px","text-transform":"none","font-backup":"","variant":"regular","font-weight":400,"font-style":"normal"},"body_font_control":{"font-family":"Poppins","font-size":"15px","font-backup":"","variant":"regular","font-weight":400,"font-style":"normal"},"general_title_font_control":{"font-family":"Montserrat","text-transform":"none","font-backup":"","variant":"regular","font-weight":400,"font-style":"normal"},"page_title_font_control":{"font-family":"Montserrat","font-size":"48px","text-transform":"none","font-backup":"","variant":"regular","font-weight":400,"font-style":"normal"},"section_title_font_control":{"font-family":"Montserrat","font-size":"24px","text-transform":"none","font-backup":"","variant":"regular","font-weight":400,"font-style":"normal"},"site_title_font_control":{"font-family":"Montserrat","font-size":"62px","text-transform":"none","font-backup":"","variant":"regular","font-weight":400,"font-style":"normal"},"slider_category":"31","main_slider_height":"550"}}}