{"menu":{"menu-2":21,"menu-1":20},"options":{"blogname":"Gutener Medical","blogname-child":"Gutener Medical","blogdescription":"Health Is Wealth","blogdescription-child":"Health Is Wealth","posts_per_page":"10","posts_per_page-child":"10","date_format":"F j, Y","date_format-child":"F j, Y","time_format":"g:i a","time_format-child":"g:i a","show_on_front":"page","show_on_front-child":"page","thumbnail_size_w":"150","thumbnail_size_w-child":"150","thumbnail_size_h":"150","thumbnail_size_h-child":"150","thumbnail_crop":"1","thumbnail_crop-child":"1","medium_size_w":"300","medium_size_w-child":"300","medium_size_h":"300","medium_size_h-child":"300","avatar_default":"mystery","avatar_default-child":"mystery","large_size_w":"700","large_size_w-child":"700","large_size_h":"700","large_size_h-child":"700","page_for_posts":"342","page_for_posts-child":"342","page_on_front":"336","page_on_front-child":"336","medium_large_size_w":"768","medium_large_size_w-child":"768","medium_large_size_h":"0","medium_large_size_h-child":"0","woocommerce_shop_page_id":"4","woocommerce_shop_page_id-child":"4","theme_mods_gutener-pro":{"0":false,"custom_css_post_id":68,"header_image_slider":[],"social_media_links":[{"icon":"fab fa-facebook","link":"#"},{"icon":"fab fa-twitter","link":"#"},{"icon":"fab fa-youtube","link":"#"},{"icon":"fab fa-google","link":"#"},{"icon":"fab fa-instagram","link":""}],"main_banner_buttons":[{"text":"Button Text","link":"#","type":"button-outline"}],"coming_maintenance_buttons":[{"text":"Button Text","link":"#","type":"button-outline"}],"coming_maintenance_image_slider":[],"header_layout":"header_four","top_header_text_color":"#888888","main_menu_font_control":{"font-family":"Poppins","font-size":"14px","text-transform":"uppercase","variant":"600","line-height":"1.5","font-backup":"","font-weight":600,"font-style":"normal"},"notification_bar_background_color":"#f5f5f5","notification_bar_button_background_color":"#ffffff","notification_bar_button_text_color":"#505050","logo_width":"220","site_title_color":"#0a0a0a","header_image_height":"130","top_footer_widget_content_color":"#e3e3e3","footer_layout":"footer_eight","top_footer_background_color":"#212e3e","top_footer_widget_title_color":"#f2f2f2","top_footer_widget_link_color":"#e3e3e3","general_title_font_control":{"font-family":"Poppins","text-transform":"none","font-backup":"","variant":"regular","font-weight":400,"font-style":"normal"},"site_description_font_control":{"font-family":"Poppins","font-size":"14px","text-transform":"none","font-backup":"","variant":"regular","font-weight":400,"font-style":"normal"},"body_font_control":{"font-family":"Poppins","font-size":"15px","font-backup":"","variant":"regular","font-weight":400,"font-style":"normal"},"disable_header_social_links":false,"disable_site_title":true,"header_button_text":"Register","header_media_options":"slider","bottom_header_two_background_color":"rgba(43,101,191,0)","header_button_background_color":"#5191fa","header_button_text_color":"#ffffff","notification_bar_title_color":"#505050","top_header_two_background_color":"#5191fa","bottom_header_text_color":"#212121","header_button_type":"button-primary","disable_main_slider":false,"main_slider_height":"550","site_primary_color":"#2b65bf","site_hover_color":"#4f87fb","header_icon_color":"#4f87fb","disable_site_tagline":true,"notification_bar_button_type":"button-outline","preloader_animation":"animation_three","custom_logo":411,"footer_text":"Copyright \u00a9 2020. <a href=\"\/\/keonthemes.com\/downloads\/gutener\" target=\"_blank\">Gutener<\/a> Theme by <a href=\"\/\/keonthemes.com\" target=\"_blank\">Keon Themes<\/a>","blog_post_category_color":"#2b65bf","slider_category":"18","slider_posts_number":"6","hide_slider_category":true,"hide_slider_date":true,"hide_slider_author":true,"hide_slider_comment":true,"highlight_posts_posts_number":"3","archive_post_layout":"grid","notification_bar_button_text":"Learn More","disable_sticky_notification_bar":true,"notification_bar_title":"Get the latest information from us about COVID-19","bottom_footer_background_color":"rgba(33,46,62,0.98)","bottom_footer_text_color":"#f2f2f2","bottom_footer_text_link_color":"#e3e3e3"},"theme_mods_gutener-pro-child":{"0":false,"nav_menu_locations":{"menu-1":20,"menu-2":21},"custom_css_post_id":68,"header_image_slider":[],"social_media_links":[{"icon":"fab fa-facebook","link":"#"},{"icon":"fab fa-twitter","link":"#"},{"icon":"fab fa-youtube","link":"#"},{"icon":"fab fa-google","link":"#"},{"icon":"fab fa-instagram","link":""}],"main_banner_buttons":[{"text":"Button Text","link":"#","type":"button-outline"}],"coming_maintenance_buttons":[{"text":"Button Text","link":"#","type":"button-outline"}],"coming_maintenance_image_slider":[],"header_layout":"header_four","top_header_text_color":"#888888","main_menu_font_control":{"font-family":"Poppins","font-size":"14px","text-transform":"uppercase","variant":"600","line-height":"1.5","font-backup":"","font-weight":600,"font-style":"normal"},"notification_bar_background_color":"#f5f5f5","notification_bar_button_background_color":"#ffffff","notification_bar_button_text_color":"#505050","logo_width":"220","site_title_color":"#0a0a0a","header_image_height":"130","top_footer_widget_content_color":"#e3e3e3","footer_layout":"footer_eight","top_footer_background_color":"#212e3e","top_footer_widget_title_color":"#f2f2f2","top_footer_widget_link_color":"#e3e3e3","general_title_font_control":{"font-family":"Poppins","text-transform":"none","font-backup":"","variant":"regular","font-weight":400,"font-style":"normal"},"site_description_font_control":{"font-family":"Poppins","font-size":"14px","text-transform":"none","font-backup":"","variant":"regular","font-weight":400,"font-style":"normal"},"body_font_control":{"font-family":"Poppins","font-size":"15px","font-backup":"","variant":"regular","font-weight":400,"font-style":"normal"},"disable_header_social_links":false,"disable_site_title":true,"header_button_text":"Register","header_media_options":"slider","bottom_header_two_background_color":"rgba(43,101,191,0)","header_button_background_color":"#5191fa","header_button_text_color":"#ffffff","notification_bar_title_color":"#505050","top_header_two_background_color":"#5191fa","bottom_header_text_color":"#212121","header_button_type":"button-primary","disable_main_slider":false,"main_slider_height":"550","site_primary_color":"#2b65bf","site_hover_color":"#4f87fb","header_icon_color":"#4f87fb","disable_site_tagline":true,"notification_bar_button_type":"button-outline","preloader_animation":"animation_three","custom_logo":411,"footer_text":"Copyright \u00a9 2020. <a href=\"\/\/keonthemes.com\/downloads\/gutener\" target=\"_blank\">Gutener<\/a> Theme by <a href=\"\/\/keonthemes.com\" target=\"_blank\">Keon Themes<\/a>","blog_post_category_color":"#2b65bf","slider_category":"18","slider_posts_number":"6","hide_slider_category":true,"hide_slider_date":true,"hide_slider_author":true,"hide_slider_comment":true,"highlight_posts_posts_number":"3","archive_post_layout":"grid","notification_bar_button_text":"Learn More","disable_sticky_notification_bar":true,"notification_bar_title":"Get the latest information from us about COVID-19","bottom_footer_background_color":"rgba(33,46,62,0.98)","bottom_footer_text_color":"#f2f2f2","bottom_footer_text_link_color":"#e3e3e3"}}}