{"menu":{"menu-1":19},"options":{"blogname":"Bosa Business","blogname-child":"Bosa Business","blogdescription":"Just another WordPress site","blogdescription-child":"Just another WordPress site","posts_per_page":"10","posts_per_page-child":"10","date_format":"F j, Y","date_format-child":"F j, Y","time_format":"g:i a","time_format-child":"g:i a","show_on_front":"page","show_on_front-child":"page","thumbnail_size_w":"150","thumbnail_size_w-child":"150","thumbnail_size_h":"150","thumbnail_size_h-child":"150","thumbnail_crop":"1","thumbnail_crop-child":"1","medium_size_w":"300","medium_size_w-child":"300","medium_size_h":"300","medium_size_h-child":"300","avatar_default":"mystery","avatar_default-child":"mystery","large_size_w":"1024","large_size_w-child":"1024","large_size_h":"1024","large_size_h-child":"1024","page_for_posts":"10","page_for_posts-child":"10","page_on_front":"36","page_on_front-child":"36","medium_large_size_w":"768","medium_large_size_w-child":"768","medium_large_size_h":"0","medium_large_size_h-child":"0","theme_mods_bosa":{"0":false,"sidebars_widgets":{"time":1616310054,"data":{"wp_inactive_widgets":["media_gallery-3","text-4","recent-comments-2","recent-posts-2","search-2"],"right-sidebar":["categories-4","bosa_latest_post-5","tag_cloud-3","text-6"],"menu-sidebar":["archives-2","categories-2","meta-2"],"left-sidebar":[],"woocommerce-right-sidebar":["woocommerce_price_filter-2","woocommerce_products-2","calendar-2"],"woocommerce-left-sidebar":[],"footer-sidebar-1":["text-3"],"footer-sidebar-2":["bosa_latest_post-3"],"footer-sidebar-3":["text-8"],"footer-sidebar-4":[]}}},"theme_mods_bosa-child":{"0":false,"nav_menu_locations":{"menu-1":19},"sidebars_widgets":{"time":1616310054,"data":{"wp_inactive_widgets":["media_gallery-3","text-4","recent-comments-2","recent-posts-2","search-2"],"right-sidebar":["categories-4","bosa_latest_post-5","tag_cloud-3","text-6"],"menu-sidebar":["archives-2","categories-2","meta-2"],"left-sidebar":[],"woocommerce-right-sidebar":["woocommerce_price_filter-2","woocommerce_products-2","calendar-2"],"woocommerce-left-sidebar":[],"footer-sidebar-1":["text-3"],"footer-sidebar-2":["bosa_latest_post-3"],"footer-sidebar-3":["text-8"],"footer-sidebar-4":[]}}},"theme_mods_bosa-business":{"0":false,"nav_menu_locations":{"menu-1":19},"custom_css_post_id":-1,"advanced_import_setup_complete":1615702404,"top_header_background_color":"#002c47","top_header_text_color":"#f5f5f5","header_button_repeater":[{"header_btn_type":"button-primary","header_btn_bg_color":"#002b46","header_btn_border_color":"#1a1a1a","header_btn_text_color":"#ffffff","header_btn_hover_color":"#187bb9","header_btn_text":"get a quote","header_btn_link":"#","header_btn_target":true,"header_btn_radius":0}],"transparent_header_button_repeater":[{"transparent_header_btn_type":"button-outline","transparent_header_home_btn_bg_color":"#eb5a3e","transparent_header_home_btn_border_color":"#ffffff","transparent_header_home_btn_text_color":"#ffffff","transparent_header_btn_bg_color":"#eb5a3e","transparent_header_btn_border_color":"#1a1a1a","transparent_header_btn_text_color":"#1a1a1a","transparent_header_btn_hover_color":"#086abd","transparent_header_btn_text":"","transparent_header_btn_link":"","transparent_header_btn_target":true,"transparent_header_btn_radius":0}],"header_image_slider":[{"slider_item":""}],"social_media_links":[{"icon":"fab fa-facebook","link":"#","target":true},{"icon":"fab fa-twitter","link":"#","target":true},{"icon":"fab fa-instagram","link":"#","target":true},{"icon":"fab fa-youtube","link":"#","target":true},{"icon":"fab fa-pinterest","link":"#","target":true}],"main_slider_button_repeater":[{"slider_btn_type":"button-primary","slider_btn_bg_color":"#002b46","slider_btn_border_color":"#ffffff","slider_btn_text_color":"#ffffff","slider_btn_hover_color":"#187bb9","slider_btn_text":"read more","slider_btn_radius":0}],"main_banner_buttons_repeater":[{"banner_btn_type":"button-outline","banner_btn_bg_color":"#eb5a3e","banner_btn_border_color":"#ffffff","banner_btn_text_color":"#ffffff","banner_btn_hover_color":"#086abd","banner_btn_text":"","banner_btn_link":"","banner_btn_target":true,"banner_btn_radius":0}],"blog_page_button_repeater":[{"blog_btn_type":"button-primary","blog_btn_bg_color":"#002b46","blog_btn_border_color":"#1a1a1a","blog_btn_text_color":"#ffffff","blog_btn_hover_color":"#187bb9","blog_btn_text":"read more","blog_btn_radius":0}],"top_header_text_link_hover_color":"#8ec4e6","bottom_header_text_link_hover_color":"#187bb9","sub_menu_link_hover_color":"#187bb9","contact_phone":"(+984) 256 897 22","contact_email":"yourname@company.com","contact_address":"Rock Street, San Francisco","bottom_header_text_color":"#212121","header_buttons_font_control":{"font-family":"Montserrat","variant":"600","font-size":"14px","text-transform":"uppercase","line-height":"1.5","font-backup":"","font-weight":600,"font-style":"normal"},"disable_hamburger_menu_icon":true,"site_primary_color":"#002c47","site_hover_color":"#187bb9","site_title_font_control":{"font-family":"Bai Jamjuree","variant":"700","font-size":"26px","text-transform":"uppercase","font-backup":"","font-weight":700,"font-style":"normal"},"main_menu_font_control":{"font-family":"Bai Jamjuree","font-size":"15px","text-transform":"uppercase","variant":"600","line-height":"1.5","font-backup":"","font-weight":600,"font-style":"normal"},"general_title_font_control":{"font-family":"Bai Jamjuree","variant":"600","text-transform":"uppercase","font-backup":"","font-weight":600,"font-style":"normal"},"page_title_font_control":{"font-family":"Bai Jamjuree","variant":"700","font-size":"32px","text-transform":"uppercase","font-backup":"","font-weight":700,"font-style":"normal"},"section_title_font_control":{"font-family":"Bai Jamjuree","variant":"700","font-size":"24px","text-transform":"uppercase","font-backup":"","font-weight":700,"font-style":"normal"},"social_icons_size":"17","bottom_header_background_color":"#fbfbfc","sidebar_widget_title_font_control":{"font-family":"Bai Jamjuree","variant":"700","font-size":"16px","text-transform":"uppercase","line-height":"1.4","font-backup":"","font-weight":700,"font-style":"normal"},"disable_sidebar_page":false,"footer_widget_layout":"footer_widget_layout_two","footer_widget_area_top_padding":"90","footer_widget_area_bottom_padding":"60","top_footer_background_color":"rgba(0,44,71,0.85)","top_footer_widget_title_color":"#ffffff","top_footer_widget_link_color":"#ffffff","top_footer_widget_content_color":"#dddddd","top_footer_widget_link_hover_color":"#7ab6db","footer_widget_title_font_control":{"font-family":"Bai Jamjuree","variant":"600","font-size":"18px","text-transform":"uppercase","line-height":"1.4","font-backup":"","font-weight":600,"font-style":"normal"},"footer_image":70,"footer_layout":"footer_two","bottom_footer_background_color":"rgba(0,44,71,0.96)","bottom_footer_image_width":"170","bottom_footer_text_color":"#dddddd","bottom_footer_text_link_color":"#ffffff","bottom_footer_text_link_hover_color":"#b6d7eb","footer_style_font_control":{"font-family":"Bai Jamjuree","variant":"600","font-size":"14px","text-transform":"uppercase","line-height":"1.6","font-backup":"","font-weight":600,"font-style":"normal"},"disable_footer_parallax_scrolling":true,"main_slider_height":"650","slider_category":"17","main_slider_title_font_control":{"font-family":"Bai Jamjuree","variant":"700","font-size":"55px","text-transform":"uppercase","line-height":"1.2","font-backup":"","font-weight":700,"font-style":"normal"},"hide_slider_category":true,"main_slider_cat_font_control":{"font-family":"Montserrat","variant":"regular","font-size":"15px","text-transform":"uppercase","line-height":"1.6","font-backup":"","font-weight":400,"font-style":"normal"},"hide_slider_date":true,"hide_slider_author":true,"hide_slider_comment":true,"main_slider_meta_font_control":{"font-family":"Montserrat","variant":"regular","font-size":"13px","text-transform":"capitalize","line-height":"1.6","font-backup":"","font-weight":400,"font-style":"normal"},"main_slider_excerpt_font_control":{"font-family":"Montserrat","variant":"regular","font-size":"17px","text-transform":"initial","line-height":"1.8","font-backup":"","font-weight":400,"font-style":"normal"},"slider_excerpt_length":"35","main_slider_button_font_control":{"font-family":"Montserrat","variant":"500","font-size":"16px","text-transform":"uppercase","line-height":"1.8","font-backup":"","font-weight":500,"font-style":"normal"},"background_color_main_slider":"rgba(0,43,70,0.5)","featured_post_category_bgcolor":"#002b46","featured_post_hover_color":"#80c1e9","feature_posts_posts_number":"3","feature_posts_overlay_opacity":"6","feature_posts_height":"350","feature_posts_font_control":{"font-family":"Bai Jamjuree","variant":"600","font-size":"18px","text-transform":"uppercase","line-height":"1.4","font-backup":"","font-weight":600,"font-style":"normal"},"featured_posts_cat_font_control":{"font-family":"Montserrat","variant":"600","font-size":"11px","text-transform":"uppercase","line-height":"1","font-backup":"","font-weight":600,"font-style":"normal"},"featured_posts_meta_font_control":{"font-family":"Montserrat","variant":"regular","font-size":"13px","text-transform":"capitalize","line-height":"1.6","font-backup":"","font-weight":400,"font-style":"normal"},"disable_highlight_posts_section_title":false,"highlight_posts_section_title":"You may also like","highlight_posts_section_title_font_control":{"font-family":"Bai Jamjuree","variant":"700","font-size":"26px","text-transform":"uppercase","line-height":"1.2","font-backup":"","font-weight":700,"font-style":"normal"},"highlight_post_title_color":"#212121","highlight_post_category_bgcolor":"#002b46","highlight_post_meta_icon_color":"#002b46","highlight_post_hover_color":"#187bb9","highlight_posts_cat_font_control":{"font-family":"Montserrat","variant":"600","font-size":"11px","text-transform":"uppercase","line-height":"1","font-backup":"","font-weight":600,"font-style":"normal"},"highlight_posts_title_font_control":{"font-family":"Bai Jamjuree","variant":"700","font-size":"18px","text-transform":"uppercase","line-height":"1.4","font-backup":"","font-weight":700,"font-style":"normal"},"highlight_post_meta_color":"#363636","highlight_posts_meta_font_control":{"font-family":"Montserrat","variant":"500","font-size":"13px","text-transform":"capitalize","line-height":"1.6","font-backup":"","font-weight":500,"font-style":"normal"},"archive_post_layout":"single","blog_post_title_color":"#212121","blog_post_meta_color":"#363636","blog_post_meta_icon_color":"#002b46","blog_post_text_color":"#363636","blog_post_hover_color":"#187bb9","blog_post_title_font_control":{"font-family":"Bai Jamjuree","variant":"700","font-size":"22px","text-transform":"uppercase","line-height":"1.4","font-backup":"","font-weight":700,"font-style":"normal"},"blog_post_cat_font_control":{"font-family":"Montserrat","variant":"500","font-size":"13px","text-transform":"uppercase","line-height":"1.6","font-backup":"","font-weight":500,"font-style":"normal"},"blog_post_meta_font_control":{"font-family":"Montserrat","variant":"regular","font-size":"13px","text-transform":"capitalize","line-height":"2","font-backup":"","font-weight":400,"font-style":"normal"},"blog_post_excerpt_font_control":{"font-family":"Montserrat","variant":"regular","font-size":"15px","text-transform":"initial","line-height":"1.8","font-backup":"","font-weight":400,"font-style":"normal"},"hide_post_button":false,"blog_post_button_font_control":{"font-family":"Montserrat","variant":"600","font-size":"13px","text-transform":"uppercase","line-height":"2","font-backup":"","font-weight":600,"font-style":"normal"},"blog_post_category_color":"#002b46","disable_top_header_border":true,"header_image_height":"80","footer_image_size":"cover","preloader_animation":"animation_five","preloader_custom_image_width":"50","logo_width":"170","custom_logo":181,"disable_site_title":true,"disable_site_tagline":true,"bottom_footer_image":182,"bottom_footer_image_link":"https:\/\/demo.bosathemes.com\/bosa\/business-04\/","disable_sticky_sidebar":false,"disable_feature_posts_section_title":false,"feature_posts_section_title":"feature post","feature_posts_section_title_font_control":{"font-family":"Bai Jamjuree","variant":"700","font-size":"26px","text-transform":"uppercase","line-height":"1.2","font-backup":"","font-weight":700,"font-style":"normal"},"disable_latest_posts_section_title":false,"latest_posts_section_title":"from our blog","latest_posts_section_title_font_control":{"font-family":"Bai Jamjuree","variant":"700","font-size":"26px","text-transform":"uppercase","line-height":"1.2","font-backup":"","font-weight":700,"font-style":"normal"},"sidebars_widgets":{"time":1616309983,"data":{"wp_inactive_widgets":["recent-comments-2","recent-posts-2","search-2"],"right-sidebar":["categories-4","bosa_latest_post-5","tag_cloud-3","text-6"],"menu-sidebar":["archives-2","categories-2","meta-2"],"left-sidebar":[],"woocommerce-right-sidebar":["woocommerce_price_filter-2","woocommerce_products-2","calendar-2"],"woocommerce-left-sidebar":[],"footer-sidebar-1":["text-3"],"footer-sidebar-2":["bosa_latest_post-3"],"footer-sidebar-3":["text-8"],"footer-sidebar-4":[]}}},"theme_mods_bosa-business-child":{"0":false,"nav_menu_locations":{"menu-1":19},"custom_css_post_id":-1,"advanced_import_setup_complete":1615702404,"top_header_background_color":"#002c47","top_header_text_color":"#f5f5f5","header_button_repeater":[{"header_btn_type":"button-primary","header_btn_bg_color":"#002b46","header_btn_border_color":"#1a1a1a","header_btn_text_color":"#ffffff","header_btn_hover_color":"#187bb9","header_btn_text":"get a quote","header_btn_link":"#","header_btn_target":true,"header_btn_radius":0}],"transparent_header_button_repeater":[{"transparent_header_btn_type":"button-outline","transparent_header_home_btn_bg_color":"#eb5a3e","transparent_header_home_btn_border_color":"#ffffff","transparent_header_home_btn_text_color":"#ffffff","transparent_header_btn_bg_color":"#eb5a3e","transparent_header_btn_border_color":"#1a1a1a","transparent_header_btn_text_color":"#1a1a1a","transparent_header_btn_hover_color":"#086abd","transparent_header_btn_text":"","transparent_header_btn_link":"","transparent_header_btn_target":true,"transparent_header_btn_radius":0}],"header_image_slider":[{"slider_item":""}],"social_media_links":[{"icon":"fab fa-facebook","link":"#","target":true},{"icon":"fab fa-twitter","link":"#","target":true},{"icon":"fab fa-instagram","link":"#","target":true},{"icon":"fab fa-youtube","link":"#","target":true},{"icon":"fab fa-pinterest","link":"#","target":true}],"main_slider_button_repeater":[{"slider_btn_type":"button-primary","slider_btn_bg_color":"#002b46","slider_btn_border_color":"#ffffff","slider_btn_text_color":"#ffffff","slider_btn_hover_color":"#187bb9","slider_btn_text":"read more","slider_btn_radius":0}],"main_banner_buttons_repeater":[{"banner_btn_type":"button-outline","banner_btn_bg_color":"#eb5a3e","banner_btn_border_color":"#ffffff","banner_btn_text_color":"#ffffff","banner_btn_hover_color":"#086abd","banner_btn_text":"","banner_btn_link":"","banner_btn_target":true,"banner_btn_radius":0}],"blog_page_button_repeater":[{"blog_btn_type":"button-primary","blog_btn_bg_color":"#002b46","blog_btn_border_color":"#1a1a1a","blog_btn_text_color":"#ffffff","blog_btn_hover_color":"#187bb9","blog_btn_text":"read more","blog_btn_radius":0}],"top_header_text_link_hover_color":"#8ec4e6","bottom_header_text_link_hover_color":"#187bb9","sub_menu_link_hover_color":"#187bb9","contact_phone":"(+984) 256 897 22","contact_email":"yourname@company.com","contact_address":"Rock Street, San Francisco","bottom_header_text_color":"#212121","header_buttons_font_control":{"font-family":"Montserrat","variant":"600","font-size":"14px","text-transform":"uppercase","line-height":"1.5","font-backup":"","font-weight":600,"font-style":"normal"},"disable_hamburger_menu_icon":true,"site_primary_color":"#002c47","site_hover_color":"#187bb9","site_title_font_control":{"font-family":"Bai Jamjuree","variant":"700","font-size":"26px","text-transform":"uppercase","font-backup":"","font-weight":700,"font-style":"normal"},"main_menu_font_control":{"font-family":"Bai Jamjuree","font-size":"15px","text-transform":"uppercase","variant":"600","line-height":"1.5","font-backup":"","font-weight":600,"font-style":"normal"},"general_title_font_control":{"font-family":"Bai Jamjuree","variant":"600","text-transform":"uppercase","font-backup":"","font-weight":600,"font-style":"normal"},"page_title_font_control":{"font-family":"Bai Jamjuree","variant":"700","font-size":"32px","text-transform":"uppercase","font-backup":"","font-weight":700,"font-style":"normal"},"section_title_font_control":{"font-family":"Bai Jamjuree","variant":"700","font-size":"24px","text-transform":"uppercase","font-backup":"","font-weight":700,"font-style":"normal"},"social_icons_size":"17","bottom_header_background_color":"#fbfbfc","sidebar_widget_title_font_control":{"font-family":"Bai Jamjuree","variant":"700","font-size":"16px","text-transform":"uppercase","line-height":"1.4","font-backup":"","font-weight":700,"font-style":"normal"},"disable_sidebar_page":false,"footer_widget_layout":"footer_widget_layout_two","footer_widget_area_top_padding":"90","footer_widget_area_bottom_padding":"60","top_footer_background_color":"rgba(0,44,71,0.85)","top_footer_widget_title_color":"#ffffff","top_footer_widget_link_color":"#ffffff","top_footer_widget_content_color":"#dddddd","top_footer_widget_link_hover_color":"#7ab6db","footer_widget_title_font_control":{"font-family":"Bai Jamjuree","variant":"600","font-size":"18px","text-transform":"uppercase","line-height":"1.4","font-backup":"","font-weight":600,"font-style":"normal"},"footer_image":70,"footer_layout":"footer_two","bottom_footer_background_color":"rgba(0,44,71,0.96)","bottom_footer_image_width":"170","bottom_footer_text_color":"#dddddd","bottom_footer_text_link_color":"#ffffff","bottom_footer_text_link_hover_color":"#b6d7eb","footer_style_font_control":{"font-family":"Bai Jamjuree","variant":"600","font-size":"14px","text-transform":"uppercase","line-height":"1.6","font-backup":"","font-weight":600,"font-style":"normal"},"disable_footer_parallax_scrolling":true,"main_slider_height":"650","slider_category":"17","main_slider_title_font_control":{"font-family":"Bai Jamjuree","variant":"700","font-size":"55px","text-transform":"uppercase","line-height":"1.2","font-backup":"","font-weight":700,"font-style":"normal"},"hide_slider_category":true,"main_slider_cat_font_control":{"font-family":"Montserrat","variant":"regular","font-size":"15px","text-transform":"uppercase","line-height":"1.6","font-backup":"","font-weight":400,"font-style":"normal"},"hide_slider_date":true,"hide_slider_author":true,"hide_slider_comment":true,"main_slider_meta_font_control":{"font-family":"Montserrat","variant":"regular","font-size":"13px","text-transform":"capitalize","line-height":"1.6","font-backup":"","font-weight":400,"font-style":"normal"},"main_slider_excerpt_font_control":{"font-family":"Montserrat","variant":"regular","font-size":"17px","text-transform":"initial","line-height":"1.8","font-backup":"","font-weight":400,"font-style":"normal"},"slider_excerpt_length":"35","main_slider_button_font_control":{"font-family":"Montserrat","variant":"500","font-size":"16px","text-transform":"uppercase","line-height":"1.8","font-backup":"","font-weight":500,"font-style":"normal"},"background_color_main_slider":"rgba(0,43,70,0.5)","featured_post_category_bgcolor":"#002b46","featured_post_hover_color":"#80c1e9","feature_posts_posts_number":"3","feature_posts_overlay_opacity":"6","feature_posts_height":"350","feature_posts_font_control":{"font-family":"Bai Jamjuree","variant":"600","font-size":"18px","text-transform":"uppercase","line-height":"1.4","font-backup":"","font-weight":600,"font-style":"normal"},"featured_posts_cat_font_control":{"font-family":"Montserrat","variant":"600","font-size":"11px","text-transform":"uppercase","line-height":"1","font-backup":"","font-weight":600,"font-style":"normal"},"featured_posts_meta_font_control":{"font-family":"Montserrat","variant":"regular","font-size":"13px","text-transform":"capitalize","line-height":"1.6","font-backup":"","font-weight":400,"font-style":"normal"},"disable_highlight_posts_section_title":false,"highlight_posts_section_title":"You may also like","highlight_posts_section_title_font_control":{"font-family":"Bai Jamjuree","variant":"700","font-size":"26px","text-transform":"uppercase","line-height":"1.2","font-backup":"","font-weight":700,"font-style":"normal"},"highlight_post_title_color":"#212121","highlight_post_category_bgcolor":"#002b46","highlight_post_meta_icon_color":"#002b46","highlight_post_hover_color":"#187bb9","highlight_posts_cat_font_control":{"font-family":"Montserrat","variant":"600","font-size":"11px","text-transform":"uppercase","line-height":"1","font-backup":"","font-weight":600,"font-style":"normal"},"highlight_posts_title_font_control":{"font-family":"Bai Jamjuree","variant":"700","font-size":"18px","text-transform":"uppercase","line-height":"1.4","font-backup":"","font-weight":700,"font-style":"normal"},"highlight_post_meta_color":"#363636","highlight_posts_meta_font_control":{"font-family":"Montserrat","variant":"500","font-size":"13px","text-transform":"capitalize","line-height":"1.6","font-backup":"","font-weight":500,"font-style":"normal"},"archive_post_layout":"single","blog_post_title_color":"#212121","blog_post_meta_color":"#363636","blog_post_meta_icon_color":"#002b46","blog_post_text_color":"#363636","blog_post_hover_color":"#187bb9","blog_post_title_font_control":{"font-family":"Bai Jamjuree","variant":"700","font-size":"22px","text-transform":"uppercase","line-height":"1.4","font-backup":"","font-weight":700,"font-style":"normal"},"blog_post_cat_font_control":{"font-family":"Montserrat","variant":"500","font-size":"13px","text-transform":"uppercase","line-height":"1.6","font-backup":"","font-weight":500,"font-style":"normal"},"blog_post_meta_font_control":{"font-family":"Montserrat","variant":"regular","font-size":"13px","text-transform":"capitalize","line-height":"2","font-backup":"","font-weight":400,"font-style":"normal"},"blog_post_excerpt_font_control":{"font-family":"Montserrat","variant":"regular","font-size":"15px","text-transform":"initial","line-height":"1.8","font-backup":"","font-weight":400,"font-style":"normal"},"hide_post_button":false,"blog_post_button_font_control":{"font-family":"Montserrat","variant":"600","font-size":"13px","text-transform":"uppercase","line-height":"2","font-backup":"","font-weight":600,"font-style":"normal"},"blog_post_category_color":"#002b46","disable_top_header_border":true,"header_image_height":"80","footer_image_size":"cover","preloader_animation":"animation_five","preloader_custom_image_width":"50","logo_width":"170","custom_logo":181,"disable_site_title":true,"disable_site_tagline":true,"bottom_footer_image":182,"bottom_footer_image_link":"https:\/\/demo.bosathemes.com\/bosa\/business-04\/","disable_sticky_sidebar":false,"disable_feature_posts_section_title":false,"feature_posts_section_title":"feature post","feature_posts_section_title_font_control":{"font-family":"Bai Jamjuree","variant":"700","font-size":"26px","text-transform":"uppercase","line-height":"1.2","font-backup":"","font-weight":700,"font-style":"normal"},"disable_latest_posts_section_title":false,"latest_posts_section_title":"from our blog","latest_posts_section_title_font_control":{"font-family":"Bai Jamjuree","variant":"700","font-size":"26px","text-transform":"uppercase","line-height":"1.2","font-backup":"","font-weight":700,"font-style":"normal"},"sidebars_widgets":{"time":1616309983,"data":{"wp_inactive_widgets":["recent-comments-2","recent-posts-2","search-2"],"right-sidebar":["categories-4","bosa_latest_post-5","tag_cloud-3","text-6"],"menu-sidebar":["archives-2","categories-2","meta-2"],"left-sidebar":[],"woocommerce-right-sidebar":["woocommerce_price_filter-2","woocommerce_products-2","calendar-2"],"woocommerce-left-sidebar":[],"footer-sidebar-1":["text-3"],"footer-sidebar-2":["bosa_latest_post-3"],"footer-sidebar-3":["text-8"],"footer-sidebar-4":[]}}},"woocommerce_shop_page_id":"6","woocommerce_shop_page_id-child":"6"}}