{"widget_positions":{"wp_inactive_widgets":["media_gallery-3","text-4","recent-comments-2","recent-posts-2","search-2"],"right-sidebar":["categories-4","bosa_latest_post-5","tag_cloud-3","text-6"],"menu-sidebar":["archives-2","categories-2","meta-2"],"left-sidebar":[],"woocommerce-right-sidebar":["woocommerce_price_filter-2","woocommerce_products-2","calendar-2"],"woocommerce-left-sidebar":[],"footer-sidebar-1":["text-3"],"footer-sidebar-2":["bosa_latest_post-3"],"footer-sidebar-3":["text-8"],"footer-sidebar-4":[],"array_version":3},"widget_options":{"media_gallery":{"_multiwidget":1,"3":{"title":"Gallery","ids":[157,156,155,71,70,69],"columns":3,"size":"thumbnail","link_type":"post","orderby_random":false}},"text":{"1":[],"_multiwidget":1,"3":{"title":"About Bosa Business","text":"Corrupti, perspiciatis aliquam habitant elit ipsum! Tincidunt dis tempore aute parturient corrupti earum error aptent facilisis tempora augue, fames tenetur habitant aliquet temporibus nisl.","filter":true,"visual":true},"4":{"title":"Gallery","text":"","filter":true,"visual":true},"6":{"title":"Need help?","text":"Unde malesuada, non nesciunt voluptate augue commodi pulvinar urna laborum ligula excepteur quis dolores facilisis posuere. Rhoncus tellus taciti pellentesque ullam! Laboris. Voluptate odio suscipit.","filter":true,"visual":true},"8":{"title":"Official info","text":"Hymenaeos odio orci cum natoque dui accusamus, dictumst litora primis.\r\n\r\n<strong>Working Hours:<\/strong>\r\n<ul>\r\n \t<li>Mon-Fri : 9:00AM \u2013 5:00PM<\/li>\r\n \t<li>Sat-Sun : 10:00AM \u2013 3:00PM<\/li>\r\n<\/ul>","filter":true,"visual":true}},"recent-comments":{"2":{"title":"","number":5},"_multiwidget":1},"recent-posts":{"2":{"title":"","number":5},"_multiwidget":1},"search":{"2":{"title":""},"_multiwidget":1},"categories":{"2":{"title":"","count":0,"hierarchical":0,"dropdown":0},"_multiwidget":1,"4":{"title":"Categories","count":1,"hierarchical":0,"dropdown":0}},"bosa_latest_post":{"3":{"title":"Recent posts","category":0,"per_page":"2","show_date_comment":true,"layout":"left"},"5":{"title":"Recent posts","category":0,"per_page":"2","show_date_comment":true,"layout":"full"},"_multiwidget":1},"tag_cloud":{"_multiwidget":1,"3":{"title":"Post tags","count":0,"taxonomy":"post_tag"}},"archives":{"2":{"title":"","count":0,"dropdown":0},"_multiwidget":1},"meta":{"2":{"title":""},"_multiwidget":1},"woocommerce_price_filter":{"2":{"title":"Filter by price"},"_multiwidget":1},"woocommerce_products":{"2":{"title":"Products","number":4,"show":"","orderby":"date","order":"desc","hide_free":0,"show_hidden":0},"_multiwidget":1},"calendar":{"2":{"title":"Calender"},"_multiwidget":1}}}