{"menu":{"menu-1":8,"menu-3":9},"options":{"blogname":"Bosa Blog Dark","blogname-child":"Bosa Blog Dark","blogdescription":"Bosa Blog Dark is dark skin blog theme","blogdescription-child":"Bosa Blog Dark is dark skin blog theme","posts_per_page":"10","posts_per_page-child":"10","date_format":"F j, Y","date_format-child":"F j, Y","time_format":"g:i a","time_format-child":"g:i a","show_on_front":"posts","show_on_front-child":"posts","thumbnail_size_w":"150","thumbnail_size_w-child":"150","thumbnail_size_h":"150","thumbnail_size_h-child":"150","thumbnail_crop":"1","thumbnail_crop-child":"1","medium_size_w":"300","medium_size_w-child":"300","medium_size_h":"300","medium_size_h-child":"300","avatar_default":"mystery","avatar_default-child":"mystery","large_size_w":"1024","large_size_w-child":"1024","large_size_h":"1024","large_size_h-child":"1024","page_for_posts":"0","page_for_posts-child":"0","page_on_front":"0","page_on_front-child":"0","medium_large_size_w":"768","medium_large_size_w-child":"768","medium_large_size_h":"0","medium_large_size_h-child":"0","theme_mods_bosa-blog-dark":{"0":false,"nav_menu_locations":{"menu-1":8,"menu-3":9},"custom_css_post_id":-1,"header_button_repeater":[{"header_btn_type":"button-outline","header_btn_bg_color":"#eb5a3e","header_btn_border_color":"#1a1a1a","header_btn_text_color":"#1a1a1a","header_btn_hover_color":"#086abd","header_btn_text":"","header_btn_link":"","header_btn_target":true,"header_btn_radius":0}],"transparent_header_button_repeater":[{"transparent_header_btn_type":"button-outline","transparent_header_home_btn_bg_color":"#eb5a3e","transparent_header_home_btn_border_color":"#ffffff","transparent_header_home_btn_text_color":"#ffffff","transparent_header_btn_bg_color":"#eb5a3e","transparent_header_btn_border_color":"#1a1a1a","transparent_header_btn_text_color":"#1a1a1a","transparent_header_btn_hover_color":"#086abd","transparent_header_btn_text":"","transparent_header_btn_link":"","transparent_header_btn_target":true,"transparent_header_btn_radius":0}],"header_image_slider":[{"slider_item":""}],"social_media_links":[{"icon":"fab fa-facebook","link":"#","target":true},{"icon":"fab fa-twitter","link":"#","target":true},{"icon":"fab fa-youtube","link":"#","target":true},{"icon":"fab fa-instagram","link":"#","target":true},{"icon":"fab fa-pinterest","link":"#","target":true}],"slider_category":"2","main_slider_button_repeater":[{"slider_btn_type":"button-outline","slider_btn_bg_color":"#eb5a3e","slider_btn_border_color":"#ffffff","slider_btn_text_color":"#ffffff","slider_btn_hover_color":"#a8d8ff","slider_btn_text":"READ MORE","slider_btn_radius":0}],"main_banner_buttons_repeater":[{"banner_btn_type":"button-outline","banner_btn_bg_color":"#eb5a3e","banner_btn_border_color":"#ffffff","banner_btn_text_color":"#ffffff","banner_btn_hover_color":"#086abd","banner_btn_text":"","banner_btn_link":"","banner_btn_target":true,"banner_btn_radius":0}],"blog_page_button_repeater":[{"blog_btn_type":"button-outline","blog_btn_bg_color":"#eb5a3e","blog_btn_border_color":"#eb5a3e","blog_btn_text_color":"#ffffff","blog_btn_hover_color":"#086abd","blog_btn_text":"Read More","blog_btn_radius":0}],"main_slider_button_font_control":{"font-family":"Open Sans","variant":"600","font-size":"15px","text-transform":"capitalize","line-height":"1.5","font-backup":"","font-weight":600,"font-style":"normal"},"feature_posts_category":"5","disable_latest_posts_section_title":false,"latest_posts_category":"4","disable_feature_posts_section_title":false,"feature_posts_section_title":"Featured Posts","disable_feature_posts_section_description":false,"feature_posts_section_description":"Repudiandae illo in lorem nostrum augue aut at aliquet ducimus vestibulum imperdiet.","latest_posts_section_title":"From Our Blog","disable_highlight_posts_section_title":false,"highlight_posts_section_title":"Highlighted Posts","highlight_posts_category":"3","hide_post_button":false,"blog_post_button_font_control":{"font-family":"Open Sans","variant":"600","font-size":"14px","text-transform":"uppercase","line-height":"2","font-backup":"","font-weight":600,"font-style":"normal"},"feature_posts_section_title_desc_alignment":"center","social_icons_size":"20","logo_width":"270","disable_sidebar_page":true,"disable_sticky_sidebar":false},"theme_mods_bosa-blog-dark-child":{"0":false,"nav_menu_locations":{"menu-1":8,"menu-3":9},"custom_css_post_id":-1,"header_button_repeater":[{"header_btn_type":"button-outline","header_btn_bg_color":"#eb5a3e","header_btn_border_color":"#1a1a1a","header_btn_text_color":"#1a1a1a","header_btn_hover_color":"#086abd","header_btn_text":"","header_btn_link":"","header_btn_target":true,"header_btn_radius":0}],"transparent_header_button_repeater":[{"transparent_header_btn_type":"button-outline","transparent_header_home_btn_bg_color":"#eb5a3e","transparent_header_home_btn_border_color":"#ffffff","transparent_header_home_btn_text_color":"#ffffff","transparent_header_btn_bg_color":"#eb5a3e","transparent_header_btn_border_color":"#1a1a1a","transparent_header_btn_text_color":"#1a1a1a","transparent_header_btn_hover_color":"#086abd","transparent_header_btn_text":"","transparent_header_btn_link":"","transparent_header_btn_target":true,"transparent_header_btn_radius":0}],"header_image_slider":[{"slider_item":""}],"social_media_links":[{"icon":"fab fa-facebook","link":"#","target":true},{"icon":"fab fa-twitter","link":"#","target":true},{"icon":"fab fa-youtube","link":"#","target":true},{"icon":"fab fa-instagram","link":"#","target":true},{"icon":"fab fa-pinterest","link":"#","target":true}],"slider_category":"2","main_slider_button_repeater":[{"slider_btn_type":"button-outline","slider_btn_bg_color":"#eb5a3e","slider_btn_border_color":"#ffffff","slider_btn_text_color":"#ffffff","slider_btn_hover_color":"#a8d8ff","slider_btn_text":"READ MORE","slider_btn_radius":0}],"main_banner_buttons_repeater":[{"banner_btn_type":"button-outline","banner_btn_bg_color":"#eb5a3e","banner_btn_border_color":"#ffffff","banner_btn_text_color":"#ffffff","banner_btn_hover_color":"#086abd","banner_btn_text":"","banner_btn_link":"","banner_btn_target":true,"banner_btn_radius":0}],"blog_page_button_repeater":[{"blog_btn_type":"button-outline","blog_btn_bg_color":"#eb5a3e","blog_btn_border_color":"#eb5a3e","blog_btn_text_color":"#ffffff","blog_btn_hover_color":"#086abd","blog_btn_text":"Read More","blog_btn_radius":0}],"main_slider_button_font_control":{"font-family":"Open Sans","variant":"600","font-size":"15px","text-transform":"capitalize","line-height":"1.5","font-backup":"","font-weight":600,"font-style":"normal"},"feature_posts_category":"5","disable_latest_posts_section_title":false,"latest_posts_category":"4","disable_feature_posts_section_title":false,"feature_posts_section_title":"Featured Posts","disable_feature_posts_section_description":false,"feature_posts_section_description":"Repudiandae illo in lorem nostrum augue aut at aliquet ducimus vestibulum imperdiet.","latest_posts_section_title":"From Our Blog","disable_highlight_posts_section_title":false,"highlight_posts_section_title":"Highlighted Posts","highlight_posts_category":"3","hide_post_button":false,"blog_post_button_font_control":{"font-family":"Open Sans","variant":"600","font-size":"14px","text-transform":"uppercase","line-height":"2","font-backup":"","font-weight":600,"font-style":"normal"},"feature_posts_section_title_desc_alignment":"center","social_icons_size":"20","logo_width":"270","disable_sidebar_page":true,"disable_sticky_sidebar":false},"woocommerce_shop_page_id":"75","woocommerce_shop_page_id-child":"75"}}