{"widget_positions":{"wp_inactive_widgets":[],"right-sidebar":["bosa_author_widget-4","search-2","bosa_latest_post-4"],"menu-sidebar":["categories-2","bosa_latest_post-3"],"left-sidebar":[],"woocommerce-right-sidebar":["woocommerce_product_search-2","woocommerce_price_filter-2","woocommerce_products-2"],"woocommerce-left-sidebar":[],"footer-sidebar-1":[],"footer-sidebar-2":[],"footer-sidebar-3":[],"footer-sidebar-4":[],"array_version":3},"widget_options":{"bosa_author_widget":{"_multiwidget":1,"3":{"title":"About Author","page_id":47,"full-square-thumb":true,"page_title":true,"excerpt_count":"10","sub_title":"Lifestyle Blogger","content_alignment":"center","social_title":null,"social_desc":null,"social_menu_icon_1":"","social_menu_link_1":"","social_menu_icon_2":"","social_menu_link_2":"","social_menu_icon_3":"","social_menu_link_3":"","social_menu_icon_4":"","social_menu_link_4":"","social_menu_icon_5":"","social_menu_link_5":"","social_menu_icon_6":"","social_menu_link_6":"","social_menu_icon_7":"","social_menu_link_7":"","social_menu_icon_8":"","social_menu_link_8":"","social_menu_icon_9":"","social_menu_link_9":"","social_menu_icon_10":"","social_menu_link_10":""},"4":{"title":"About Lead Author","page_id":47,"full-square-thumb":true,"page_title":true,"excerpt_count":"10","sub_title":"Travel & Lifestyle Blogger","content_alignment":"center","social_title":null,"social_desc":null,"social_menu_icon_1":"fab fa-facebook","social_menu_link_1":"#","social_menu_icon_2":"fab fa-twitter","social_menu_link_2":"#","social_menu_icon_3":"fab fa-youtube","social_menu_link_3":"#","social_menu_icon_4":"fab fa-instagram","social_menu_link_4":"#","social_menu_icon_5":"","social_menu_link_5":"","social_menu_icon_6":"","social_menu_link_6":"","social_menu_icon_7":"","social_menu_link_7":"","social_menu_icon_8":"","social_menu_link_8":"","social_menu_icon_9":"","social_menu_link_9":"","social_menu_icon_10":"","social_menu_link_10":""}},"search":{"2":{"title":""},"_multiwidget":1},"bosa_latest_post":{"_multiwidget":1,"3":{"title":"Latest Posts","category":5,"per_page":"3","show_date_comment":true,"layout":"full"},"4":{"title":"Latest Posts","category":5,"per_page":"3","show_date_comment":true,"layout":"left"}},"categories":{"2":{"title":"","count":0,"hierarchical":0,"dropdown":0},"_multiwidget":1},"woocommerce_product_search":{"2":{"title":""},"_multiwidget":1},"woocommerce_price_filter":{"2":{"title":"Filter by price"},"_multiwidget":1},"woocommerce_products":{"2":{"title":"Products","number":5,"show":"","orderby":"date","order":"desc","hide_free":0,"show_hidden":0},"_multiwidget":1}}}