{"menu":{"menu-2":20,"menu-1":19},"options":{"blogname":"Gutener Consultancy","blogname-child":"Gutener Consultancy","blogdescription":"Grow Your Business Empire","blogdescription-child":"Grow Your Business Empire","posts_per_page":"10","posts_per_page-child":"10","date_format":"F j, Y","date_format-child":"F j, Y","time_format":"g:i a","time_format-child":"g:i a","show_on_front":"page","show_on_front-child":"page","thumbnail_size_w":"150","thumbnail_size_w-child":"150","thumbnail_size_h":"150","thumbnail_size_h-child":"150","thumbnail_crop":"1","thumbnail_crop-child":"1","medium_size_w":"300","medium_size_w-child":"300","medium_size_h":"300","medium_size_h-child":"300","avatar_default":"mystery","avatar_default-child":"mystery","large_size_w":"700","large_size_w-child":"700","large_size_h":"700","large_size_h-child":"700","page_for_posts":"341","page_for_posts-child":"341","page_on_front":"216","page_on_front-child":"216","medium_large_size_w":"768","medium_large_size_w-child":"768","medium_large_size_h":"0","medium_large_size_h-child":"0","woocommerce_shop_page_id":"4","woocommerce_shop_page_id-child":"4","theme_mods_gutener":{"0":false,"custom_css_post_id":458,"custom_logo":417,"logo_width":"220","site_tagline_color":"#212121","disable_site_title":true,"disable_site_tagline":true,"header_image_slider":[],"social_media_links":[{"icon":"fab fa-facebook","link":"#","new_tab":false},{"icon":"fab fa-twitter","link":"#","new_tab":false},{"icon":"fab fa-google","link":"#","new_tab":false},{"icon":"fab fa-instagram","link":"#","new_tab":false},{"icon":"fab fa-pinterest","link":"#","new_tab":false}],"main_banner_buttons":[{"text":"","link":"","type":"button-outline"}],"site_primary_color":"#f57251","site_hover_color":"#d63a13","highlight_posts_section_title":"Highlighted Posts","disable_highlight_posts_section_title":true,"highlight_posts_height":"250","feature_posts_section_title":"Featured Posts","disable_notification_bar":false,"notification_bar_button_background_color":"#f57251","notification_bar_title":"This is your default notification bar which you can use to announce a sale or discount.","notification_bar_button_text":"View More","header_layout":"header_two","header_button_background_color":"#f57251","header_button_text":"Get a Quote","header_image_height":"150","contact_phone":"+ 1987 123456","contact_email":"yourmail@email.com","contact_address":"Rock Street, San Francisco, California","disable_main_slider":true,"main_slider_controls":"banner","hide_post_button":false,"post_button_text":"READ MORE","post_button_border_radius":"0","blog_post_category_color":"#f57251","related_posts_title":"You may also like these","sidebars_widgets":{"time":1606386389,"data":{"wp_inactive_widgets":["mc4wp_form_widget-2","media_gallery-3"],"menu-sidebar":["search-2","gutener_author_widget-3"],"left-sidebar":["calendar-2","categories-3","media_gallery-2","text-2"],"right-sidebar":["gutener_author_widget-4","categories-4","calendar-3"],"footer-sidebar-1":["text-3"],"footer-sidebar-2":["gutener_latest_post-3"],"footer-sidebar-3":["categories-5"],"footer-sidebar-4":["mc4wp_form_widget-3"]}},"blog_post_button_color":"#1a1a1a","top_header_two_background_color":"#f1f1f1"},"theme_mods_gutener-child":{"0":false,"nav_menu_locations":{"menu-1":19,"menu-2":20},"custom_css_post_id":458,"custom_logo":417,"logo_width":"220","site_tagline_color":"#212121","disable_site_title":true,"disable_site_tagline":true,"header_image_slider":[],"social_media_links":[{"icon":"fab fa-facebook","link":"#","new_tab":false},{"icon":"fab fa-twitter","link":"#","new_tab":false},{"icon":"fab fa-google","link":"#","new_tab":false},{"icon":"fab fa-instagram","link":"#","new_tab":false},{"icon":"fab fa-pinterest","link":"#","new_tab":false}],"main_banner_buttons":[{"text":"","link":"","type":"button-outline"}],"site_primary_color":"#f57251","site_hover_color":"#d63a13","highlight_posts_section_title":"Highlighted Posts","disable_highlight_posts_section_title":true,"highlight_posts_height":"250","feature_posts_section_title":"Featured Posts","disable_notification_bar":false,"notification_bar_button_background_color":"#f57251","notification_bar_title":"This is your default notification bar which you can use to announce a sale or discount.","notification_bar_button_text":"View More","header_layout":"header_two","header_button_background_color":"#f57251","header_button_text":"Get a Quote","header_image_height":"150","contact_phone":"+ 1987 123456","contact_email":"yourmail@email.com","contact_address":"Rock Street, San Francisco, California","disable_main_slider":true,"main_slider_controls":"banner","hide_post_button":false,"post_button_text":"READ MORE","post_button_border_radius":"0","blog_post_category_color":"#f57251","related_posts_title":"You may also like these","sidebars_widgets":{"time":1606386389,"data":{"wp_inactive_widgets":["mc4wp_form_widget-2","media_gallery-3"],"menu-sidebar":["search-2","gutener_author_widget-3"],"left-sidebar":["calendar-2","categories-3","media_gallery-2","text-2"],"right-sidebar":["gutener_author_widget-4","categories-4","calendar-3"],"footer-sidebar-1":["text-3"],"footer-sidebar-2":["gutener_latest_post-3"],"footer-sidebar-3":["categories-5"],"footer-sidebar-4":["mc4wp_form_widget-3"]}},"blog_post_button_color":"#1a1a1a","top_header_two_background_color":"#f1f1f1"}}}