{"widget_positions":{"wp_inactive_widgets":["gutener_author_widget-3","gutener_author_widget-4","mc4wp_form_widget-2","media_gallery-3"],"menu-sidebar":["search-2","gutener_author_widget-6"],"left-sidebar":["calendar-2","categories-3","media_gallery-2","text-2"],"right-sidebar":["gutener_author_widget-7","categories-4","calendar-3"],"footer-sidebar-1":["text-3"],"footer-sidebar-2":["gutener_latest_post-3"],"footer-sidebar-3":["categories-5"],"footer-sidebar-4":["mc4wp_form_widget-3"],"array_version":3},"widget_options":{"gutener_author_widget":{"_multiwidget":1,"3":{"title":"About the Author","page_id":16,"full-square-thumb":false,"page_title":true,"excerpt_count":"20","sub_title":"Supervisor","social_title":null,"social_desc":null,"social_menu_icon_1":"fab fa-facebook","social_menu_link_1":"#","social_menu_icon_2":"fab fa-twitter","social_menu_link_2":"#","social_menu_icon_3":"fab fa-instagram","social_menu_link_3":"#","social_menu_icon_4":"","social_menu_link_4":"","social_menu_icon_5":"","social_menu_link_5":"","social_menu_icon_6":"","social_menu_link_6":"","social_menu_icon_7":"","social_menu_link_7":"","social_menu_icon_8":"","social_menu_link_8":"","social_menu_icon_9":"","social_menu_link_9":""},"4":{"title":"About the Author","page_id":16,"full-square-thumb":false,"page_title":true,"excerpt_count":"20","sub_title":"Travel Blogger","social_title":null,"social_desc":null,"social_menu_icon_1":"fab fa-facebook","social_menu_link_1":"#","social_menu_icon_2":"fab fa-twitter","social_menu_link_2":"#","social_menu_icon_3":"fab fa-instagram","social_menu_link_3":"#","social_menu_icon_4":"","social_menu_link_4":"","social_menu_icon_5":"","social_menu_link_5":"","social_menu_icon_6":"","social_menu_link_6":"","social_menu_icon_7":"","social_menu_link_7":"","social_menu_icon_8":"","social_menu_link_8":"","social_menu_icon_9":"","social_menu_link_9":""},"6":{"title":"About the Author","page_id":16,"full-square-thumb":false,"page_title":true,"excerpt_count":"20","sub_title":"Supervisor","social_title":null,"social_desc":null,"social_menu_icon_1":"fab fa-facebook","social_menu_link_1":"#","social_menu_icon_2":"fab fa-twitter","social_menu_link_2":"#","social_menu_icon_3":"fab fa-instagram","social_menu_link_3":"#","social_menu_icon_4":"","social_menu_link_4":"","social_menu_icon_5":"","social_menu_link_5":"","social_menu_icon_6":"","social_menu_link_6":"","social_menu_icon_7":"","social_menu_link_7":"","social_menu_icon_8":"","social_menu_link_8":"","social_menu_icon_9":"","social_menu_link_9":""},"7":{"title":"About the Author","page_id":16,"full-square-thumb":false,"page_title":true,"excerpt_count":"20","sub_title":"Travel Blogger","social_title":null,"social_desc":null,"social_menu_icon_1":"fab fa-facebook","social_menu_link_1":"#","social_menu_icon_2":"fab fa-twitter","social_menu_link_2":"#","social_menu_icon_3":"fab fa-instagram","social_menu_link_3":"#","social_menu_icon_4":"","social_menu_link_4":"","social_menu_icon_5":"","social_menu_link_5":"","social_menu_icon_6":"","social_menu_link_6":"","social_menu_icon_7":"","social_menu_link_7":"","social_menu_icon_8":"","social_menu_link_8":"","social_menu_icon_9":"","social_menu_link_9":""}},"mc4wp_form_widget":{"2":{"title":"Newsletter"},"3":{"title":"Newsletter"},"_multiwidget":1},"media_gallery":{"2":{"title":"Gallery","ids":[82,81,65,67,79,80],"columns":3,"size":"thumbnail","link_type":"post","orderby_random":false},"3":{"title":"Gallery","ids":[50,43,45,46,42,49],"columns":3,"size":"thumbnail","link_type":"post","orderby_random":false},"_multiwidget":1},"search":{"2":{"title":""},"_multiwidget":1},"calendar":{"2":{"title":"Calender"},"3":{"title":"Calender"},"_multiwidget":1},"categories":{"3":{"title":"Categories","count":1,"hierarchical":0,"dropdown":0},"4":{"title":"Categories","count":1,"hierarchical":0,"dropdown":0},"5":{"title":"Categories","count":1,"hierarchical":0,"dropdown":0},"_multiwidget":1},"text":{"1":[],"2":{"title":"About Gutener Travel","text":"Aut maiores, qui proident, dignissim excepturi convallis lorem laborum enim. Potenti morbi cupiditate dolor hic malesuada, fusce, quidem dis posuere? Repellat cillum, magnis a primis possimus ab ipsum commodo! Non.","filter":true,"visual":true},"3":{"title":"About Gutener Consultancy","text":"Rerum est senectus nihil culpa temporibus iaculis imperdiet, mi interdum, montes taciti, dolorem perferendis metus laoreet ullam voluptate totam metus cupidatat phasellus libero enim recusandae.","filter":true,"visual":true},"_multiwidget":1},"gutener_latest_post":{"_multiwidget":1,"3":{"title":"Recent posts","per_page":"2","show_date_comment":true,"layout":"left"},"5":[]}}}