{"attachment":[{"type_title":"Media","post_id":197,"post_title":"bosa-blog1-img68","post_status":"inherit","post_name":"bosa-blog1-img68","post_content":"","post_excerpt":"","post_parent":0,"menu_order":0,"post_date":"2020-12-10 12:15:26","post_date_gmt":"2020-12-10 12:15:26","guid":"https:\/\/demo.bosathemes.com\/bosa\/coming-soon\/wp-content\/uploads\/sites\/12\/2020\/12\/bosa-blog1-img68.jpg","post_mime_type":"image\/jpeg","meta":{"_wp_attached_file":"2020\/12\/bosa-blog1-img68.jpg","_wp_attachment_metadata":{"width":1920,"height":1080,"file":"2020\/12\/bosa-blog1-img68.jpg","sizes":{"medium":{"file":"bosa-blog1-img68-300x169.jpg","width":300,"height":169,"mime-type":"image\/jpeg"},"large":{"file":"bosa-blog1-img68-1024x576.jpg","width":1024,"height":576,"mime-type":"image\/jpeg"},"thumbnail":{"file":"bosa-blog1-img68-150x150.jpg","width":150,"height":150,"mime-type":"image\/jpeg"},"medium_large":{"file":"bosa-blog1-img68-768x432.jpg","width":768,"height":432,"mime-type":"image\/jpeg"},"1536x1536":{"file":"bosa-blog1-img68-1536x864.jpg","width":1536,"height":864,"mime-type":"image\/jpeg"},"bosa-pro-1920-550":{"file":"bosa-blog1-img68-1920x550.jpg","width":1920,"height":550,"mime-type":"image\/jpeg"},"bosa-pro-1370-550":{"file":"bosa-blog1-img68-1370x550.jpg","width":1370,"height":550,"mime-type":"image\/jpeg"},"bosa-pro-730-90":{"file":"bosa-blog1-img68-730x90.jpg","width":730,"height":90,"mime-type":"image\/jpeg"},"bosa-pro-590-310":{"file":"bosa-blog1-img68-590x310.jpg","width":590,"height":310,"mime-type":"image\/jpeg"},"bosa-pro-420-380":{"file":"bosa-blog1-img68-420x380.jpg","width":420,"height":380,"mime-type":"image\/jpeg"},"bosa-pro-420-300":{"file":"bosa-blog1-img68-420x300.jpg","width":420,"height":300,"mime-type":"image\/jpeg"},"bosa-pro-290-150":{"file":"bosa-blog1-img68-290x150.jpg","width":290,"height":150,"mime-type":"image\/jpeg"},"bosa-pro-80-60":{"file":"bosa-blog1-img68-80x60.jpg","width":80,"height":60,"mime-type":"image\/jpeg"}},"image_meta":{"aperture":"0","credit":"","camera":"","caption":"","created_timestamp":"0","copyright":"","focal_length":"0","iso":"0","shutter_speed":"0","title":"","orientation":"0","keywords":[]}}},"terms":{"category":[],"post_tag":[],"nav_menu":[],"link_category":[],"post_format":[]}},{"type_title":"Media","post_id":185,"post_title":"bosa-comingsoon-logo1","post_status":"inherit","post_name":"bosa-comingsoon-logo1","post_content":"","post_excerpt":"","post_parent":0,"menu_order":0,"post_date":"2020-12-10 11:39:14","post_date_gmt":"2020-12-10 11:39:14","guid":"https:\/\/demo.bosathemes.com\/bosa\/coming-soon\/wp-content\/uploads\/sites\/12\/2020\/12\/bosa-comingsoon-logo1.png","post_mime_type":"image\/png","meta":{"_wp_attached_file":"2020\/12\/bosa-comingsoon-logo1.png","_wp_attachment_metadata":{"width":150,"height":69,"file":"2020\/12\/bosa-comingsoon-logo1.png","sizes":{"bosa-pro-80-60":{"file":"bosa-comingsoon-logo1-80x60.png","width":80,"height":60,"mime-type":"image\/png"}},"image_meta":{"aperture":"0","credit":"","camera":"","caption":"","created_timestamp":"0","copyright":"","focal_length":"0","iso":"0","shutter_speed":"0","title":"","orientation":"0","keywords":[]}}},"terms":{"category":[],"post_tag":[],"nav_menu":[],"link_category":[],"post_format":[]}},{"type_title":"Media","post_id":168,"post_title":"advertise","post_status":"inherit","post_name":"advertise","post_content":"","post_excerpt":"","post_parent":0,"menu_order":0,"post_date":"2020-12-10 11:12:09","post_date_gmt":"2020-12-10 11:12:09","guid":"https:\/\/demo.bosathemes.com\/bosa\/coming-soon\/wp-content\/uploads\/sites\/12\/2020\/12\/advertise.png","post_mime_type":"image\/png","meta":{"_wp_attached_file":"2020\/12\/advertise.png","_wp_attachment_metadata":{"width":350,"height":500,"file":"2020\/12\/advertise.png","sizes":{"medium":{"file":"advertise-210x300.png","width":210,"height":300,"mime-type":"image\/png"},"thumbnail":{"file":"advertise-150x150.png","width":150,"height":150,"mime-type":"image\/png"},"bosa-pro-730-90":{"file":"advertise-350x90.png","width":350,"height":90,"mime-type":"image\/png"},"bosa-pro-590-310":{"file":"advertise-350x310.png","width":350,"height":310,"mime-type":"image\/png"},"bosa-pro-420-380":{"file":"advertise-350x380.png","width":350,"height":380,"mime-type":"image\/png"},"bosa-pro-420-300":{"file":"advertise-350x300.png","width":350,"height":300,"mime-type":"image\/png"},"bosa-pro-290-150":{"file":"advertise-290x150.png","width":290,"height":150,"mime-type":"image\/png"},"bosa-pro-80-60":{"file":"advertise-80x60.png","width":80,"height":60,"mime-type":"image\/png"}},"image_meta":{"aperture":"0","credit":"","camera":"","caption":"","created_timestamp":"0","copyright":"","focal_length":"0","iso":"0","shutter_speed":"0","title":"","orientation":"0","keywords":[]}}},"terms":{"category":[],"post_tag":[],"nav_menu":[],"link_category":[],"post_format":[]}},{"type_title":"Media","post_id":166,"post_title":"bosa-blog1-img65","post_status":"inherit","post_name":"bosa-blog1-img65","post_content":"","post_excerpt":"","post_parent":165,"menu_order":0,"post_date":"2020-12-10 11:08:43","post_date_gmt":"2020-12-10 11:08:43","guid":"https:\/\/demo.bosathemes.com\/bosa\/coming-soon\/wp-content\/uploads\/sites\/12\/2020\/12\/bosa-blog1-img65.jpg","post_mime_type":"image\/jpeg","meta":{"_wp_attached_file":"2020\/12\/bosa-blog1-img65.jpg","_wp_attachment_metadata":{"width":150,"height":150,"file":"2020\/12\/bosa-blog1-img65.jpg","sizes":{"thumbnail":{"file":"bosa-blog1-img65-150x150.jpg","width":150,"height":150,"mime-type":"image\/jpeg"},"bosa-pro-730-90":{"file":"bosa-blog1-img65-150x90.jpg","width":150,"height":90,"mime-type":"image\/jpeg"},"bosa-pro-80-60":{"file":"bosa-blog1-img65-80x60.jpg","width":80,"height":60,"mime-type":"image\/jpeg"}},"image_meta":{"aperture":"0","credit":"","camera":"","caption":"","created_timestamp":"0","copyright":"","focal_length":"0","iso":"0","shutter_speed":"0","title":"","orientation":"0","keywords":[]}}},"terms":{"category":[],"post_tag":[],"nav_menu":[],"link_category":[],"post_format":[]}},{"type_title":"Media","post_id":152,"post_title":"bosa-blog1-img61","post_status":"inherit","post_name":"bosa-blog1-img61","post_content":"","post_excerpt":"","post_parent":131,"menu_order":0,"post_date":"2020-12-10 10:58:18","post_date_gmt":"2020-12-10 10:58:18","guid":"https:\/\/demo.bosathemes.com\/bosa\/coming-soon\/wp-content\/uploads\/sites\/12\/2020\/12\/bosa-blog1-img61.jpg","post_mime_type":"image\/jpeg","meta":{"_wp_attached_file":"2020\/12\/bosa-blog1-img61.jpg","_wp_attachment_metadata":{"width":1200,"height":550,"file":"2020\/12\/bosa-blog1-img61.jpg","sizes":{"medium":{"file":"bosa-blog1-img61-300x138.jpg","width":300,"height":138,"mime-type":"image\/jpeg"},"large":{"file":"bosa-blog1-img61-1024x469.jpg","width":1024,"height":469,"mime-type":"image\/jpeg"},"thumbnail":{"file":"bosa-blog1-img61-150x150.jpg","width":150,"height":150,"mime-type":"image\/jpeg"},"medium_large":{"file":"bosa-blog1-img61-768x352.jpg","width":768,"height":352,"mime-type":"image\/jpeg"},"bosa-pro-730-90":{"file":"bosa-blog1-img61-730x90.jpg","width":730,"height":90,"mime-type":"image\/jpeg"},"bosa-pro-590-310":{"file":"bosa-blog1-img61-590x310.jpg","width":590,"height":310,"mime-type":"image\/jpeg"},"bosa-pro-420-380":{"file":"bosa-blog1-img61-420x380.jpg","width":420,"height":380,"mime-type":"image\/jpeg"},"bosa-pro-420-300":{"file":"bosa-blog1-img61-420x300.jpg","width":420,"height":300,"mime-type":"image\/jpeg"},"bosa-pro-290-150":{"file":"bosa-blog1-img61-290x150.jpg","width":290,"height":150,"mime-type":"image\/jpeg"},"bosa-pro-80-60":{"file":"bosa-blog1-img61-80x60.jpg","width":80,"height":60,"mime-type":"image\/jpeg"}},"image_meta":{"aperture":"0","credit":"","camera":"","caption":"","created_timestamp":"0","copyright":"","focal_length":"0","iso":"0","shutter_speed":"0","title":"","orientation":"0","keywords":[]}}},"terms":{"category":[],"post_tag":[],"nav_menu":[],"link_category":[],"post_format":[]}},{"type_title":"Media","post_id":151,"post_title":"bosa-blog1-img56","post_status":"inherit","post_name":"bosa-blog1-img56","post_content":"","post_excerpt":"","post_parent":131,"menu_order":0,"post_date":"2020-12-10 10:58:16","post_date_gmt":"2020-12-10 10:58:16","guid":"https:\/\/demo.bosathemes.com\/bosa\/coming-soon\/wp-content\/uploads\/sites\/12\/2020\/12\/bosa-blog1-img56.jpg","post_mime_type":"image\/jpeg","meta":{"_wp_attached_file":"2020\/12\/bosa-blog1-img56.jpg","_wp_attachment_metadata":{"width":1200,"height":550,"file":"2020\/12\/bosa-blog1-img56.jpg","sizes":{"medium":{"file":"bosa-blog1-img56-300x138.jpg","width":300,"height":138,"mime-type":"image\/jpeg"},"large":{"file":"bosa-blog1-img56-1024x469.jpg","width":1024,"height":469,"mime-type":"image\/jpeg"},"thumbnail":{"file":"bosa-blog1-img56-150x150.jpg","width":150,"height":150,"mime-type":"image\/jpeg"},"medium_large":{"file":"bosa-blog1-img56-768x352.jpg","width":768,"height":352,"mime-type":"image\/jpeg"},"bosa-pro-730-90":{"file":"bosa-blog1-img56-730x90.jpg","width":730,"height":90,"mime-type":"image\/jpeg"},"bosa-pro-590-310":{"file":"bosa-blog1-img56-590x310.jpg","width":590,"height":310,"mime-type":"image\/jpeg"},"bosa-pro-420-380":{"file":"bosa-blog1-img56-420x380.jpg","width":420,"height":380,"mime-type":"image\/jpeg"},"bosa-pro-420-300":{"file":"bosa-blog1-img56-420x300.jpg","width":420,"height":300,"mime-type":"image\/jpeg"},"bosa-pro-290-150":{"file":"bosa-blog1-img56-290x150.jpg","width":290,"height":150,"mime-type":"image\/jpeg"},"bosa-pro-80-60":{"file":"bosa-blog1-img56-80x60.jpg","width":80,"height":60,"mime-type":"image\/jpeg"}},"image_meta":{"aperture":"0","credit":"","camera":"","caption":"","created_timestamp":"0","copyright":"","focal_length":"0","iso":"0","shutter_speed":"0","title":"","orientation":"0","keywords":[]}}},"terms":{"category":[],"post_tag":[],"nav_menu":[],"link_category":[],"post_format":[]}},{"type_title":"Media","post_id":150,"post_title":"bosa-blog1-img54","post_status":"inherit","post_name":"bosa-blog1-img54","post_content":"","post_excerpt":"","post_parent":131,"menu_order":0,"post_date":"2020-12-10 10:58:13","post_date_gmt":"2020-12-10 10:58:13","guid":"https:\/\/demo.bosathemes.com\/bosa\/coming-soon\/wp-content\/uploads\/sites\/12\/2020\/12\/bosa-blog1-img54.jpg","post_mime_type":"image\/jpeg","meta":{"_wp_attached_file":"2020\/12\/bosa-blog1-img54.jpg","_wp_attachment_metadata":{"width":1200,"height":550,"file":"2020\/12\/bosa-blog1-img54.jpg","sizes":{"medium":{"file":"bosa-blog1-img54-300x138.jpg","width":300,"height":138,"mime-type":"image\/jpeg"},"large":{"file":"bosa-blog1-img54-1024x469.jpg","width":1024,"height":469,"mime-type":"image\/jpeg"},"thumbnail":{"file":"bosa-blog1-img54-150x150.jpg","width":150,"height":150,"mime-type":"image\/jpeg"},"medium_large":{"file":"bosa-blog1-img54-768x352.jpg","width":768,"height":352,"mime-type":"image\/jpeg"},"bosa-pro-730-90":{"file":"bosa-blog1-img54-730x90.jpg","width":730,"height":90,"mime-type":"image\/jpeg"},"bosa-pro-590-310":{"file":"bosa-blog1-img54-590x310.jpg","width":590,"height":310,"mime-type":"image\/jpeg"},"bosa-pro-420-380":{"file":"bosa-blog1-img54-420x380.jpg","width":420,"height":380,"mime-type":"image\/jpeg"},"bosa-pro-420-300":{"file":"bosa-blog1-img54-420x300.jpg","width":420,"height":300,"mime-type":"image\/jpeg"},"bosa-pro-290-150":{"file":"bosa-blog1-img54-290x150.jpg","width":290,"height":150,"mime-type":"image\/jpeg"},"bosa-pro-80-60":{"file":"bosa-blog1-img54-80x60.jpg","width":80,"height":60,"mime-type":"image\/jpeg"}},"image_meta":{"aperture":"0","credit":"","camera":"","caption":"","created_timestamp":"0","copyright":"","focal_length":"0","iso":"0","shutter_speed":"0","title":"","orientation":"0","keywords":[]}}},"terms":{"category":[],"post_tag":[],"nav_menu":[],"link_category":[],"post_format":[]}},{"type_title":"Media","post_id":149,"post_title":"bosa-blog1-img53","post_status":"inherit","post_name":"bosa-blog1-img53","post_content":"","post_excerpt":"","post_parent":131,"menu_order":0,"post_date":"2020-12-10 10:58:11","post_date_gmt":"2020-12-10 10:58:11","guid":"https:\/\/demo.bosathemes.com\/bosa\/coming-soon\/wp-content\/uploads\/sites\/12\/2020\/12\/bosa-blog1-img53.jpg","post_mime_type":"image\/jpeg","meta":{"_wp_attached_file":"2020\/12\/bosa-blog1-img53.jpg","_wp_attachment_metadata":{"width":1200,"height":550,"file":"2020\/12\/bosa-blog1-img53.jpg","sizes":{"medium":{"file":"bosa-blog1-img53-300x138.jpg","width":300,"height":138,"mime-type":"image\/jpeg"},"large":{"file":"bosa-blog1-img53-1024x469.jpg","width":1024,"height":469,"mime-type":"image\/jpeg"},"thumbnail":{"file":"bosa-blog1-img53-150x150.jpg","width":150,"height":150,"mime-type":"image\/jpeg"},"medium_large":{"file":"bosa-blog1-img53-768x352.jpg","width":768,"height":352,"mime-type":"image\/jpeg"},"bosa-pro-730-90":{"file":"bosa-blog1-img53-730x90.jpg","width":730,"height":90,"mime-type":"image\/jpeg"},"bosa-pro-590-310":{"file":"bosa-blog1-img53-590x310.jpg","width":590,"height":310,"mime-type":"image\/jpeg"},"bosa-pro-420-380":{"file":"bosa-blog1-img53-420x380.jpg","width":420,"height":380,"mime-type":"image\/jpeg"},"bosa-pro-420-300":{"file":"bosa-blog1-img53-420x300.jpg","width":420,"height":300,"mime-type":"image\/jpeg"},"bosa-pro-290-150":{"file":"bosa-blog1-img53-290x150.jpg","width":290,"height":150,"mime-type":"image\/jpeg"},"bosa-pro-80-60":{"file":"bosa-blog1-img53-80x60.jpg","width":80,"height":60,"mime-type":"image\/jpeg"}},"image_meta":{"aperture":"0","credit":"","camera":"","caption":"","created_timestamp":"0","copyright":"","focal_length":"0","iso":"0","shutter_speed":"0","title":"","orientation":"0","keywords":[]}}},"terms":{"category":[],"post_tag":[],"nav_menu":[],"link_category":[],"post_format":[]}},{"type_title":"Media","post_id":148,"post_title":"bosa-blog1-img32","post_status":"inherit","post_name":"bosa-blog1-img32","post_content":"","post_excerpt":"","post_parent":131,"menu_order":0,"post_date":"2020-12-10 10:58:08","post_date_gmt":"2020-12-10 10:58:08","guid":"https:\/\/demo.bosathemes.com\/bosa\/coming-soon\/wp-content\/uploads\/sites\/12\/2020\/12\/bosa-blog1-img32.jpg","post_mime_type":"image\/jpeg","meta":{"_wp_attached_file":"2020\/12\/bosa-blog1-img32.jpg","_wp_attachment_metadata":{"width":1200,"height":550,"file":"2020\/12\/bosa-blog1-img32.jpg","sizes":{"medium":{"file":"bosa-blog1-img32-300x138.jpg","width":300,"height":138,"mime-type":"image\/jpeg"},"large":{"file":"bosa-blog1-img32-1024x469.jpg","width":1024,"height":469,"mime-type":"image\/jpeg"},"thumbnail":{"file":"bosa-blog1-img32-150x150.jpg","width":150,"height":150,"mime-type":"image\/jpeg"},"medium_large":{"file":"bosa-blog1-img32-768x352.jpg","width":768,"height":352,"mime-type":"image\/jpeg"},"bosa-pro-730-90":{"file":"bosa-blog1-img32-730x90.jpg","width":730,"height":90,"mime-type":"image\/jpeg"},"bosa-pro-590-310":{"file":"bosa-blog1-img32-590x310.jpg","width":590,"height":310,"mime-type":"image\/jpeg"},"bosa-pro-420-380":{"file":"bosa-blog1-img32-420x380.jpg","width":420,"height":380,"mime-type":"image\/jpeg"},"bosa-pro-420-300":{"file":"bosa-blog1-img32-420x300.jpg","width":420,"height":300,"mime-type":"image\/jpeg"},"bosa-pro-290-150":{"file":"bosa-blog1-img32-290x150.jpg","width":290,"height":150,"mime-type":"image\/jpeg"},"bosa-pro-80-60":{"file":"bosa-blog1-img32-80x60.jpg","width":80,"height":60,"mime-type":"image\/jpeg"}},"image_meta":{"aperture":"0","credit":"","camera":"","caption":"","created_timestamp":"0","copyright":"","focal_length":"0","iso":"0","shutter_speed":"0","title":"","orientation":"0","keywords":[]}}},"terms":{"category":[],"post_tag":[],"nav_menu":[],"link_category":[],"post_format":[]}},{"type_title":"Media","post_id":147,"post_title":"bosa-blog1-img31","post_status":"inherit","post_name":"bosa-blog1-img31","post_content":"","post_excerpt":"","post_parent":131,"menu_order":0,"post_date":"2020-12-10 10:58:05","post_date_gmt":"2020-12-10 10:58:05","guid":"https:\/\/demo.bosathemes.com\/bosa\/coming-soon\/wp-content\/uploads\/sites\/12\/2020\/12\/bosa-blog1-img31.jpg","post_mime_type":"image\/jpeg","meta":{"_wp_attached_file":"2020\/12\/bosa-blog1-img31.jpg","_wp_attachment_metadata":{"width":1200,"height":550,"file":"2020\/12\/bosa-blog1-img31.jpg","sizes":{"medium":{"file":"bosa-blog1-img31-300x138.jpg","width":300,"height":138,"mime-type":"image\/jpeg"},"large":{"file":"bosa-blog1-img31-1024x469.jpg","width":1024,"height":469,"mime-type":"image\/jpeg"},"thumbnail":{"file":"bosa-blog1-img31-150x150.jpg","width":150,"height":150,"mime-type":"image\/jpeg"},"medium_large":{"file":"bosa-blog1-img31-768x352.jpg","width":768,"height":352,"mime-type":"image\/jpeg"},"bosa-pro-730-90":{"file":"bosa-blog1-img31-730x90.jpg","width":730,"height":90,"mime-type":"image\/jpeg"},"bosa-pro-590-310":{"file":"bosa-blog1-img31-590x310.jpg","width":590,"height":310,"mime-type":"image\/jpeg"},"bosa-pro-420-380":{"file":"bosa-blog1-img31-420x380.jpg","width":420,"height":380,"mime-type":"image\/jpeg"},"bosa-pro-420-300":{"file":"bosa-blog1-img31-420x300.jpg","width":420,"height":300,"mime-type":"image\/jpeg"},"bosa-pro-290-150":{"file":"bosa-blog1-img31-290x150.jpg","width":290,"height":150,"mime-type":"image\/jpeg"},"bosa-pro-80-60":{"file":"bosa-blog1-img31-80x60.jpg","width":80,"height":60,"mime-type":"image\/jpeg"}},"image_meta":{"aperture":"0","credit":"","camera":"","caption":"","created_timestamp":"0","copyright":"","focal_length":"0","iso":"0","shutter_speed":"0","title":"","orientation":"0","keywords":[]}}},"terms":{"category":[],"post_tag":[],"nav_menu":[],"link_category":[],"post_format":[]}},{"type_title":"Media","post_id":146,"post_title":"bosa-blog1-img24","post_status":"inherit","post_name":"bosa-blog1-img24","post_content":"","post_excerpt":"","post_parent":131,"menu_order":0,"post_date":"2020-12-10 10:58:02","post_date_gmt":"2020-12-10 10:58:02","guid":"https:\/\/demo.bosathemes.com\/bosa\/coming-soon\/wp-content\/uploads\/sites\/12\/2020\/12\/bosa-blog1-img24.jpg","post_mime_type":"image\/jpeg","meta":{"_wp_attached_file":"2020\/12\/bosa-blog1-img24.jpg","_wp_attachment_metadata":{"width":1200,"height":550,"file":"2020\/12\/bosa-blog1-img24.jpg","sizes":{"medium":{"file":"bosa-blog1-img24-300x138.jpg","width":300,"height":138,"mime-type":"image\/jpeg"},"large":{"file":"bosa-blog1-img24-1024x469.jpg","width":1024,"height":469,"mime-type":"image\/jpeg"},"thumbnail":{"file":"bosa-blog1-img24-150x150.jpg","width":150,"height":150,"mime-type":"image\/jpeg"},"medium_large":{"file":"bosa-blog1-img24-768x352.jpg","width":768,"height":352,"mime-type":"image\/jpeg"},"bosa-pro-730-90":{"file":"bosa-blog1-img24-730x90.jpg","width":730,"height":90,"mime-type":"image\/jpeg"},"bosa-pro-590-310":{"file":"bosa-blog1-img24-590x310.jpg","width":590,"height":310,"mime-type":"image\/jpeg"},"bosa-pro-420-380":{"file":"bosa-blog1-img24-420x380.jpg","width":420,"height":380,"mime-type":"image\/jpeg"},"bosa-pro-420-300":{"file":"bosa-blog1-img24-420x300.jpg","width":420,"height":300,"mime-type":"image\/jpeg"},"bosa-pro-290-150":{"file":"bosa-blog1-img24-290x150.jpg","width":290,"height":150,"mime-type":"image\/jpeg"},"bosa-pro-80-60":{"file":"bosa-blog1-img24-80x60.jpg","width":80,"height":60,"mime-type":"image\/jpeg"}},"image_meta":{"aperture":"0","credit":"","camera":"","caption":"","created_timestamp":"0","copyright":"","focal_length":"0","iso":"0","shutter_speed":"0","title":"","orientation":"0","keywords":[]}}},"terms":{"category":[],"post_tag":[],"nav_menu":[],"link_category":[],"post_format":[]}},{"type_title":"Media","post_id":145,"post_title":"bosa-blog1-img19","post_status":"inherit","post_name":"bosa-blog1-img19","post_content":"","post_excerpt":"","post_parent":131,"menu_order":0,"post_date":"2020-12-10 10:57:59","post_date_gmt":"2020-12-10 10:57:59","guid":"https:\/\/demo.bosathemes.com\/bosa\/coming-soon\/wp-content\/uploads\/sites\/12\/2020\/12\/bosa-blog1-img19.jpg","post_mime_type":"image\/jpeg","meta":{"_wp_attached_file":"2020\/12\/bosa-blog1-img19.jpg","_wp_attachment_metadata":{"width":1200,"height":637,"file":"2020\/12\/bosa-blog1-img19.jpg","sizes":{"medium":{"file":"bosa-blog1-img19-300x159.jpg","width":300,"height":159,"mime-type":"image\/jpeg"},"large":{"file":"bosa-blog1-img19-1024x544.jpg","width":1024,"height":544,"mime-type":"image\/jpeg"},"thumbnail":{"file":"bosa-blog1-img19-150x150.jpg","width":150,"height":150,"mime-type":"image\/jpeg"},"medium_large":{"file":"bosa-blog1-img19-768x408.jpg","width":768,"height":408,"mime-type":"image\/jpeg"},"bosa-pro-1920-550":{"file":"bosa-blog1-img19-1200x550.jpg","width":1200,"height":550,"mime-type":"image\/jpeg"},"bosa-pro-1370-550":{"file":"bosa-blog1-img19-1200x550.jpg","width":1200,"height":550,"mime-type":"image\/jpeg"},"bosa-pro-730-90":{"file":"bosa-blog1-img19-730x90.jpg","width":730,"height":90,"mime-type":"image\/jpeg"},"bosa-pro-590-310":{"file":"bosa-blog1-img19-590x310.jpg","width":590,"height":310,"mime-type":"image\/jpeg"},"bosa-pro-420-380":{"file":"bosa-blog1-img19-420x380.jpg","width":420,"height":380,"mime-type":"image\/jpeg"},"bosa-pro-420-300":{"file":"bosa-blog1-img19-420x300.jpg","width":420,"height":300,"mime-type":"image\/jpeg"},"bosa-pro-290-150":{"file":"bosa-blog1-img19-290x150.jpg","width":290,"height":150,"mime-type":"image\/jpeg"},"bosa-pro-80-60":{"file":"bosa-blog1-img19-80x60.jpg","width":80,"height":60,"mime-type":"image\/jpeg"}},"image_meta":{"aperture":"0","credit":"","camera":"","caption":"","created_timestamp":"0","copyright":"","focal_length":"0","iso":"0","shutter_speed":"0","title":"","orientation":"0","keywords":[]}}},"terms":{"category":[],"post_tag":[],"nav_menu":[],"link_category":[],"post_format":[]}},{"type_title":"Media","post_id":144,"post_title":"bosa-blog1-img16","post_status":"inherit","post_name":"bosa-blog1-img16","post_content":"","post_excerpt":"","post_parent":131,"menu_order":0,"post_date":"2020-12-10 10:57:56","post_date_gmt":"2020-12-10 10:57:56","guid":"https:\/\/demo.bosathemes.com\/bosa\/coming-soon\/wp-content\/uploads\/sites\/12\/2020\/12\/bosa-blog1-img16.jpg","post_mime_type":"image\/jpeg","meta":{"_wp_attached_file":"2020\/12\/bosa-blog1-img16.jpg","_wp_attachment_metadata":{"width":1200,"height":600,"file":"2020\/12\/bosa-blog1-img16.jpg","sizes":{"medium":{"file":"bosa-blog1-img16-300x150.jpg","width":300,"height":150,"mime-type":"image\/jpeg"},"large":{"file":"bosa-blog1-img16-1024x512.jpg","width":1024,"height":512,"mime-type":"image\/jpeg"},"thumbnail":{"file":"bosa-blog1-img16-150x150.jpg","width":150,"height":150,"mime-type":"image\/jpeg"},"medium_large":{"file":"bosa-blog1-img16-768x384.jpg","width":768,"height":384,"mime-type":"image\/jpeg"},"bosa-pro-1920-550":{"file":"bosa-blog1-img16-1200x550.jpg","width":1200,"height":550,"mime-type":"image\/jpeg"},"bosa-pro-1370-550":{"file":"bosa-blog1-img16-1200x550.jpg","width":1200,"height":550,"mime-type":"image\/jpeg"},"bosa-pro-730-90":{"file":"bosa-blog1-img16-730x90.jpg","width":730,"height":90,"mime-type":"image\/jpeg"},"bosa-pro-590-310":{"file":"bosa-blog1-img16-590x310.jpg","width":590,"height":310,"mime-type":"image\/jpeg"},"bosa-pro-420-380":{"file":"bosa-blog1-img16-420x380.jpg","width":420,"height":380,"mime-type":"image\/jpeg"},"bosa-pro-420-300":{"file":"bosa-blog1-img16-420x300.jpg","width":420,"height":300,"mime-type":"image\/jpeg"},"bosa-pro-290-150":{"file":"bosa-blog1-img16-290x150.jpg","width":290,"height":150,"mime-type":"image\/jpeg"},"bosa-pro-80-60":{"file":"bosa-blog1-img16-80x60.jpg","width":80,"height":60,"mime-type":"image\/jpeg"}},"image_meta":{"aperture":"0","credit":"","camera":"","caption":"","created_timestamp":"0","copyright":"Matheus Ferreira Fotografia - 011949553456","focal_length":"0","iso":"0","shutter_speed":"0","title":"","orientation":"0","keywords":[]}}},"terms":{"category":[],"post_tag":[],"nav_menu":[],"link_category":[],"post_format":[]}},{"type_title":"Media","post_id":143,"post_title":"bosa-blog1-img8","post_status":"inherit","post_name":"bosa-blog1-img8","post_content":"","post_excerpt":"","post_parent":131,"menu_order":0,"post_date":"2020-12-10 10:57:53","post_date_gmt":"2020-12-10 10:57:53","guid":"https:\/\/demo.bosathemes.com\/bosa\/coming-soon\/wp-content\/uploads\/sites\/12\/2020\/12\/bosa-blog1-img8.jpg","post_mime_type":"image\/jpeg","meta":{"_wp_attached_file":"2020\/12\/bosa-blog1-img8.jpg","_wp_attachment_metadata":{"width":1200,"height":800,"file":"2020\/12\/bosa-blog1-img8.jpg","sizes":{"medium":{"file":"bosa-blog1-img8-300x200.jpg","width":300,"height":200,"mime-type":"image\/jpeg"},"large":{"file":"bosa-blog1-img8-1024x683.jpg","width":1024,"height":683,"mime-type":"image\/jpeg"},"thumbnail":{"file":"bosa-blog1-img8-150x150.jpg","width":150,"height":150,"mime-type":"image\/jpeg"},"medium_large":{"file":"bosa-blog1-img8-768x512.jpg","width":768,"height":512,"mime-type":"image\/jpeg"},"bosa-pro-1920-550":{"file":"bosa-blog1-img8-1200x550.jpg","width":1200,"height":550,"mime-type":"image\/jpeg"},"bosa-pro-1370-550":{"file":"bosa-blog1-img8-1200x550.jpg","width":1200,"height":550,"mime-type":"image\/jpeg"},"bosa-pro-730-90":{"file":"bosa-blog1-img8-730x90.jpg","width":730,"height":90,"mime-type":"image\/jpeg"},"bosa-pro-590-310":{"file":"bosa-blog1-img8-590x310.jpg","width":590,"height":310,"mime-type":"image\/jpeg"},"bosa-pro-420-380":{"file":"bosa-blog1-img8-420x380.jpg","width":420,"height":380,"mime-type":"image\/jpeg"},"bosa-pro-420-300":{"file":"bosa-blog1-img8-420x300.jpg","width":420,"height":300,"mime-type":"image\/jpeg"},"bosa-pro-290-150":{"file":"bosa-blog1-img8-290x150.jpg","width":290,"height":150,"mime-type":"image\/jpeg"},"bosa-pro-80-60":{"file":"bosa-blog1-img8-80x60.jpg","width":80,"height":60,"mime-type":"image\/jpeg"}},"image_meta":{"aperture":"0","credit":"","camera":"","caption":"","created_timestamp":"0","copyright":"","focal_length":"0","iso":"0","shutter_speed":"0","title":"","orientation":"0","keywords":[]}}},"terms":{"category":[],"post_tag":[],"nav_menu":[],"link_category":[],"post_format":[]}},{"type_title":"Media","post_id":142,"post_title":"bosa-blog1-img1","post_status":"inherit","post_name":"bosa-blog1-img1","post_content":"","post_excerpt":"","post_parent":131,"menu_order":0,"post_date":"2020-12-10 10:54:47","post_date_gmt":"2020-12-10 10:54:47","guid":"https:\/\/demo.bosathemes.com\/bosa\/coming-soon\/wp-content\/uploads\/sites\/12\/2020\/12\/bosa-blog1-img1.jpg","post_mime_type":"image\/jpeg","meta":{"_wp_attached_file":"2020\/12\/bosa-blog1-img1.jpg","_wp_attachment_metadata":{"width":1200,"height":800,"file":"2020\/12\/bosa-blog1-img1.jpg","sizes":{"medium":{"file":"bosa-blog1-img1-300x200.jpg","width":300,"height":200,"mime-type":"image\/jpeg"},"large":{"file":"bosa-blog1-img1-1024x683.jpg","width":1024,"height":683,"mime-type":"image\/jpeg"},"thumbnail":{"file":"bosa-blog1-img1-150x150.jpg","width":150,"height":150,"mime-type":"image\/jpeg"},"medium_large":{"file":"bosa-blog1-img1-768x512.jpg","width":768,"height":512,"mime-type":"image\/jpeg"},"bosa-pro-1920-550":{"file":"bosa-blog1-img1-1200x550.jpg","width":1200,"height":550,"mime-type":"image\/jpeg"},"bosa-pro-1370-550":{"file":"bosa-blog1-img1-1200x550.jpg","width":1200,"height":550,"mime-type":"image\/jpeg"},"bosa-pro-730-90":{"file":"bosa-blog1-img1-730x90.jpg","width":730,"height":90,"mime-type":"image\/jpeg"},"bosa-pro-590-310":{"file":"bosa-blog1-img1-590x310.jpg","width":590,"height":310,"mime-type":"image\/jpeg"},"bosa-pro-420-380":{"file":"bosa-blog1-img1-420x380.jpg","width":420,"height":380,"mime-type":"image\/jpeg"},"bosa-pro-420-300":{"file":"bosa-blog1-img1-420x300.jpg","width":420,"height":300,"mime-type":"image\/jpeg"},"bosa-pro-290-150":{"file":"bosa-blog1-img1-290x150.jpg","width":290,"height":150,"mime-type":"image\/jpeg"},"bosa-pro-80-60":{"file":"bosa-blog1-img1-80x60.jpg","width":80,"height":60,"mime-type":"image\/jpeg"}},"image_meta":{"aperture":"0","credit":"","camera":"","caption":"","created_timestamp":"0","copyright":"","focal_length":"0","iso":"0","shutter_speed":"0","title":"","orientation":"0","keywords":[]}}},"terms":{"category":[],"post_tag":[],"nav_menu":[],"link_category":[],"post_format":[]}},{"type_title":"Media","post_id":120,"post_title":"cropped-bosa-coming-soon.fabicon.png","post_status":"inherit","post_name":"cropped-bosa-coming-soon-fabicon-png","post_content":"https:\/\/demo.bosathemes.com\/bosa\/coming-soon\/wp-content\/uploads\/sites\/12\/2020\/10\/cropped-bosa-coming-soon.fabicon.png","post_excerpt":"","post_parent":0,"menu_order":0,"post_date":"2020-10-05 05:55:14","post_date_gmt":"2020-10-05 05:55:14","guid":"https:\/\/demo.bosathemes.com\/bosa\/coming-soon\/wp-content\/uploads\/sites\/12\/2020\/10\/cropped-bosa-coming-soon.fabicon.png","post_mime_type":"image\/png","meta":{"_wp_attached_file":"2020\/10\/cropped-bosa-coming-soon.fabicon.png","_wp_attachment_context":"site-icon","_wp_attachment_metadata":{"width":512,"height":512,"file":"2020\/10\/cropped-bosa-coming-soon.fabicon.png","sizes":{"medium":{"file":"cropped-bosa-coming-soon.fabicon-300x300.png","width":300,"height":300,"mime-type":"image\/png"},"thumbnail":{"file":"cropped-bosa-coming-soon.fabicon-150x150.png","width":150,"height":150,"mime-type":"image\/png"},"bosa-pro-590-310":{"file":"cropped-bosa-coming-soon.fabicon-512x310.png","width":512,"height":310,"mime-type":"image\/png"},"bosa-pro-420-380":{"file":"cropped-bosa-coming-soon.fabicon-420x380.png","width":420,"height":380,"mime-type":"image\/png"},"bosa-pro-420-300":{"file":"cropped-bosa-coming-soon.fabicon-420x300.png","width":420,"height":300,"mime-type":"image\/png"},"bosa-pro-290-150":{"file":"cropped-bosa-coming-soon.fabicon-290x150.png","width":290,"height":150,"mime-type":"image\/png"},"bosa-pro-80-60":{"file":"cropped-bosa-coming-soon.fabicon-80x60.png","width":80,"height":60,"mime-type":"image\/png"},"site_icon-270":{"file":"cropped-bosa-coming-soon.fabicon-270x270.png","width":270,"height":270,"mime-type":"image\/png"},"site_icon-192":{"file":"cropped-bosa-coming-soon.fabicon-192x192.png","width":192,"height":192,"mime-type":"image\/png"},"site_icon-180":{"file":"cropped-bosa-coming-soon.fabicon-180x180.png","width":180,"height":180,"mime-type":"image\/png"},"site_icon-32":{"file":"cropped-bosa-coming-soon.fabicon-32x32.png","width":32,"height":32,"mime-type":"image\/png"}},"image_meta":{"aperture":"0","credit":"","camera":"","caption":"","created_timestamp":"0","copyright":"","focal_length":"0","iso":"0","shutter_speed":"0","title":"","orientation":"0","keywords":[]}}},"terms":{"category":[],"post_tag":[],"nav_menu":[],"link_category":[],"post_format":[]}},{"type_title":"Media","post_id":119,"post_title":"bosa-coming-soon.fabicon","post_status":"inherit","post_name":"bosa-coming-soon-fabicon","post_content":"","post_excerpt":"","post_parent":0,"menu_order":0,"post_date":"2020-10-05 05:55:11","post_date_gmt":"2020-10-05 05:55:11","guid":"https:\/\/demo.bosathemes.com\/bosa\/coming-soon\/wp-content\/uploads\/sites\/12\/2020\/10\/bosa-coming-soon.fabicon.png","post_mime_type":"image\/png","meta":{"_wp_attached_file":"2020\/10\/bosa-coming-soon.fabicon.png","_wp_attachment_metadata":{"width":512,"height":512,"file":"2020\/10\/bosa-coming-soon.fabicon.png","sizes":{"medium":{"file":"bosa-coming-soon.fabicon-300x300.png","width":300,"height":300,"mime-type":"image\/png"},"thumbnail":{"file":"bosa-coming-soon.fabicon-150x150.png","width":150,"height":150,"mime-type":"image\/png"},"bosa-pro-590-310":{"file":"bosa-coming-soon.fabicon-512x310.png","width":512,"height":310,"mime-type":"image\/png"},"bosa-pro-420-380":{"file":"bosa-coming-soon.fabicon-420x380.png","width":420,"height":380,"mime-type":"image\/png"},"bosa-pro-420-300":{"file":"bosa-coming-soon.fabicon-420x300.png","width":420,"height":300,"mime-type":"image\/png"},"bosa-pro-290-150":{"file":"bosa-coming-soon.fabicon-290x150.png","width":290,"height":150,"mime-type":"image\/png"},"bosa-pro-80-60":{"file":"bosa-coming-soon.fabicon-80x60.png","width":80,"height":60,"mime-type":"image\/png"}},"image_meta":{"aperture":"0","credit":"","camera":"","caption":"","created_timestamp":"0","copyright":"","focal_length":"0","iso":"0","shutter_speed":"0","title":"","orientation":"0","keywords":[]}}},"terms":{"category":[],"post_tag":[],"nav_menu":[],"link_category":[],"post_format":[]}},{"type_title":"Media","post_id":113,"post_title":"bosa-coming-soon-logo1","post_status":"inherit","post_name":"bosa-coming-soon-logo1","post_content":"","post_excerpt":"","post_parent":0,"menu_order":0,"post_date":"2020-09-30 11:43:38","post_date_gmt":"2020-09-30 11:43:38","guid":"https:\/\/demo.bosathemes.com\/bosa\/coming-soon\/wp-content\/uploads\/sites\/12\/2020\/09\/bosa-coming-soon-logo1.png","post_mime_type":"image\/png","meta":{"_wp_attached_file":"2020\/09\/bosa-coming-soon-logo1.png","_wp_attachment_metadata":{"width":150,"height":69,"file":"2020\/09\/bosa-coming-soon-logo1.png","sizes":{"bosa-pro-80-60":{"file":"bosa-coming-soon-logo1-80x60.png","width":80,"height":60,"mime-type":"image\/png"}},"image_meta":{"aperture":"0","credit":"","camera":"","caption":"","created_timestamp":"0","copyright":"","focal_length":"0","iso":"0","shutter_speed":"0","title":"","orientation":"0","keywords":[]}}},"terms":{"category":[],"post_tag":[],"nav_menu":[],"link_category":[],"post_format":[]}},{"type_title":"Media","post_id":104,"post_title":"bosa-coming-soon-img10-1920-900","post_status":"inherit","post_name":"bosa-coming-soon-img10-1920-900","post_content":"","post_excerpt":"","post_parent":0,"menu_order":0,"post_date":"2020-09-30 10:48:18","post_date_gmt":"2020-09-30 10:48:18","guid":"https:\/\/demo.bosathemes.com\/bosa\/coming-soon\/wp-content\/uploads\/sites\/12\/2020\/09\/bosa-coming-soon-img10-1920-900.jpg","post_mime_type":"image\/jpeg","meta":{"_wp_attached_file":"2020\/09\/bosa-coming-soon-img10-1920-900.jpg","_wp_attachment_metadata":{"width":1920,"height":900,"file":"2020\/09\/bosa-coming-soon-img10-1920-900.jpg","sizes":{"medium":{"file":"bosa-coming-soon-img10-1920-900-300x141.jpg","width":300,"height":141,"mime-type":"image\/jpeg"},"large":{"file":"bosa-coming-soon-img10-1920-900-1024x480.jpg","width":1024,"height":480,"mime-type":"image\/jpeg"},"thumbnail":{"file":"bosa-coming-soon-img10-1920-900-150x150.jpg","width":150,"height":150,"mime-type":"image\/jpeg"},"medium_large":{"file":"bosa-coming-soon-img10-1920-900-768x360.jpg","width":768,"height":360,"mime-type":"image\/jpeg"},"1536x1536":{"file":"bosa-coming-soon-img10-1920-900-1536x720.jpg","width":1536,"height":720,"mime-type":"image\/jpeg"},"bosa-pro-1920-550":{"file":"bosa-coming-soon-img10-1920-900-1920x550.jpg","width":1920,"height":550,"mime-type":"image\/jpeg"},"bosa-pro-1370-550":{"file":"bosa-coming-soon-img10-1920-900-1370x550.jpg","width":1370,"height":550,"mime-type":"image\/jpeg"},"bosa-pro-590-310":{"file":"bosa-coming-soon-img10-1920-900-590x310.jpg","width":590,"height":310,"mime-type":"image\/jpeg"},"bosa-pro-420-380":{"file":"bosa-coming-soon-img10-1920-900-420x380.jpg","width":420,"height":380,"mime-type":"image\/jpeg"},"bosa-pro-420-300":{"file":"bosa-coming-soon-img10-1920-900-420x300.jpg","width":420,"height":300,"mime-type":"image\/jpeg"},"bosa-pro-290-150":{"file":"bosa-coming-soon-img10-1920-900-290x150.jpg","width":290,"height":150,"mime-type":"image\/jpeg"},"bosa-pro-80-60":{"file":"bosa-coming-soon-img10-1920-900-80x60.jpg","width":80,"height":60,"mime-type":"image\/jpeg"}},"image_meta":{"aperture":"0","credit":"","camera":"","caption":"","created_timestamp":"0","copyright":"","focal_length":"0","iso":"0","shutter_speed":"0","title":"","orientation":"0","keywords":[]}}},"terms":{"category":[],"post_tag":[],"nav_menu":[],"link_category":[],"post_format":[]}},{"type_title":"Media","post_id":102,"post_title":"bosa-coming-soon-img9-1920-900","post_status":"inherit","post_name":"bosa-coming-soon-img9-1920-900","post_content":"","post_excerpt":"","post_parent":0,"menu_order":0,"post_date":"2020-09-30 10:35:04","post_date_gmt":"2020-09-30 10:35:04","guid":"https:\/\/demo.bosathemes.com\/bosa\/coming-soon\/wp-content\/uploads\/sites\/12\/2020\/09\/bosa-coming-soon-img9-1920-900.jpg","post_mime_type":"image\/jpeg","meta":{"_wp_attached_file":"2020\/09\/bosa-coming-soon-img9-1920-900.jpg","_wp_attachment_metadata":{"width":1920,"height":900,"file":"2020\/09\/bosa-coming-soon-img9-1920-900.jpg","sizes":{"medium":{"file":"bosa-coming-soon-img9-1920-900-300x141.jpg","width":300,"height":141,"mime-type":"image\/jpeg"},"large":{"file":"bosa-coming-soon-img9-1920-900-1024x480.jpg","width":1024,"height":480,"mime-type":"image\/jpeg"},"thumbnail":{"file":"bosa-coming-soon-img9-1920-900-150x150.jpg","width":150,"height":150,"mime-type":"image\/jpeg"},"medium_large":{"file":"bosa-coming-soon-img9-1920-900-768x360.jpg","width":768,"height":360,"mime-type":"image\/jpeg"},"1536x1536":{"file":"bosa-coming-soon-img9-1920-900-1536x720.jpg","width":1536,"height":720,"mime-type":"image\/jpeg"},"bosa-pro-1920-550":{"file":"bosa-coming-soon-img9-1920-900-1920x550.jpg","width":1920,"height":550,"mime-type":"image\/jpeg"},"bosa-pro-1370-550":{"file":"bosa-coming-soon-img9-1920-900-1370x550.jpg","width":1370,"height":550,"mime-type":"image\/jpeg"},"bosa-pro-590-310":{"file":"bosa-coming-soon-img9-1920-900-590x310.jpg","width":590,"height":310,"mime-type":"image\/jpeg"},"bosa-pro-420-380":{"file":"bosa-coming-soon-img9-1920-900-420x380.jpg","width":420,"height":380,"mime-type":"image\/jpeg"},"bosa-pro-420-300":{"file":"bosa-coming-soon-img9-1920-900-420x300.jpg","width":420,"height":300,"mime-type":"image\/jpeg"},"bosa-pro-290-150":{"file":"bosa-coming-soon-img9-1920-900-290x150.jpg","width":290,"height":150,"mime-type":"image\/jpeg"},"bosa-pro-80-60":{"file":"bosa-coming-soon-img9-1920-900-80x60.jpg","width":80,"height":60,"mime-type":"image\/jpeg"}},"image_meta":{"aperture":"0","credit":"","camera":"","caption":"","created_timestamp":"0","copyright":"","focal_length":"0","iso":"0","shutter_speed":"0","title":"","orientation":"0","keywords":[]}}},"terms":{"category":[],"post_tag":[],"nav_menu":[],"link_category":[],"post_format":[]}},{"type_title":"Media","post_id":89,"post_title":"bosa-white-logo","post_status":"inherit","post_name":"bosa-white-logo","post_content":"","post_excerpt":"","post_parent":0,"menu_order":0,"post_date":"2020-09-30 09:52:15","post_date_gmt":"2020-09-30 09:52:15","guid":"https:\/\/demo.bosathemes.com\/bosa\/coming-soon\/wp-content\/uploads\/sites\/12\/2020\/09\/bosa-white-logo.png","post_mime_type":"image\/png","meta":{"_wp_attached_file":"2020\/09\/bosa-white-logo.png","_wp_attachment_metadata":{"width":320,"height":116,"file":"2020\/09\/bosa-white-logo.png","sizes":{"medium":{"file":"bosa-white-logo-300x109.png","width":300,"height":109,"mime-type":"image\/png"},"thumbnail":{"file":"bosa-white-logo-150x116.png","width":150,"height":116,"mime-type":"image\/png"},"bosa-pro-290-150":{"file":"bosa-white-logo-290x116.png","width":290,"height":116,"mime-type":"image\/png"},"bosa-pro-80-60":{"file":"bosa-white-logo-80x60.png","width":80,"height":60,"mime-type":"image\/png"}},"image_meta":{"aperture":"0","credit":"","camera":"","caption":"","created_timestamp":"0","copyright":"","focal_length":"0","iso":"0","shutter_speed":"0","title":"","orientation":"0","keywords":[]}}},"terms":{"category":[],"post_tag":[],"nav_menu":[],"link_category":[],"post_format":[]}},{"type_title":"Media","post_id":85,"post_title":"bosa-white","post_status":"inherit","post_name":"bosa-white","post_content":"","post_excerpt":"","post_parent":0,"menu_order":0,"post_date":"2020-09-30 09:21:30","post_date_gmt":"2020-09-30 09:21:30","guid":"https:\/\/demo.bosathemes.com\/bosa\/coming-soon\/wp-content\/uploads\/sites\/12\/2020\/09\/bosa-white.png","post_mime_type":"image\/png","meta":{"_wp_attached_file":"2020\/09\/bosa-white.png","_wp_attachment_metadata":{"width":120,"height":44,"file":"2020\/09\/bosa-white.png","sizes":{"bosa-pro-80-60":{"file":"bosa-white-80x44.png","width":80,"height":44,"mime-type":"image\/png"}},"image_meta":{"aperture":"0","credit":"","camera":"","caption":"","created_timestamp":"0","copyright":"","focal_length":"0","iso":"0","shutter_speed":"0","title":"","orientation":"0","keywords":[]}}},"terms":{"category":[],"post_tag":[],"nav_menu":[],"link_category":[],"post_format":[]}}],"custom_css":[],"wp_block":[],"post":[{"type_title":"Posts","post_id":139,"post_title":"Aspire World To Inspire Before We Expire","post_status":"publish","post_name":"aspire-world-to-inspire-before-we-expire","post_content":"<!-- wp:paragraph -->\n<p>Laoreet urna cumque velit corporis dicta, totam nostrum vehicula sed nisl ligula tincidunt aliquip natoque sed? Ultrices curabitur! Quod vitae, vulputate, sunt esse commodi quo cillum illum potenti tempore? Similique sollicitudin facere distinctio incididunt facilisi alias, quia in magnis, aliquam curabitur adipisicing mollitia soluta condimentum augue curae modi taciti. Minim, habitant asperiores, expedita rutrum doloremque enim, cupiditate pharetra phasellus esse! Nostrum tellus quasi vestibulum dictum reprehenderit. Asperiores cum enim libero, aspernatur purus ut feugiat rerum dictum minim habitant tellus! Quisquam magni! Enim, senectus placerat veniam, donec accumsan taciti nostra incidunt, ullamco saepe? Nemo consectetuer aliquid, rutrum, a arcu curabitur eum.<\/p>\n<!-- \/wp:paragraph -->","post_excerpt":"","post_parent":0,"menu_order":0,"post_date":"2020-12-10 11:10:59","post_date_gmt":"2020-12-10 11:10:59","guid":"https:\/\/demo.bosathemes.com\/bosa\/coming-soon\/?p=139","post_mime_type":"","meta":{"_edit_lock":"1607600552:1","_thumbnail_id":"152","_edit_last":"1"},"terms":{"category":[{"term_id":3,"name":"Life style","slug":"life-style","term_group":0,"term_taxonomy_id":3,"taxonomy":"category","description":"","parent":0,"count":7,"filter":"raw","meta":[]}],"post_tag":[],"nav_menu":[],"link_category":[],"post_format":[]}},{"type_title":"Posts","post_id":163,"post_title":"Be Different And Cool In Stylish Way","post_status":"publish","post_name":"be-different-and-cool-in-stylish-way","post_content":"<!-- wp:paragraph -->\n<p>Laoreet urna cumque velit corporis dicta, totam nostrum vehicula sed nisl ligula tincidunt aliquip natoque sed? Ultrices curabitur! Quod vitae, vulputate, sunt esse commodi quo cillum illum potenti tempore? Similique sollicitudin facere distinctio incididunt facilisi alias, quia in magnis, aliquam curabitur adipisicing mollitia soluta condimentum augue curae modi taciti. Minim, habitant asperiores, expedita rutrum doloremque enim, cupiditate pharetra phasellus esse! Nostrum tellus quasi vestibulum dictum reprehenderit. Asperiores cum enim libero, aspernatur purus ut feugiat rerum dictum minim habitant tellus! Quisquam magni! Enim, senectus placerat veniam, donec accumsan taciti nostra incidunt, ullamco saepe? Nemo consectetuer aliquid, rutrum, a arcu curabitur eum.<\/p>\n<!-- \/wp:paragraph -->","post_excerpt":"","post_parent":0,"menu_order":0,"post_date":"2020-12-10 11:04:28","post_date_gmt":"2020-12-10 11:04:28","guid":"https:\/\/demo.bosathemes.com\/bosa\/coming-soon\/?p=163","post_mime_type":"","meta":{"_edit_lock":"1607598130:1","_thumbnail_id":"151"},"terms":{"category":[{"term_id":2,"name":"Entertain","slug":"entertain","term_group":0,"term_taxonomy_id":2,"taxonomy":"category","description":"","parent":0,"count":7,"filter":"raw","meta":[]},{"term_id":3,"name":"Life style","slug":"life-style","term_group":0,"term_taxonomy_id":3,"taxonomy":"category","description":"","parent":0,"count":7,"filter":"raw","meta":[]}],"post_tag":[],"nav_menu":[],"link_category":[],"post_format":[]}},{"type_title":"Posts","post_id":140,"post_title":"Fashion & Style \u2013 Precious Gift Of Life!","post_status":"publish","post_name":"fashion-style-precious-gift-of-life","post_content":"<!-- wp:paragraph -->\n<p>Laoreet urna cumque velit corporis dicta, totam nostrum vehicula sed nisl ligula tincidunt aliquip natoque sed? Ultrices curabitur! Quod vitae, vulputate, sunt esse commodi quo cillum illum potenti tempore? Similique sollicitudin facere distinctio incididunt facilisi alias, quia in magnis, aliquam curabitur adipisicing mollitia soluta condimentum augue curae modi taciti. Minim, habitant asperiores, expedita rutrum doloremque enim, cupiditate pharetra phasellus esse! Nostrum tellus quasi vestibulum dictum reprehenderit. Asperiores cum enim libero, aspernatur purus ut feugiat rerum dictum minim habitant tellus! Quisquam magni! Enim, senectus placerat veniam, donec accumsan taciti nostra incidunt, ullamco saepe? Nemo consectetuer aliquid, rutrum, a arcu curabitur eum.<\/p>\n<!-- \/wp:paragraph -->","post_excerpt":"","post_parent":0,"menu_order":0,"post_date":"2020-12-10 11:03:28","post_date_gmt":"2020-12-10 11:03:28","guid":"https:\/\/demo.bosathemes.com\/bosa\/coming-soon\/?p=140","post_mime_type":"","meta":{"_edit_lock":"1607598307:1","_thumbnail_id":"149","_edit_last":"1"},"terms":{"category":[{"term_id":2,"name":"Entertain","slug":"entertain","term_group":0,"term_taxonomy_id":2,"taxonomy":"category","description":"","parent":0,"count":7,"filter":"raw","meta":[]},{"term_id":5,"name":"Fitness","slug":"fitness","term_group":0,"term_taxonomy_id":5,"taxonomy":"category","description":"","parent":0,"count":5,"filter":"raw","meta":[]}],"post_tag":[{"term_id":6,"name":"Beautiful","slug":"beautiful","term_group":0,"term_taxonomy_id":6,"taxonomy":"post_tag","description":"","parent":0,"count":1,"filter":"raw","meta":[]},{"term_id":7,"name":"fashion","slug":"fashion","term_group":0,"term_taxonomy_id":7,"taxonomy":"post_tag","description":"","parent":0,"count":1,"filter":"raw","meta":[]}],"nav_menu":[],"link_category":[],"post_format":[]}},{"type_title":"Posts","post_id":138,"post_title":"Make Your Life Different And Fashionable","post_status":"publish","post_name":"make-your-life-different-and-fashionable","post_content":"<!-- wp:paragraph -->\n<p>Laoreet urna cumque velit corporis dicta, totam nostrum vehicula sed nisl ligula tincidunt aliquip natoque sed? Ultrices curabitur! Quod vitae, vulputate, sunt esse commodi quo cillum illum potenti tempore? Similique sollicitudin facere distinctio incididunt facilisi alias, quia in magnis, aliquam curabitur adipisicing mollitia soluta condimentum augue curae modi taciti. Minim, habitant asperiores, expedita rutrum doloremque enim, cupiditate pharetra phasellus esse! Nostrum tellus quasi vestibulum dictum reprehenderit. Asperiores cum enim libero, aspernatur purus ut feugiat rerum dictum minim habitant tellus! Quisquam magni! Enim, senectus placerat veniam, donec accumsan taciti nostra incidunt, ullamco saepe? Nemo consectetuer aliquid, rutrum, a arcu curabitur eum.<\/p>\n<!-- \/wp:paragraph -->","post_excerpt":"","post_parent":0,"menu_order":0,"post_date":"2020-12-10 11:02:24","post_date_gmt":"2020-12-10 11:02:24","guid":"https:\/\/demo.bosathemes.com\/bosa\/coming-soon\/?p=138","post_mime_type":"","meta":{"_edit_lock":"1607598324:1","_thumbnail_id":"150","_edit_last":"1"},"terms":{"category":[{"term_id":2,"name":"Entertain","slug":"entertain","term_group":0,"term_taxonomy_id":2,"taxonomy":"category","description":"","parent":0,"count":7,"filter":"raw","meta":[]}],"post_tag":[{"term_id":9,"name":"modern","slug":"modern","term_group":0,"term_taxonomy_id":9,"taxonomy":"post_tag","description":"","parent":0,"count":1,"filter":"raw","meta":[]},{"term_id":8,"name":"stylish","slug":"stylish","term_group":0,"term_taxonomy_id":8,"taxonomy":"post_tag","description":"","parent":0,"count":1,"filter":"raw","meta":[]}],"nav_menu":[],"link_category":[],"post_format":[]}},{"type_title":"Posts","post_id":137,"post_title":"Never Regret Anything That Made You Smile","post_status":"publish","post_name":"never-regret-anything-that-made-you-smile","post_content":"<!-- wp:paragraph -->\n<p>Laoreet urna cumque velit corporis dicta, totam nostrum vehicula sed nisl ligula tincidunt aliquip natoque sed? Ultrices curabitur! Quod vitae, vulputate, sunt esse commodi quo cillum illum potenti tempore? Similique sollicitudin facere distinctio incididunt facilisi alias, quia in magnis, aliquam curabitur adipisicing mollitia soluta condimentum augue curae modi taciti. Minim, habitant asperiores, expedita rutrum doloremque enim, cupiditate pharetra phasellus esse! Nostrum tellus quasi vestibulum dictum reprehenderit. Asperiores cum enim libero, aspernatur purus ut feugiat rerum dictum minim habitant tellus! Quisquam magni! Enim, senectus placerat veniam, donec accumsan taciti nostra incidunt, ullamco saepe? Nemo consectetuer aliquid, rutrum, a arcu curabitur eum.<\/p>\n<!-- \/wp:paragraph -->","post_excerpt":"","post_parent":0,"menu_order":0,"post_date":"2020-12-10 11:01:41","post_date_gmt":"2020-12-10 11:01:41","guid":"https:\/\/demo.bosathemes.com\/bosa\/coming-soon\/?p=137","post_mime_type":"","meta":{"_edit_lock":"1607598346:1","_thumbnail_id":"148","_edit_last":"1"},"terms":{"category":[{"term_id":2,"name":"Entertain","slug":"entertain","term_group":0,"term_taxonomy_id":2,"taxonomy":"category","description":"","parent":0,"count":7,"filter":"raw","meta":[]},{"term_id":3,"name":"Life style","slug":"life-style","term_group":0,"term_taxonomy_id":3,"taxonomy":"category","description":"","parent":0,"count":7,"filter":"raw","meta":[]}],"post_tag":[{"term_id":10,"name":"beauty","slug":"beauty","term_group":0,"term_taxonomy_id":10,"taxonomy":"post_tag","description":"","parent":0,"count":2,"filter":"raw","meta":[]},{"term_id":11,"name":"smile","slug":"smile","term_group":0,"term_taxonomy_id":11,"taxonomy":"post_tag","description":"","parent":0,"count":2,"filter":"raw","meta":[]}],"nav_menu":[],"link_category":[],"post_format":[]}},{"type_title":"Posts","post_id":136,"post_title":"Exploring Through The Nature","post_status":"publish","post_name":"exploring-through-the-nature","post_content":"<!-- wp:paragraph -->\n<p>Laoreet urna cumque velit corporis dicta, totam nostrum vehicula sed nisl ligula tincidunt aliquip natoque sed? Ultrices curabitur! Quod vitae, vulputate, sunt esse commodi quo cillum illum potenti tempore? Similique sollicitudin facere distinctio incididunt facilisi alias, quia in magnis, aliquam curabitur adipisicing mollitia soluta condimentum augue curae modi taciti. Minim, habitant asperiores, expedita rutrum doloremque enim, cupiditate pharetra phasellus esse! Nostrum tellus quasi vestibulum dictum reprehenderit. Asperiores cum enim libero, aspernatur purus ut feugiat rerum dictum minim habitant tellus! Quisquam magni! Enim, senectus placerat veniam, donec accumsan taciti nostra incidunt, ullamco saepe? Nemo consectetuer aliquid, rutrum, a arcu curabitur eum.<\/p>\n<!-- \/wp:paragraph -->","post_excerpt":"","post_parent":0,"menu_order":0,"post_date":"2020-12-10 11:01:13","post_date_gmt":"2020-12-10 11:01:13","guid":"https:\/\/demo.bosathemes.com\/bosa\/coming-soon\/?p=136","post_mime_type":"","meta":{"_edit_lock":"1607597932:1","_thumbnail_id":"147"},"terms":{"category":[{"term_id":2,"name":"Entertain","slug":"entertain","term_group":0,"term_taxonomy_id":2,"taxonomy":"category","description":"","parent":0,"count":7,"filter":"raw","meta":[]},{"term_id":5,"name":"Fitness","slug":"fitness","term_group":0,"term_taxonomy_id":5,"taxonomy":"category","description":"","parent":0,"count":5,"filter":"raw","meta":[]}],"post_tag":[],"nav_menu":[],"link_category":[],"post_format":[]}},{"type_title":"Posts","post_id":135,"post_title":"Life Is Just A Chance To Grow A Soul","post_status":"publish","post_name":"life-is-just-a-chance-to-grow-a-soul","post_content":"<!-- wp:paragraph -->\n<p>Laoreet urna cumque velit corporis dicta, totam nostrum vehicula sed nisl ligula tincidunt aliquip natoque sed? Ultrices curabitur! Quod vitae, vulputate, sunt esse commodi quo cillum illum potenti tempore? Similique sollicitudin facere distinctio incididunt facilisi alias, quia in magnis, aliquam curabitur adipisicing mollitia soluta condimentum augue curae modi taciti. Minim, habitant asperiores, expedita rutrum doloremque enim, cupiditate pharetra phasellus esse! Nostrum tellus quasi vestibulum dictum reprehenderit. Asperiores cum enim libero, aspernatur purus ut feugiat rerum dictum minim habitant tellus! Quisquam magni! Enim, senectus placerat veniam, donec accumsan taciti nostra incidunt, ullamco saepe? Nemo consectetuer aliquid, rutrum, a arcu curabitur eum.<\/p>\n<!-- \/wp:paragraph -->","post_excerpt":"","post_parent":0,"menu_order":0,"post_date":"2020-12-10 11:00:46","post_date_gmt":"2020-12-10 11:00:46","guid":"https:\/\/demo.bosathemes.com\/bosa\/coming-soon\/?p=135","post_mime_type":"","meta":{"_edit_lock":"1607597905:1","_thumbnail_id":"146"},"terms":{"category":[{"term_id":2,"name":"Entertain","slug":"entertain","term_group":0,"term_taxonomy_id":2,"taxonomy":"category","description":"","parent":0,"count":7,"filter":"raw","meta":[]},{"term_id":3,"name":"Life style","slug":"life-style","term_group":0,"term_taxonomy_id":3,"taxonomy":"category","description":"","parent":0,"count":7,"filter":"raw","meta":[]}],"post_tag":[],"nav_menu":[],"link_category":[],"post_format":[]}},{"type_title":"Posts","post_id":134,"post_title":"Morning Is Really Quiet And Pure","post_status":"publish","post_name":"morning-is-really-quiet-and-pure","post_content":"<!-- wp:paragraph -->\n<p>Laoreet urna cumque velit corporis dicta, totam nostrum vehicula sed nisl ligula tincidunt aliquip natoque sed? Ultrices curabitur! Quod vitae, vulputate, sunt esse commodi quo cillum illum potenti tempore? Similique sollicitudin facere distinctio incididunt facilisi alias, quia in magnis, aliquam curabitur adipisicing mollitia soluta condimentum augue curae modi taciti. Minim, habitant asperiores, expedita rutrum doloremque enim, cupiditate pharetra phasellus esse! Nostrum tellus quasi vestibulum dictum reprehenderit. Asperiores cum enim libero, aspernatur purus ut feugiat rerum dictum minim habitant tellus! Quisquam magni! Enim, senectus placerat veniam, donec accumsan taciti nostra incidunt, ullamco saepe? Nemo consectetuer aliquid, rutrum, a arcu curabitur eum.<\/p>\n<!-- \/wp:paragraph -->","post_excerpt":"","post_parent":0,"menu_order":0,"post_date":"2020-12-10 11:00:02","post_date_gmt":"2020-12-10 11:00:02","guid":"https:\/\/demo.bosathemes.com\/bosa\/coming-soon\/?p=134","post_mime_type":"","meta":{"_edit_lock":"1607598358:1","_thumbnail_id":"145","_edit_last":"1"},"terms":{"category":[{"term_id":5,"name":"Fitness","slug":"fitness","term_group":0,"term_taxonomy_id":5,"taxonomy":"category","description":"","parent":0,"count":5,"filter":"raw","meta":[]},{"term_id":3,"name":"Life style","slug":"life-style","term_group":0,"term_taxonomy_id":3,"taxonomy":"category","description":"","parent":0,"count":7,"filter":"raw","meta":[]}],"post_tag":[{"term_id":13,"name":"environment","slug":"environment","term_group":0,"term_taxonomy_id":13,"taxonomy":"post_tag","description":"","parent":0,"count":1,"filter":"raw","meta":[]},{"term_id":12,"name":"peace","slug":"peace","term_group":0,"term_taxonomy_id":12,"taxonomy":"post_tag","description":"","parent":0,"count":1,"filter":"raw","meta":[]}],"nav_menu":[],"link_category":[],"post_format":[]}},{"type_title":"Posts","post_id":133,"post_title":"Change The World By Being Yourself","post_status":"publish","post_name":"change-the-world-by-being-yourself","post_content":"<!-- wp:paragraph -->\n<p>Laoreet urna cumque velit corporis dicta, totam nostrum vehicula sed nisl ligula tincidunt aliquip natoque sed? Ultrices curabitur! Quod vitae, vulputate, sunt esse commodi quo cillum illum potenti tempore? Similique sollicitudin facere distinctio incididunt facilisi alias, quia in magnis, aliquam curabitur adipisicing mollitia soluta condimentum augue curae modi taciti. Minim, habitant asperiores, expedita rutrum doloremque enim, cupiditate pharetra phasellus esse! Nostrum tellus quasi vestibulum dictum reprehenderit. Asperiores cum enim libero, aspernatur purus ut feugiat rerum dictum minim habitant tellus! Quisquam magni! Enim, senectus placerat veniam, donec accumsan taciti nostra incidunt, ullamco saepe? Nemo consectetuer aliquid, rutrum, a arcu curabitur eum.<\/p>\n<!-- \/wp:paragraph -->","post_excerpt":"","post_parent":0,"menu_order":0,"post_date":"2020-12-10 10:59:37","post_date_gmt":"2020-12-10 10:59:37","guid":"https:\/\/demo.bosathemes.com\/bosa\/coming-soon\/?p=133","post_mime_type":"","meta":{"_edit_lock":"1607598382:1","_thumbnail_id":"144","_edit_last":"1"},"terms":{"category":[{"term_id":2,"name":"Entertain","slug":"entertain","term_group":0,"term_taxonomy_id":2,"taxonomy":"category","description":"","parent":0,"count":7,"filter":"raw","meta":[]},{"term_id":5,"name":"Fitness","slug":"fitness","term_group":0,"term_taxonomy_id":5,"taxonomy":"category","description":"","parent":0,"count":5,"filter":"raw","meta":[]}],"post_tag":[{"term_id":10,"name":"beauty","slug":"beauty","term_group":0,"term_taxonomy_id":10,"taxonomy":"post_tag","description":"","parent":0,"count":2,"filter":"raw","meta":[]},{"term_id":14,"name":"perfection","slug":"perfection","term_group":0,"term_taxonomy_id":14,"taxonomy":"post_tag","description":"","parent":0,"count":1,"filter":"raw","meta":[]},{"term_id":11,"name":"smile","slug":"smile","term_group":0,"term_taxonomy_id":11,"taxonomy":"post_tag","description":"","parent":0,"count":2,"filter":"raw","meta":[]}],"nav_menu":[],"link_category":[],"post_format":[]}},{"type_title":"Posts","post_id":141,"post_title":"How To Snack, Eat, And Repeat","post_status":"publish","post_name":"how-to-snack-eat-and-repeat","post_content":"<!-- wp:paragraph -->\n<p>Laoreet urna cumque velit corporis dicta, totam nostrum vehicula sed nisl ligula tincidunt aliquip natoque sed? Ultrices curabitur! Quod vitae, vulputate, sunt esse commodi quo cillum illum potenti tempore? Similique sollicitudin facere distinctio incididunt facilisi alias, quia in magnis, aliquam curabitur adipisicing mollitia soluta condimentum augue curae modi taciti. Minim, habitant asperiores, expedita rutrum doloremque enim, cupiditate pharetra phasellus esse! Nostrum tellus quasi vestibulum dictum reprehenderit. Asperiores cum enim libero, aspernatur purus ut feugiat rerum dictum minim habitant tellus! Quisquam magni! Enim, senectus placerat veniam, donec accumsan taciti nostra incidunt, ullamco saepe? Nemo consectetuer aliquid, rutrum, a arcu curabitur eum.<\/p>\n<!-- \/wp:paragraph -->","post_excerpt":"","post_parent":0,"menu_order":0,"post_date":"2020-12-10 10:59:14","post_date_gmt":"2020-12-10 10:59:14","guid":"https:\/\/demo.bosathemes.com\/bosa\/coming-soon\/?p=141","post_mime_type":"","meta":{"_edit_lock":"1607597814:1","_thumbnail_id":"143"},"terms":{"category":[{"term_id":5,"name":"Fitness","slug":"fitness","term_group":0,"term_taxonomy_id":5,"taxonomy":"category","description":"","parent":0,"count":5,"filter":"raw","meta":[]},{"term_id":4,"name":"Food","slug":"food","term_group":0,"term_taxonomy_id":4,"taxonomy":"category","description":"","parent":0,"count":1,"filter":"raw","meta":[]},{"term_id":3,"name":"Life style","slug":"life-style","term_group":0,"term_taxonomy_id":3,"taxonomy":"category","description":"","parent":0,"count":7,"filter":"raw","meta":[]}],"post_tag":[],"nav_menu":[],"link_category":[],"post_format":[]}},{"type_title":"Posts","post_id":131,"post_title":"A Beautiful Perfect Moment With You!!","post_status":"publish","post_name":"a-beautiful-perfect-moment-with-you","post_content":"<!-- wp:paragraph -->\n<p>Laoreet urna cumque velit corporis dicta, totam nostrum vehicula sed nisl ligula tincidunt aliquip natoque sed? Ultrices curabitur! Quod vitae, vulputate, sunt esse commodi quo cillum illum potenti tempore? Similique sollicitudin facere distinctio incididunt facilisi alias, quia in magnis, aliquam curabitur adipisicing mollitia soluta condimentum augue curae modi taciti. Minim, habitant asperiores, expedita rutrum doloremque enim, cupiditate pharetra phasellus esse! Nostrum tellus quasi vestibulum dictum reprehenderit. Asperiores cum enim libero, aspernatur purus ut feugiat rerum dictum minim habitant tellus! Quisquam magni! Enim, senectus placerat veniam, donec accumsan taciti nostra incidunt, ullamco saepe? Nemo consectetuer aliquid, rutrum, a arcu curabitur eum.<\/p>\n<!-- \/wp:paragraph -->\n\n<!-- wp:columns -->\n<div class=\"wp-block-columns\"><!-- wp:column -->\n<div class=\"wp-block-column\"><\/div>\n<!-- \/wp:column -->\n\n<!-- wp:column -->\n<div class=\"wp-block-column\"><\/div>\n<!-- \/wp:column --><\/div>\n<!-- \/wp:columns -->","post_excerpt":"","post_parent":0,"menu_order":0,"post_date":"2020-12-10 10:58:44","post_date_gmt":"2020-12-10 10:58:44","guid":"https:\/\/demo.bosathemes.com\/bosa\/coming-soon\/?p=131","post_mime_type":"","meta":{"_edit_lock":"1607598394:1","_thumbnail_id":"142","_edit_last":"1"},"terms":{"category":[{"term_id":3,"name":"Life style","slug":"life-style","term_group":0,"term_taxonomy_id":3,"taxonomy":"category","description":"","parent":0,"count":7,"filter":"raw","meta":[]}],"post_tag":[{"term_id":15,"name":"love","slug":"love","term_group":0,"term_taxonomy_id":15,"taxonomy":"post_tag","description":"","parent":0,"count":1,"filter":"raw","meta":[]},{"term_id":16,"name":"relation","slug":"relation","term_group":0,"term_taxonomy_id":16,"taxonomy":"post_tag","description":"","parent":0,"count":1,"filter":"raw","meta":[]}],"nav_menu":[],"link_category":[],"post_format":[]}},{"type_title":"Posts","post_id":1,"post_title":"Hello world!","post_status":"publish","post_name":"hello-world","post_content":"Welcome to <a href=\"http:\/\/demo.bosathemes.com\/bosa\/\">Bosa Theme<\/a>. This is your first post. Edit or delete it, then start writing!","post_excerpt":"","post_parent":0,"menu_order":0,"post_date":"2020-09-30 05:16:15","post_date_gmt":"2020-09-30 05:16:15","guid":"https:\/\/demo.bosathemes.com\/bosa\/coming-soon\/?p=1","post_mime_type":"","meta":[],"terms":{"category":[{"term_id":1,"name":"Uncategorized","slug":"uncategorized","term_group":0,"term_taxonomy_id":1,"taxonomy":"category","description":"","parent":0,"count":1,"filter":"raw","meta":[]}],"post_tag":[],"nav_menu":[],"link_category":[],"post_format":[]}}],"page":[{"type_title":"Pages","post_id":165,"post_title":"Sally watson","post_status":"publish","post_name":"sally-watson","post_content":"<!-- wp:paragraph -->\n<p>Impedit nascetur. Egestas officiis faucibus quisque rhoncus per minima beatae malesuada ut proident pede mattis ac tenetur reprehenderit, porttitor quisquam fuga nemo voluptas vero nihil cursus eu mollis lacinia facilisi, maxime facere, saepe tempor? Quas nobis. Quasi suscipit adipisicing nam sagittis nullam, mattis dictum? Ad vestibulum laborum? Nostrum, accusamus eget.<\/p>\n<!-- \/wp:paragraph -->","post_excerpt":"","post_parent":0,"menu_order":0,"post_date":"2020-12-10 11:08:50","post_date_gmt":"2020-12-10 11:08:50","guid":"https:\/\/demo.bosathemes.com\/bosa\/coming-soon\/?page_id=165","post_mime_type":"","meta":{"_edit_lock":"1607598396:1","_thumbnail_id":"166"},"terms":{"category":[],"post_tag":[],"nav_menu":[],"link_category":[],"post_format":[]}},{"type_title":"Pages","post_id":125,"post_title":"Home","post_status":"publish","post_name":"home","post_content":"<!-- wp:paragraph -->\n<p>Habitant dui dis integer ab odit dictum consequuntur optio, phasellus? Animi vulputate? Eu, convallis, dolores, posuere! Dignissimos non? Fringilla debitis.<\/p>\n<!-- \/wp:paragraph -->","post_excerpt":"","post_parent":0,"menu_order":0,"post_date":"2020-12-10 10:12:52","post_date_gmt":"2020-12-10 10:12:52","guid":"https:\/\/demo.bosathemes.com\/bosa\/coming-soon\/?page_id=125","post_mime_type":"","meta":{"_edit_lock":"1607596433:1","_thumbnail_id":"104"},"terms":{"category":[],"post_tag":[],"nav_menu":[],"link_category":[],"post_format":[]}},{"type_title":"Pages","post_id":2,"post_title":"Sample Page","post_status":"publish","post_name":"sample-page","post_content":"<!-- wp:paragraph -->\n<p>This is an example page. It's different from a blog post because it will stay in one place and will show up in your site navigation (in most themes). Most people start with an About page that introduces them to potential site visitors. It might say something like this:<\/p>\n<!-- \/wp:paragraph -->\n\n<!-- wp:quote -->\n<blockquote class=\"wp-block-quote\"><p>Hi there! I'm a bike messenger by day, aspiring actor by night, and this is my website. I live in Los Angeles, have a great dog named Jack, and I like pi&#241;a coladas. (And gettin' caught in the rain.)<\/p><\/blockquote>\n<!-- \/wp:quote -->\n\n<!-- wp:paragraph -->\n<p>...or something like this:<\/p>\n<!-- \/wp:paragraph -->\n\n<!-- wp:quote -->\n<blockquote class=\"wp-block-quote\"><p>The XYZ Doohickey Company was founded in 1971, and has been providing quality doohickeys to the public ever since. Located in Gotham City, XYZ employs over 2,000 people and does all kinds of awesome things for the Gotham community.<\/p><\/blockquote>\n<!-- \/wp:quote -->\n\n<!-- wp:paragraph -->\n<p>As a new WordPress user, you should go to <a href=\"https:\/\/demo.bosathemes.com\/bosa\/coming-soon\/wp-admin\/\">your dashboard<\/a> to delete this page and create new pages for your content. Have fun!<\/p>\n<!-- \/wp:paragraph -->","post_excerpt":"","post_parent":0,"menu_order":0,"post_date":"2020-09-30 05:16:15","post_date_gmt":"2020-09-30 05:16:15","guid":"https:\/\/demo.bosathemes.com\/bosa\/coming-soon\/?page_id=2","post_mime_type":"","meta":{"_wp_page_template":"default"},"terms":{"category":[],"post_tag":[],"nav_menu":[],"link_category":[],"post_format":[]}}],"nav_menu_item":[{"type_title":"Navigation Menu Items","post_id":181,"post_title":"Privacy Policy","post_status":"publish","post_name":"privacy-policy","post_content":"","post_excerpt":"","post_parent":0,"menu_order":1,"post_date":"2020-12-10 11:28:43","post_date_gmt":"2020-12-10 11:28:43","guid":"https:\/\/demo.bosathemes.com\/bosa\/coming-soon\/?p=181","post_mime_type":"","meta":{"_menu_item_type":"custom","_menu_item_menu_item_parent":"0","_menu_item_object_id":"181","_menu_item_object":"custom","_menu_item_target":"","_menu_item_classes":[""],"_menu_item_xfn":"","_menu_item_url":"#"},"terms":{"category":[],"post_tag":[],"nav_menu":[{"term_id":18,"name":"footer menu","slug":"footer-menu","term_group":0,"term_taxonomy_id":18,"taxonomy":"nav_menu","description":"","parent":0,"count":2,"filter":"raw","meta":[]}],"link_category":[],"post_format":[]}},{"type_title":"Navigation Menu Items","post_id":182,"post_title":"Terms & Condition","post_status":"publish","post_name":"terms-condition","post_content":"","post_excerpt":"","post_parent":0,"menu_order":2,"post_date":"2020-12-10 11:28:43","post_date_gmt":"2020-12-10 11:28:43","guid":"https:\/\/demo.bosathemes.com\/bosa\/coming-soon\/?p=182","post_mime_type":"","meta":{"_menu_item_type":"custom","_menu_item_menu_item_parent":"0","_menu_item_object_id":"182","_menu_item_object":"custom","_menu_item_target":"","_menu_item_classes":[""],"_menu_item_xfn":"","_menu_item_url":"#"},"terms":{"category":[],"post_tag":[],"nav_menu":[{"term_id":18,"name":"footer menu","slug":"footer-menu","term_group":0,"term_taxonomy_id":18,"taxonomy":"nav_menu","description":"","parent":0,"count":2,"filter":"raw","meta":[]}],"link_category":[],"post_format":[]}},{"type_title":"Navigation Menu Items","post_id":178,"post_title":"","post_status":"publish","post_name":"178","post_content":" ","post_excerpt":"","post_parent":0,"menu_order":3,"post_date":"2020-12-10 11:27:58","post_date_gmt":"2020-12-10 11:27:58","guid":"https:\/\/demo.bosathemes.com\/bosa\/coming-soon\/?p=178","post_mime_type":"","meta":{"_menu_item_type":"taxonomy","_menu_item_menu_item_parent":"0","_menu_item_object_id":"3","_menu_item_object":"category","_menu_item_target":"","_menu_item_classes":[""],"_menu_item_xfn":"","_menu_item_url":""},"terms":{"category":[],"post_tag":[],"nav_menu":[{"term_id":17,"name":"primary menu","slug":"primary-menu","term_group":0,"term_taxonomy_id":17,"taxonomy":"nav_menu","description":"","parent":0,"count":5,"filter":"raw","meta":[]}],"link_category":[],"post_format":[]}},{"type_title":"Navigation Menu Items","post_id":179,"post_title":"","post_status":"publish","post_name":"179","post_content":" ","post_excerpt":"","post_parent":0,"menu_order":4,"post_date":"2020-12-10 11:27:58","post_date_gmt":"2020-12-10 11:27:58","guid":"https:\/\/demo.bosathemes.com\/bosa\/coming-soon\/?p=179","post_mime_type":"","meta":{"_menu_item_type":"taxonomy","_menu_item_menu_item_parent":"0","_menu_item_object_id":"5","_menu_item_object":"category","_menu_item_target":"","_menu_item_classes":[""],"_menu_item_xfn":"","_menu_item_url":""},"terms":{"category":[],"post_tag":[],"nav_menu":[{"term_id":17,"name":"primary menu","slug":"primary-menu","term_group":0,"term_taxonomy_id":17,"taxonomy":"nav_menu","description":"","parent":0,"count":5,"filter":"raw","meta":[]}],"link_category":[],"post_format":[]}},{"type_title":"Navigation Menu Items","post_id":180,"post_title":"","post_status":"publish","post_name":"180","post_content":" ","post_excerpt":"","post_parent":0,"menu_order":5,"post_date":"2020-12-10 11:27:58","post_date_gmt":"2020-12-10 11:27:58","guid":"https:\/\/demo.bosathemes.com\/bosa\/coming-soon\/?p=180","post_mime_type":"","meta":{"_menu_item_type":"taxonomy","_menu_item_menu_item_parent":"0","_menu_item_object_id":"4","_menu_item_object":"category","_menu_item_target":"","_menu_item_classes":[""],"_menu_item_xfn":"","_menu_item_url":""},"terms":{"category":[],"post_tag":[],"nav_menu":[{"term_id":17,"name":"primary menu","slug":"primary-menu","term_group":0,"term_taxonomy_id":17,"taxonomy":"nav_menu","description":"","parent":0,"count":5,"filter":"raw","meta":[]}],"link_category":[],"post_format":[]}},{"type_title":"Navigation Menu Items","post_id":176,"post_title":"Home","post_status":"publish","post_name":"home","post_content":"","post_excerpt":"","post_parent":0,"menu_order":1,"post_date":"2020-12-10 11:27:57","post_date_gmt":"2020-12-10 11:27:57","guid":"https:\/\/demo.bosathemes.com\/bosa\/coming-soon\/?p=176","post_mime_type":"","meta":{"_menu_item_type":"custom","_menu_item_menu_item_parent":"0","_menu_item_object_id":"176","_menu_item_object":"custom","_menu_item_target":"","_menu_item_classes":[""],"_menu_item_xfn":"","_menu_item_url":"https:\/\/demo.bosathemes.com\/bosa\/coming-soon"},"terms":{"category":[],"post_tag":[],"nav_menu":[{"term_id":17,"name":"primary menu","slug":"primary-menu","term_group":0,"term_taxonomy_id":17,"taxonomy":"nav_menu","description":"","parent":0,"count":5,"filter":"raw","meta":[]}],"link_category":[],"post_format":[]}},{"type_title":"Navigation Menu Items","post_id":177,"post_title":"","post_status":"publish","post_name":"177","post_content":" ","post_excerpt":"","post_parent":0,"menu_order":2,"post_date":"2020-12-10 11:27:57","post_date_gmt":"2020-12-10 11:27:57","guid":"https:\/\/demo.bosathemes.com\/bosa\/coming-soon\/?p=177","post_mime_type":"","meta":{"_menu_item_type":"taxonomy","_menu_item_menu_item_parent":"0","_menu_item_object_id":"2","_menu_item_object":"category","_menu_item_target":"","_menu_item_classes":[""],"_menu_item_xfn":"","_menu_item_url":""},"terms":{"category":[],"post_tag":[],"nav_menu":[{"term_id":17,"name":"primary menu","slug":"primary-menu","term_group":0,"term_taxonomy_id":17,"taxonomy":"nav_menu","description":"","parent":0,"count":5,"filter":"raw","meta":[]}],"link_category":[],"post_format":[]}}]}