{"menu":{"menu-2":18,"menu-1":17},"options":{"blogname":"Bosa Coming Soon","blogname-child":"Bosa Coming Soon","blogdescription":"Bosa is the perfect theme for your Business.","blogdescription-child":"Bosa is the perfect theme for your Business.","posts_per_page":"10","posts_per_page-child":"10","date_format":"F j, Y","date_format-child":"F j, Y","time_format":"g:i a","time_format-child":"g:i a","show_on_front":"posts","show_on_front-child":"posts","thumbnail_size_w":"150","thumbnail_size_w-child":"150","thumbnail_size_h":"150","thumbnail_size_h-child":"150","thumbnail_crop":"1","thumbnail_crop-child":"1","medium_size_w":"300","medium_size_w-child":"300","medium_size_h":"300","medium_size_h-child":"300","avatar_default":"mystery","avatar_default-child":"mystery","large_size_w":"1024","large_size_w-child":"1024","large_size_h":"1024","large_size_h-child":"1024","page_for_posts":"0","page_for_posts-child":"0","page_on_front":"125","page_on_front-child":"125","medium_large_size_w":"768","medium_large_size_w-child":"768","medium_large_size_h":"0","medium_large_size_h-child":"0","theme_mods_bosa-pro":{"0":false,"custom_css_post_id":-1,"header_image_slider":[],"social_media_links":[{"icon":"fab fa-facebook","link":"#","target":true},{"icon":"fab fa-twitter","link":"#","target":true},{"icon":"fab fa-instagram","link":"#","target":true},{"icon":"fab fa-google","link":"#","target":true},{"icon":"fab fa-youtube","link":"#","target":true}],"main_banner_buttons":[{"text":"Button Text","link":"#","type":"button-outline"}],"disable_coming_maintenance":false,"coming_maintenance_buttons":[{"maintenance_btn_type":"button-outline","maintenance_btn_bg_color":"#eb5a3e","maintenance_btn_border_color":"#ffffff","maintenance_btn_text_color":"#ffffff","maintenance_btn_hover_color":"#086abd","maintenance_btn_text":"Notify Me","maintenance_btn_link":"#","maintenance_btn_target":true,"maintenance_btn_radius":"4"}],"coming_maintenance_image_slider":[{"slider_item":197},{"slider_item":144},{"slider_item":145},{"slider_item":104}],"coming_maintenance_background_color":"rgba(10,10,10,0.4)","coming_maintenance_button_border_radius":"2","disable_coming_maintenance_contact_details":false,"top_header_text_color":"#878787","header_button_border_radius":"2","header_layout":"header_two","header_image_height":"80","logo_width":"130","coming_maintenance_content":"Something awesome is in the works.","site_title_font_control":{"font-family":"Poppins","font-size":"25px","text-transform":"none","font-backup":"","variant":"regular","font-weight":400,"font-style":"normal"},"site_description_font_control":{"font-family":"Poppins","font-size":"14px","text-transform":"none","font-backup":"","variant":"regular","font-weight":400,"font-style":"normal"},"blog_page_title_font_control":{"font-family":"Prata","font-size":"21px","text-transform":"none","font-backup":"","variant":"regular","font-weight":400,"font-style":"normal"},"coming_maintenance_title":"We are coming soon","disable_coming_maintenance_slider_autoplay":true,"disable_coming_maintenance_slider_dots":false,"disable_coming_maintenance_slider_arrows":false,"disable_site_title":true,"custom_logo":185,"coming_maintenance_text_color":"#ffffff","disable_site_tagline":true,"header_button_repeater":[{"header_btn_type":""}],"main_slider_controls":"slider","main_slider_height":"800","banner_button_border_radius":"0","disable_highlight_posts_section":false,"disable_feature_posts_section_title":false,"feature_posts_section_title":"featured posts","feature_posts_font_control":{"font-family":"Montserrat","variant":"600","font-size":"18px","text-transform":"uppercase","line-height":"1.4","font-backup":"","font-weight":600,"font-style":"normal"},"feature_posts_height":"250","feature_posts_section_title_desc_alignment":"center","feature_posts_overlay_opacity":"5","disable_latest_posts_section_title":false,"highlight_posts_section_title":"more from posts","highlight_posts_title_font_control":{"font-family":"Montserrat","variant":"600","font-size":"17px","text-transform":"uppercase","line-height":"1.4","font-backup":"","font-weight":600,"font-style":"normal"},"blog_post_title_font_control":{"font-family":"Montserrat","variant":"600","font-size":"17px","text-transform":"uppercase","line-height":"1.4","font-backup":"","font-weight":600,"font-style":"normal"},"section_title_font_control":{"font-family":"Montserrat","variant":"700","font-size":"30px","text-transform":"uppercase","font-backup":"","font-weight":700,"font-style":"normal"},"general_title_font_control":{"font-family":"Montserrat","variant":"600","text-transform":"uppercase","font-backup":"","font-weight":600,"font-style":"normal"},"page_title_font_control":{"font-family":"Montserrat","variant":"700","font-size":"34px","text-transform":"uppercase","font-backup":"","font-weight":700,"font-style":"normal"},"sidebar_widget_title_font_control":{"font-family":"Montserrat","variant":"600","font-size":"16px","text-transform":"uppercase","line-height":"1.4","font-backup":"","font-weight":600,"font-style":"normal"},"top_footer_background_color":"#fafafa","footer_widget_title_font_control":{"font-family":"Montserrat","variant":"600","font-size":"16px","text-transform":"uppercase","line-height":"1.4","font-backup":"","font-weight":600,"font-style":"normal"},"bottom_footer_background_color":"#efefef","footer_style_font_control":{"font-family":"Montserrat","variant":"600","font-size":"14px","text-transform":"capitalize","line-height":"1.6","font-backup":"","font-weight":600,"font-style":"normal"},"bottom_footer_text_link_color":"#0a0a0a","bottom_footer_text_color":"#999999","header_separate_logo":113,"disable_notification_bar":true,"feature_posts_category":"2","main_menu_font_control":{"font-family":"Montserrat","font-size":"15px","text-transform":"uppercase","variant":"600","line-height":"1.5","font-backup":"","font-weight":600,"font-style":"normal"},"body_font_control":{"font-family":"Poppins","variant":"regular","font-size":"15px","font-backup":"","font-weight":400,"font-style":"normal"},"contact_phone":"+ 1987 123456","contact_email":"yourmail@email.com","contact_address":"Rock Street, San Francisco","transparent_header_button_repeater":[{"transparent_header_btn_type":"button-outline","transparent_header_home_btn_bg_color":"#eb5a3e","transparent_header_home_btn_border_color":"#ffffff","transparent_header_home_btn_text_color":"#ffffff","transparent_header_btn_bg_color":"#eb5a3e","transparent_header_btn_border_color":"#1a1a1a","transparent_header_btn_text_color":"#1a1a1a","transparent_header_btn_hover_color":"#086abd","transparent_header_btn_text":"Get a Quote","transparent_header_btn_link":"#","transparent_header_btn_target":true,"transparent_header_btn_radius":0}],"notification_button_repeater":[{"noti_btn_type":"button-outline","noti_btn_bg_color":"#eb5a3e","noti_btn_border_color":"#ffffff","noti_btn_text_color":"#ffffff","noti_btn_hover_color":"#086abd","noti_btn_text":"View More","noti_btn_link":"#","noti_btn_target":true,"noti_btn_radius":0}],"main_slider_button_repeater":[{"slider_btn_type":"button-outline","slider_btn_bg_color":"#eb5a3e","slider_btn_border_color":"#ffffff","slider_btn_text_color":"#ffffff","slider_btn_hover_color":"#086abd","slider_btn_text":"Learn More","slider_btn_radius":0}],"main_banner_buttons_repeater":[{"banner_btn_type":"button-outline","banner_btn_bg_color":"#eb5a3e","banner_btn_border_color":"#ffffff","banner_btn_text_color":"#ffffff","banner_btn_hover_color":"#086abd","banner_btn_text":"Learn More","banner_btn_link":"#","banner_btn_target":true,"banner_btn_radius":0}],"blog_page_button_repeater":[{"blog_btn_type":"button-outline","blog_btn_bg_color":"#eb5a3e","blog_btn_border_color":"#878787","blog_btn_text_color":"#383838","blog_btn_hover_color":"#086abd","blog_btn_text":"View More","blog_btn_radius":0}],"transparent_header_top_header_color":"#f1f1f1","site_hover_color":"#086abd","separate_hover_color_for_main_slider":"#5ea5e2","footer_widget_area_top_padding":"50","highlight_posts_cat_font_control":{"font-family":"Montserrat","variant":"500","font-size":"12px","text-transform":"uppercase","line-height":"1","font-backup":"","font-weight":500,"font-style":"normal"},"blog_post_cat_font_control":{"font-family":"Montserrat","variant":"regular","font-size":"13px","text-transform":"uppercase","line-height":"1.6","font-backup":"","font-weight":400,"font-style":"normal"},"hide_post_button":false,"top_hover_color_transparent_header":"#ebaea2","content_hover_color_transparent_header":"#ebaea2","notification_bar_background_color":"#eb5a3e","footer_text":"Copyright \u00a9 2021<a href=\"https:\/\/demo.bosathemes.com\/bosa\/coming-soon\" title=\"Bosa Coming Soon \"> Bosa Coming Soon<\/a> .  Theme: <a href=\"https:\/\/bosathemes.com\/\" target=\"_blank\" title=\"Bosa\" rel=\"author\">Bosa<\/a> By KeonThemes.","preloader_custom_image_width":"35","maintenance_buttons_font_control":{"font-family":"Open Sans","variant":"regular","font-size":"15px","text-transform":"uppercase","line-height":"1","font-backup":"","font-weight":400,"font-style":"normal"},"disable_maintenance_buttons":false,"feature_posts_section_title_font_control":{"font-family":"Montserrat","variant":"700","font-size":"26px","text-transform":"uppercase","line-height":"1.2","font-backup":"","font-weight":700,"font-style":"normal"},"latest_posts_section_title_font_control":{"font-family":"Montserrat","variant":"700","font-size":"26px","text-transform":"uppercase","line-height":"1.2","font-backup":"","font-weight":700,"font-style":"normal"},"featured_post_hover_color":"#7cb6e8","featured_posts_cat_font_control":{"font-family":"Poppins","variant":"regular","font-size":"13px","text-transform":"uppercase","line-height":"1","font-backup":"","font-weight":400,"font-style":"normal"},"highlight_posts_section_title_font_control":{"font-family":"Montserrat","variant":"700","font-size":"26px","text-transform":"uppercase","line-height":"1.2","font-backup":"","font-weight":700,"font-style":"normal"},"highlight_post_category_bgcolor":"#eb5a3e","highlight_post_hover_color":"#6bace4"},"theme_mods_bosa-pro-child":{"0":false,"nav_menu_locations":{"menu-1":17,"menu-2":18},"custom_css_post_id":-1,"header_image_slider":[],"social_media_links":[{"icon":"fab fa-facebook","link":"#","target":true},{"icon":"fab fa-twitter","link":"#","target":true},{"icon":"fab fa-instagram","link":"#","target":true},{"icon":"fab fa-google","link":"#","target":true},{"icon":"fab fa-youtube","link":"#","target":true}],"main_banner_buttons":[{"text":"Button Text","link":"#","type":"button-outline"}],"disable_coming_maintenance":false,"coming_maintenance_buttons":[{"maintenance_btn_type":"button-outline","maintenance_btn_bg_color":"#eb5a3e","maintenance_btn_border_color":"#ffffff","maintenance_btn_text_color":"#ffffff","maintenance_btn_hover_color":"#086abd","maintenance_btn_text":"Notify Me","maintenance_btn_link":"#","maintenance_btn_target":true,"maintenance_btn_radius":"4"}],"coming_maintenance_image_slider":[{"slider_item":197},{"slider_item":144},{"slider_item":145},{"slider_item":104}],"coming_maintenance_background_color":"rgba(10,10,10,0.4)","coming_maintenance_button_border_radius":"2","disable_coming_maintenance_contact_details":false,"top_header_text_color":"#878787","header_button_border_radius":"2","header_layout":"header_two","header_image_height":"80","logo_width":"130","coming_maintenance_content":"Something awesome is in the works.","site_title_font_control":{"font-family":"Poppins","font-size":"25px","text-transform":"none","font-backup":"","variant":"regular","font-weight":400,"font-style":"normal"},"site_description_font_control":{"font-family":"Poppins","font-size":"14px","text-transform":"none","font-backup":"","variant":"regular","font-weight":400,"font-style":"normal"},"blog_page_title_font_control":{"font-family":"Prata","font-size":"21px","text-transform":"none","font-backup":"","variant":"regular","font-weight":400,"font-style":"normal"},"coming_maintenance_title":"We are coming soon","disable_coming_maintenance_slider_autoplay":true,"disable_coming_maintenance_slider_dots":false,"disable_coming_maintenance_slider_arrows":false,"disable_site_title":true,"custom_logo":185,"coming_maintenance_text_color":"#ffffff","disable_site_tagline":true,"header_button_repeater":[{"header_btn_type":""}],"main_slider_controls":"slider","main_slider_height":"800","banner_button_border_radius":"0","disable_highlight_posts_section":false,"disable_feature_posts_section_title":false,"feature_posts_section_title":"featured posts","feature_posts_font_control":{"font-family":"Montserrat","variant":"600","font-size":"18px","text-transform":"uppercase","line-height":"1.4","font-backup":"","font-weight":600,"font-style":"normal"},"feature_posts_height":"250","feature_posts_section_title_desc_alignment":"center","feature_posts_overlay_opacity":"5","disable_latest_posts_section_title":false,"highlight_posts_section_title":"more from posts","highlight_posts_title_font_control":{"font-family":"Montserrat","variant":"600","font-size":"17px","text-transform":"uppercase","line-height":"1.4","font-backup":"","font-weight":600,"font-style":"normal"},"blog_post_title_font_control":{"font-family":"Montserrat","variant":"600","font-size":"17px","text-transform":"uppercase","line-height":"1.4","font-backup":"","font-weight":600,"font-style":"normal"},"section_title_font_control":{"font-family":"Montserrat","variant":"700","font-size":"30px","text-transform":"uppercase","font-backup":"","font-weight":700,"font-style":"normal"},"general_title_font_control":{"font-family":"Montserrat","variant":"600","text-transform":"uppercase","font-backup":"","font-weight":600,"font-style":"normal"},"page_title_font_control":{"font-family":"Montserrat","variant":"700","font-size":"34px","text-transform":"uppercase","font-backup":"","font-weight":700,"font-style":"normal"},"sidebar_widget_title_font_control":{"font-family":"Montserrat","variant":"600","font-size":"16px","text-transform":"uppercase","line-height":"1.4","font-backup":"","font-weight":600,"font-style":"normal"},"top_footer_background_color":"#fafafa","footer_widget_title_font_control":{"font-family":"Montserrat","variant":"600","font-size":"16px","text-transform":"uppercase","line-height":"1.4","font-backup":"","font-weight":600,"font-style":"normal"},"bottom_footer_background_color":"#efefef","footer_style_font_control":{"font-family":"Montserrat","variant":"600","font-size":"14px","text-transform":"capitalize","line-height":"1.6","font-backup":"","font-weight":600,"font-style":"normal"},"bottom_footer_text_link_color":"#0a0a0a","bottom_footer_text_color":"#999999","header_separate_logo":113,"disable_notification_bar":true,"feature_posts_category":"2","main_menu_font_control":{"font-family":"Montserrat","font-size":"15px","text-transform":"uppercase","variant":"600","line-height":"1.5","font-backup":"","font-weight":600,"font-style":"normal"},"body_font_control":{"font-family":"Poppins","variant":"regular","font-size":"15px","font-backup":"","font-weight":400,"font-style":"normal"},"contact_phone":"+ 1987 123456","contact_email":"yourmail@email.com","contact_address":"Rock Street, San Francisco","transparent_header_button_repeater":[{"transparent_header_btn_type":"button-outline","transparent_header_home_btn_bg_color":"#eb5a3e","transparent_header_home_btn_border_color":"#ffffff","transparent_header_home_btn_text_color":"#ffffff","transparent_header_btn_bg_color":"#eb5a3e","transparent_header_btn_border_color":"#1a1a1a","transparent_header_btn_text_color":"#1a1a1a","transparent_header_btn_hover_color":"#086abd","transparent_header_btn_text":"Get a Quote","transparent_header_btn_link":"#","transparent_header_btn_target":true,"transparent_header_btn_radius":0}],"notification_button_repeater":[{"noti_btn_type":"button-outline","noti_btn_bg_color":"#eb5a3e","noti_btn_border_color":"#ffffff","noti_btn_text_color":"#ffffff","noti_btn_hover_color":"#086abd","noti_btn_text":"View More","noti_btn_link":"#","noti_btn_target":true,"noti_btn_radius":0}],"main_slider_button_repeater":[{"slider_btn_type":"button-outline","slider_btn_bg_color":"#eb5a3e","slider_btn_border_color":"#ffffff","slider_btn_text_color":"#ffffff","slider_btn_hover_color":"#086abd","slider_btn_text":"Learn More","slider_btn_radius":0}],"main_banner_buttons_repeater":[{"banner_btn_type":"button-outline","banner_btn_bg_color":"#eb5a3e","banner_btn_border_color":"#ffffff","banner_btn_text_color":"#ffffff","banner_btn_hover_color":"#086abd","banner_btn_text":"Learn More","banner_btn_link":"#","banner_btn_target":true,"banner_btn_radius":0}],"blog_page_button_repeater":[{"blog_btn_type":"button-outline","blog_btn_bg_color":"#eb5a3e","blog_btn_border_color":"#878787","blog_btn_text_color":"#383838","blog_btn_hover_color":"#086abd","blog_btn_text":"View More","blog_btn_radius":0}],"transparent_header_top_header_color":"#f1f1f1","site_hover_color":"#086abd","separate_hover_color_for_main_slider":"#5ea5e2","footer_widget_area_top_padding":"50","highlight_posts_cat_font_control":{"font-family":"Montserrat","variant":"500","font-size":"12px","text-transform":"uppercase","line-height":"1","font-backup":"","font-weight":500,"font-style":"normal"},"blog_post_cat_font_control":{"font-family":"Montserrat","variant":"regular","font-size":"13px","text-transform":"uppercase","line-height":"1.6","font-backup":"","font-weight":400,"font-style":"normal"},"hide_post_button":false,"top_hover_color_transparent_header":"#ebaea2","content_hover_color_transparent_header":"#ebaea2","notification_bar_background_color":"#eb5a3e","footer_text":"Copyright \u00a9 2021<a href=\"https:\/\/demo.bosathemes.com\/bosa\/coming-soon\" title=\"Bosa Coming Soon \"> Bosa Coming Soon<\/a> .  Theme: <a href=\"https:\/\/bosathemes.com\/\" target=\"_blank\" title=\"Bosa\" rel=\"author\">Bosa<\/a> By KeonThemes.","preloader_custom_image_width":"35","maintenance_buttons_font_control":{"font-family":"Open Sans","variant":"regular","font-size":"15px","text-transform":"uppercase","line-height":"1","font-backup":"","font-weight":400,"font-style":"normal"},"disable_maintenance_buttons":false,"feature_posts_section_title_font_control":{"font-family":"Montserrat","variant":"700","font-size":"26px","text-transform":"uppercase","line-height":"1.2","font-backup":"","font-weight":700,"font-style":"normal"},"latest_posts_section_title_font_control":{"font-family":"Montserrat","variant":"700","font-size":"26px","text-transform":"uppercase","line-height":"1.2","font-backup":"","font-weight":700,"font-style":"normal"},"featured_post_hover_color":"#7cb6e8","featured_posts_cat_font_control":{"font-family":"Poppins","variant":"regular","font-size":"13px","text-transform":"uppercase","line-height":"1","font-backup":"","font-weight":400,"font-style":"normal"},"highlight_posts_section_title_font_control":{"font-family":"Montserrat","variant":"700","font-size":"26px","text-transform":"uppercase","line-height":"1.2","font-backup":"","font-weight":700,"font-style":"normal"},"highlight_post_category_bgcolor":"#eb5a3e","highlight_post_hover_color":"#6bace4"}}}