{"widget_positions":{"wp_inactive_widgets":[],"menu-sidebar":["search-2","bosa_pro_author_widget-2","bosa_pro_latest_post-2"],"right-sidebar":["bosa_pro_author_widget-3","bosa_pro_latest_post-3","media_image-2","media_gallery-2"],"left-sidebar":["archives-2","categories-2","meta-2"],"woocommerce-right-sidebar":[],"woocommerce-left-sidebar":[],"footer-sidebar-1":["text-2"],"footer-sidebar-2":["bosa_pro_latest_post-4"],"footer-sidebar-3":["categories-4"],"footer-sidebar-4":["tag_cloud-2"],"array_version":3},"widget_options":{"search":{"2":{"title":""},"_multiwidget":1},"bosa_pro_author_widget":{"2":{"title":"About Author","page_id":165,"full-square-thumb":false,"page_title":true,"excerpt_count":"20","sub_title":"Lifestyle Blogger","social_title":null,"social_desc":null,"social_menu_icon_1":"fab fa-facebook","social_menu_link_1":"#","social_menu_icon_2":"fab fa-twitter","social_menu_link_2":"#","social_menu_icon_3":"fab fa-instagram","social_menu_link_3":"#","social_menu_icon_4":"","social_menu_link_4":"","social_menu_icon_5":"","social_menu_link_5":"","social_menu_icon_6":"","social_menu_link_6":"","social_menu_icon_7":"","social_menu_link_7":"","social_menu_icon_8":"","social_menu_link_8":"","social_menu_icon_9":"","social_menu_link_9":""},"3":{"title":"About Author","page_id":165,"full-square-thumb":false,"page_title":true,"excerpt_count":"20","sub_title":"Lifestyle Blogger","social_title":null,"social_desc":null,"social_menu_icon_1":"fab fa-facebook","social_menu_link_1":"#","social_menu_icon_2":"fab fa-twitter","social_menu_link_2":"#","social_menu_icon_3":"fab fa-instagram","social_menu_link_3":"#","social_menu_icon_4":"","social_menu_link_4":"","social_menu_icon_5":"","social_menu_link_5":"","social_menu_icon_6":"","social_menu_link_6":"","social_menu_icon_7":"","social_menu_link_7":"","social_menu_icon_8":"","social_menu_link_8":"","social_menu_icon_9":"","social_menu_link_9":""},"_multiwidget":1},"bosa_pro_latest_post":{"2":{"title":"Latest posts","per_page":"2","show_date_comment":true,"layout":"full"},"3":{"title":"Latest posts","per_page":"2","show_date_comment":true,"layout":"full"},"4":{"title":"Latest Posts","per_page":"2","show_date_comment":true,"layout":"left"},"_multiwidget":1},"media_image":{"2":{"size":"full","width":350,"height":500,"caption":"","alt":"","link_type":"custom","link_url":"#","image_classes":"","link_classes":"","link_rel":"","link_target_blank":false,"image_title":"Advertisement","attachment_id":168,"url":"https:\/\/demo.bosathemes.com\/bosa\/coming-soon\/wp-content\/uploads\/sites\/12\/2020\/12\/advertise.png","title":"Advertisement"},"_multiwidget":1},"media_gallery":{"2":{"title":"Gallery","ids":[147,148,149,151,150,146],"columns":3,"size":"thumbnail","link_type":"post","orderby_random":false},"_multiwidget":1},"archives":{"2":{"title":"","count":0,"dropdown":0},"_multiwidget":1},"categories":{"2":{"title":"","count":0,"hierarchical":0,"dropdown":0},"4":{"title":"Categories","count":1,"hierarchical":0,"dropdown":0},"_multiwidget":1},"meta":{"2":{"title":""},"_multiwidget":1},"text":{"1":[],"2":{"title":"About Bosa","text":"Aspernatur penatibus proin corporis saepe praesent dolor incididunt interdum turpis. Consectetur ullamcorper occaecati autem corrupti! Odio, quis dapibus fusce magna, aut excepteur vero dolorum explicabo.","filter":true,"visual":true},"_multiwidget":1},"tag_cloud":{"2":{"title":"Post tags","count":0,"taxonomy":"post_tag"},"_multiwidget":1}}}