{"menu":{"menu-2":20,"menu-1":19},"options":{"blogname":"Gutener Charity NGO","blogname-child":"Gutener Charity NGO","blogdescription":"Donate And Help Us Now","blogdescription-child":"Donate And Help Us Now","posts_per_page":"10","posts_per_page-child":"10","date_format":"F j, Y","date_format-child":"F j, Y","time_format":"g:i a","time_format-child":"g:i a","show_on_front":"page","show_on_front-child":"page","thumbnail_size_w":"150","thumbnail_size_w-child":"150","thumbnail_size_h":"150","thumbnail_size_h-child":"150","thumbnail_crop":"1","thumbnail_crop-child":"1","medium_size_w":"300","medium_size_w-child":"300","medium_size_h":"300","medium_size_h-child":"300","avatar_default":"mystery","avatar_default-child":"mystery","large_size_w":"700","large_size_w-child":"700","large_size_h":"700","large_size_h-child":"700","page_for_posts":"51","page_for_posts-child":"51","page_on_front":"5","page_on_front-child":"5","medium_large_size_w":"768","medium_large_size_w-child":"768","medium_large_size_h":"0","medium_large_size_h-child":"0","woocommerce_shop_page_id":"","woocommerce_shop_page_id-child":"","theme_mods_gutener":{"0":false,"custom_css_post_id":202,"custom_logo":163,"logo_width":"250","disable_site_title":true,"disable_site_tagline":true,"header_image_slider":[],"social_media_links":[{"icon":"fab fa-facebook","link":"#","new_tab":false},{"icon":"fab fa-twitter","link":"#","new_tab":false},{"icon":"fab fa-instagram","link":"#","new_tab":false},{"icon":"fab fa-youtube","link":"#","new_tab":false},{"icon":"fab fa-linkedin","link":"#","new_tab":false}],"main_banner_buttons":[{"text":"","link":"","type":"button-outline"}],"site_primary_color":"#ffd012","site_hover_color":"#ffe055","highlight_posts_section_title":"Highlighted Posts","disable_highlight_posts_section_title":true,"highlight_posts_height":"250","feature_posts_section_title":"Featured Posts","disable_notification_bar":false,"notification_bar_button_background_color":"#ffd012","notification_bar_button_text_color":"#000000","notification_bar_title":"This is your default notification bar which you can use to announce a sale or discount.","notification_bar_button_text":"View More","header_layout":"header_three","header_separate_logo":"https:\/\/demo.keonthemes.com\/gutener\/demo9\/wp-content\/uploads\/sites\/38\/2020\/06\/gutener-ngo-logo.png","header_button_background_color":"#ffd012","header_button_text_color":"#000000","header_button_text":"Donate Now","top_header_text_color":"#e3e3e3","header_image_height":"120","contact_phone":"+ 1987 123456","contact_email":"yourmail@email.com","contact_address":"Rock Street, San Francisco, California","disable_main_slider":true,"hide_slider_button":false,"slider_button_text":"Learn More","main_slider_height":"550","main_menu_font_control":{"font-family":"Poppins","font-size":"15px","text-transform":"uppercase","variant":"600","line-height":"1.5","font-backup":"","font-weight":600,"font-style":"normal"},"top_footer_widget_columns":"three_columns","footer_layout":"footer_three","blog_post_category_color":"#ffd012","hide_post_button":false,"post_button_text":"READ MORE","related_posts_title":"You may also like these","preloader_animation":"animation_two","header_button_border_radius":"0","bottom_header_text_color":"#ffffff"},"theme_mods_gutener-child":{"0":false,"nav_menu_locations":{"menu-1":19,"menu-2":20},"custom_css_post_id":202,"custom_logo":163,"logo_width":"250","disable_site_title":true,"disable_site_tagline":true,"header_image_slider":[],"social_media_links":[{"icon":"fab fa-facebook","link":"#","new_tab":false},{"icon":"fab fa-twitter","link":"#","new_tab":false},{"icon":"fab fa-instagram","link":"#","new_tab":false},{"icon":"fab fa-youtube","link":"#","new_tab":false},{"icon":"fab fa-linkedin","link":"#","new_tab":false}],"main_banner_buttons":[{"text":"","link":"","type":"button-outline"}],"site_primary_color":"#ffd012","site_hover_color":"#ffe055","highlight_posts_section_title":"Highlighted Posts","disable_highlight_posts_section_title":true,"highlight_posts_height":"250","feature_posts_section_title":"Featured Posts","disable_notification_bar":false,"notification_bar_button_background_color":"#ffd012","notification_bar_button_text_color":"#000000","notification_bar_title":"This is your default notification bar which you can use to announce a sale or discount.","notification_bar_button_text":"View More","header_layout":"header_three","header_separate_logo":"https:\/\/demo.keonthemes.com\/gutener\/demo9\/wp-content\/uploads\/sites\/38\/2020\/06\/gutener-ngo-logo.png","header_button_background_color":"#ffd012","header_button_text_color":"#000000","header_button_text":"Donate Now","top_header_text_color":"#e3e3e3","header_image_height":"120","contact_phone":"+ 1987 123456","contact_email":"yourmail@email.com","contact_address":"Rock Street, San Francisco, California","disable_main_slider":true,"hide_slider_button":false,"slider_button_text":"Learn More","main_slider_height":"550","main_menu_font_control":{"font-family":"Poppins","font-size":"15px","text-transform":"uppercase","variant":"600","line-height":"1.5","font-backup":"","font-weight":600,"font-style":"normal"},"top_footer_widget_columns":"three_columns","footer_layout":"footer_three","blog_post_category_color":"#ffd012","hide_post_button":false,"post_button_text":"READ MORE","related_posts_title":"You may also like these","preloader_animation":"animation_two","header_button_border_radius":"0","bottom_header_text_color":"#ffffff"}}}