{"widget_positions":{"wp_inactive_widgets":[],"menu-sidebar":["search-2","gutener_author_widget-3"],"left-sidebar":["calendar-2","categories-2"],"right-sidebar":["calendar-3","gutener_author_widget-4","gutener_latest_post-4"],"footer-sidebar-1":["text-2"],"footer-sidebar-2":["gutener_latest_post-3"],"footer-sidebar-3":["mc4wp_form_widget-3"],"footer-sidebar-4":[],"array_version":3},"widget_options":{"search":{"2":{"title":""},"_multiwidget":1},"gutener_author_widget":{"_multiwidget":1,"3":{"title":"About the Author","page_id":84,"full-square-thumb":false,"page_title":true,"excerpt_count":"20","sub_title":"Social Worker","social_title":null,"social_desc":null,"social_menu_icon_1":"fab fa-facebook","social_menu_link_1":"#","social_menu_icon_2":"fab fa-twitter","social_menu_link_2":"#","social_menu_icon_3":"fab fa-instagram","social_menu_link_3":"#","social_menu_icon_4":"","social_menu_link_4":"","social_menu_icon_5":"","social_menu_link_5":"","social_menu_icon_6":"","social_menu_link_6":"","social_menu_icon_7":"","social_menu_link_7":"","social_menu_icon_8":"","social_menu_link_8":"","social_menu_icon_9":"","social_menu_link_9":""},"4":{"title":"About the Author","page_id":84,"full-square-thumb":false,"page_title":true,"excerpt_count":"20","sub_title":"Social Worker","social_title":null,"social_desc":null,"social_menu_icon_1":"fab fa-facebook","social_menu_link_1":"#","social_menu_icon_2":"fab fa-twitter","social_menu_link_2":"#","social_menu_icon_3":"fab fa-instagram","social_menu_link_3":"#","social_menu_icon_4":"","social_menu_link_4":"","social_menu_icon_5":"","social_menu_link_5":"","social_menu_icon_6":"","social_menu_link_6":"","social_menu_icon_7":"","social_menu_link_7":"","social_menu_icon_8":"","social_menu_link_8":"","social_menu_icon_9":"","social_menu_link_9":""}},"calendar":{"2":{"title":"Calendar"},"3":{"title":"Calendar"},"_multiwidget":1},"categories":{"2":{"title":"Categories","count":1,"hierarchical":0,"dropdown":0},"_multiwidget":1},"gutener_latest_post":{"_multiwidget":1,"3":{"title":"Recent News","per_page":"2","show_date_comment":true,"layout":"left"},"4":{"title":"","per_page":"3","show_date_comment":true,"layout":"left"}},"text":{"1":[],"2":{"title":"About Gutener Charity NGO","text":"Gutener is clean, creative, powerful, flexible, highly customizable and Gutenberg ready WordPress theme. It is fully responsive and is sure to make your website stand out from the crowd.","filter":true,"visual":true},"_multiwidget":1},"mc4wp_form_widget":{"3":{"title":"Newsletter"},"_multiwidget":1}}}