{"menu":{"menu-2":22,"menu-1":16},"options":{"blogname":"Gutener Education","blogname-child":"Gutener Education","blogdescription":"To Teach Is To Learn Twice.","blogdescription-child":"To Teach Is To Learn Twice.","posts_per_page":"10","posts_per_page-child":"10","date_format":"F j, Y","date_format-child":"F j, Y","time_format":"g:i a","time_format-child":"g:i a","show_on_front":"page","show_on_front-child":"page","thumbnail_size_w":"150","thumbnail_size_w-child":"150","thumbnail_size_h":"150","thumbnail_size_h-child":"150","thumbnail_crop":"1","thumbnail_crop-child":"1","medium_size_w":"300","medium_size_w-child":"300","medium_size_h":"300","medium_size_h-child":"300","avatar_default":"mystery","avatar_default-child":"mystery","large_size_w":"700","large_size_w-child":"700","large_size_h":"700","large_size_h-child":"700","page_for_posts":"335","page_for_posts-child":"335","page_on_front":"313","page_on_front-child":"313","medium_large_size_w":"768","medium_large_size_w-child":"768","medium_large_size_h":"0","medium_large_size_h-child":"0","woocommerce_shop_page_id":"9","woocommerce_shop_page_id-child":"9","theme_mods_gutener-pro":{"0":false,"custom_css_post_id":164,"header_image_slider":[],"social_media_links":[{"icon":"fab fa-facebook","link":"#"},{"icon":"fab fa-twitter","link":"#"},{"icon":"fab fa-youtube","link":"#"},{"icon":"fab fa-instagram","link":"#"},{"icon":"fab fa-google","link":""}],"main_banner_buttons":[{"text":"Button Text","link":"#","type":"button-outline"}],"coming_maintenance_buttons":[{"text":"Button Text","link":"#","type":"button-outline"}],"coming_maintenance_image_slider":[],"custom_logo":"74","logo_width":"190","disable_site_title":true,"notification_bar_background_color":"#fbfbfb","notification_bar_button_background_color":"#083a6f","notification_bar_title_color":"#212121","header_layout":"header_two","top_header_two_background_color":"#083a6f","top_header_text_color":"#f5f5f5","bottom_header_text_color":"#212121","header_button_text":"Register","header_image_height":"110","site_description_font_control":{"font-family":"Poppins","font-size":"14px","text-transform":"none","font-backup":"","variant":"regular","font-weight":400,"font-style":"normal"},"main_menu_font_control":{"font-family":"Poppins","font-size":"15px","text-transform":"uppercase","variant":"600","line-height":"1.5","font-backup":"","font-weight":600,"font-style":"normal"},"body_font_control":{"font-family":"Open Sans","font-size":"15px","font-backup":"","variant":"regular","font-weight":400,"font-style":"normal"},"footer_layout":"footer_five","top_footer_widget_link_color":"#656565","bottom_footer_text_link_color":"#212121","notification_bar_button_text_color":"#212121","notification_bar_button_type":"button-outline","header_button_background_color":"#083a6f","header_button_text_color":"#ffffff","header_button_link":"#","advanced_import_setup_complete":1589371631,"site_primary_color":"#083a6f","site_hover_color":"#007caa","disable_site_tagline":true,"disable_main_slider":true,"main_slider_height":"550","blog_post_category_color":"#083a6f","preloader_animation":"animation_three","footer_text":"Copyright \u00a9 2020. <a href=\"\/\/keonthemes.com\/downloads\/gutener\" target=\"_blank\">Gutener<\/a> Theme by <a href=\"\/\/keonthemes.com\" target=\"_blank\">Keon Themes<\/a>","highlight_posts_height":"250","disable_latest_posts_section":false,"archive_post_layout":"single"},"theme_mods_gutener-pro-child":{"0":false,"custom_css_post_id":164,"header_image_slider":[],"social_media_links":[{"icon":"fab fa-facebook","link":"#"},{"icon":"fab fa-twitter","link":"#"},{"icon":"fab fa-youtube","link":"#"},{"icon":"fab fa-instagram","link":"#"},{"icon":"fab fa-google","link":""}],"main_banner_buttons":[{"text":"Button Text","link":"#","type":"button-outline"}],"coming_maintenance_buttons":[{"text":"Button Text","link":"#","type":"button-outline"}],"coming_maintenance_image_slider":[],"custom_logo":"74","logo_width":"190","disable_site_title":true,"notification_bar_background_color":"#fbfbfb","notification_bar_button_background_color":"#083a6f","notification_bar_title_color":"#212121","header_layout":"header_two","top_header_two_background_color":"#083a6f","top_header_text_color":"#f5f5f5","bottom_header_text_color":"#212121","header_button_text":"Register","header_image_height":"110","site_description_font_control":{"font-family":"Poppins","font-size":"14px","text-transform":"none","font-backup":"","variant":"regular","font-weight":400,"font-style":"normal"},"main_menu_font_control":{"font-family":"Poppins","font-size":"15px","text-transform":"uppercase","variant":"600","line-height":"1.5","font-backup":"","font-weight":600,"font-style":"normal"},"body_font_control":{"font-family":"Open Sans","font-size":"15px","font-backup":"","variant":"regular","font-weight":400,"font-style":"normal"},"footer_layout":"footer_five","top_footer_widget_link_color":"#656565","bottom_footer_text_link_color":"#212121","notification_bar_button_text_color":"#212121","notification_bar_button_type":"button-outline","header_button_background_color":"#083a6f","header_button_text_color":"#ffffff","header_button_link":"#","advanced_import_setup_complete":1589371631,"site_primary_color":"#083a6f","site_hover_color":"#007caa","nav_menu_locations":{"menu-1":16,"menu-2":22},"disable_site_tagline":true,"disable_main_slider":true,"main_slider_height":"550","blog_post_category_color":"#083a6f","preloader_animation":"animation_three","footer_text":"Copyright \u00a9 2020. <a href=\"\/\/keonthemes.com\/downloads\/gutener\" target=\"_blank\">Gutener<\/a> Theme by <a href=\"\/\/keonthemes.com\" target=\"_blank\">Keon Themes<\/a>","highlight_posts_height":"250","disable_latest_posts_section":false,"archive_post_layout":"single"}}}