{"widget_positions":{"wp_inactive_widgets":[],"menu-sidebar":["search-2","gutener_pro_author_widget-2","a2a_follow_widget-2"],"left-sidebar":["calendar-2","categories-2"],"right-sidebar":["gutener_pro_author_widget-3","calendar-3","gutener_pro_latest_post-2","a2a_follow_widget-3"],"footer-sidebar-1":["text-3"],"footer-sidebar-2":["categories-4"],"footer-sidebar-3":["mc4wp_form_widget-2"],"footer-sidebar-4":["media_gallery-2","recent-posts-2"],"array_version":3},"widget_options":{"search":{"2":{"title":""},"_multiwidget":1},"gutener_pro_author_widget":{"2":{"title":"About the Author","page_id":"105","full-square-thumb":false,"page_title":true,"excerpt_count":"20","sub_title":"Instructor","social_title":null,"social_desc":null,"social_menu_icon_1":"fab fa-facebook","social_menu_link_1":"#","social_menu_icon_2":"fab fa-twitter","social_menu_link_2":"","social_menu_icon_3":"","social_menu_link_3":"","social_menu_icon_4":"","social_menu_link_4":"","social_menu_icon_5":"","social_menu_link_5":"","social_menu_icon_6":"","social_menu_link_6":"","social_menu_icon_7":"","social_menu_link_7":"","social_menu_icon_8":"","social_menu_link_8":"","social_menu_icon_9":"","social_menu_link_9":""},"3":{"title":"About the Author","page_id":105,"full-square-thumb":false,"page_title":true,"excerpt_count":"20","sub_title":"Lifestyle Blogger","social_title":null,"social_desc":null,"social_menu_icon_1":"fab fa-facebook","social_menu_link_1":"#","social_menu_icon_2":"fab fa-twitter","social_menu_link_2":"#","social_menu_icon_3":"fab fa-instagram","social_menu_link_3":"#","social_menu_icon_4":"","social_menu_link_4":"","social_menu_icon_5":"","social_menu_link_5":"","social_menu_icon_6":"","social_menu_link_6":"","social_menu_icon_7":"","social_menu_link_7":"","social_menu_icon_8":"","social_menu_link_8":"","social_menu_icon_9":"","social_menu_link_9":""},"_multiwidget":1},"a2a_follow_widget":{"2":{"title":"Follow Us:","icon_size":"20","facebook_id":"keonthemes","twitter_id":"keonthemes","instagram_id":"keonthemes","pinterest_id":"keonthemes","behance_id":"","flickr_id":"","foursquare_id":"","github_id":"","linkedin_id":"#","linkedin_company_id":"","medium_id":"","snapchat_id":"","tumblr_id":"","vimeo_id":"","youtube_id":"keonthemes","youtube_channel_id":"","feed_id":""},"3":{"title":"Follow Us","icon_size":"20","facebook_id":"Keonthemes","twitter_id":"Keonthemes","instagram_id":"Keonthemes","pinterest_id":"Keonthemes","behance_id":"","flickr_id":"","foursquare_id":"","github_id":"Keonthemes","linkedin_id":"#","linkedin_company_id":"","medium_id":"","snapchat_id":"","tumblr_id":"","vimeo_id":"","youtube_id":"Keonthemes","youtube_channel_id":"","feed_id":""},"_multiwidget":1},"calendar":{"2":{"title":""},"3":{"title":"Calendar"},"_multiwidget":1},"categories":{"2":{"title":"","count":1,"hierarchical":0,"dropdown":0},"4":{"title":"CATEGORIES","count":1,"hierarchical":0,"dropdown":0},"_multiwidget":1},"gutener_pro_latest_post":{"2":{"title":"Latest Post","per_page":"3","show_date_comment":true,"layout":"left"},"_multiwidget":1},"text":{"1":[],"3":{"title":"About Gutener Education","text":"Lorem ipsum dolor sit amet, consectetur adipisicing elit, sed eiusmod tempor incididunt ut laboreet dolore magna aliqua.sed eiusmod tempor incididunt ut laboreet dolore magna aliqua.","filter":true,"visual":true},"_multiwidget":1},"mc4wp_form_widget":{"2":{"title":"NEWSLETTER"},"_multiwidget":1},"media_gallery":{"2":{"title":"GALLERY","ids":[46,51,52,354,355,357],"columns":3,"size":"thumbnail","link_type":"post","orderby_random":true},"_multiwidget":1},"recent-posts":{"2":{"title":"Latest Posts","number":2,"show_date":true},"_multiwidget":1}}}