{"menu":{"menu-1":3},"options":{"blogname":"Bosa App","blogname-child":"Bosa App","blogdescription":"Bosa is the perfect theme for your Business","blogdescription-child":"Bosa is the perfect theme for your Business","posts_per_page":"10","posts_per_page-child":"10","date_format":"F j, Y","date_format-child":"F j, Y","time_format":"g:i a","time_format-child":"g:i a","show_on_front":"page","show_on_front-child":"page","thumbnail_size_w":"150","thumbnail_size_w-child":"150","thumbnail_size_h":"150","thumbnail_size_h-child":"150","thumbnail_crop":"1","thumbnail_crop-child":"1","medium_size_w":"300","medium_size_w-child":"300","medium_size_h":"300","medium_size_h-child":"300","avatar_default":"mystery","avatar_default-child":"mystery","large_size_w":"1024","large_size_w-child":"1024","large_size_h":"1024","large_size_h-child":"1024","page_for_posts":"66","page_for_posts-child":"66","page_on_front":"23","page_on_front-child":"23","medium_large_size_w":"768","medium_large_size_w-child":"768","medium_large_size_h":"0","medium_large_size_h-child":"0","theme_mods_bosa":{"0":false,"custom_css_post_id":7,"header_image_slider":[],"social_media_links":[{"icon":"fab fa-facebook","link":"#","target":true},{"icon":"fab fa-twitter","link":"#","target":true},{"icon":"fab fa-instagram","link":"#","target":true},{"icon":"fab fa-google","link":"#","target":true},{"icon":"fab fa-youtube","link":"#","target":true}],"main_banner_buttons":[{"text":"","link":"","type":"button-outline"}],"logo_width":"160","header_layout":"header_two","header_button_text":"GET IT NOW","header_button_link":"#","header_button_border_radius":"20","header_button_background_color":"#ff9222","advanced_import_setup_complete":1608109129,"main_slider_height":"650","slider_category":"4","hide_slider_button":false,"slider_button_text":"LEARN MORE","slider_button_type":"button-primary","hide_slider_category":true,"hide_slider_date":true,"hide_slider_author":true,"hide_slider_comment":true,"main_slider_button_border_radius":"25","feature_posts_posts_number":"3","feature_posts_height":"250","disable_highlight_posts_section_title":false,"highlight_posts_section_title":"You may also like","archive_post_layout":"list","blog_post_category_color":"#ff9222","site_primary_color":"#ff9222","site_hover_color":"#b3600e","body_font_control":{"font-family":"Poppins","variant":"regular","font-size":"15px","font-backup":"","font-weight":400,"font-style":"normal"},"blog_page_title_font_control":{"font-family":"Poppins","variant":"500","font-size":"22px","text-transform":"none","font-backup":"","font-weight":500,"font-style":"normal"},"page_title_font_control":{"font-family":"Poppins","variant":"700","font-size":"38px","text-transform":"capitalize","font-backup":"","font-weight":700,"font-style":"normal"},"section_title_font_control":{"font-family":"Poppins","variant":"700","font-size":"28px","text-transform":"capitalize","font-backup":"","font-weight":700,"font-style":"normal"},"single_post_author_title":"About the author","related_posts_title":"Related posts","site_title_color_transparent_header":"#dcdada","content_color_transparent_header":"#ffffff","top_footer_background_color":"","footer_image":46,"top_footer_widget_title_color":"#e0e0e0","top_footer_widget_link_color":"#ffffff","top_footer_widget_link_hover_color":"#d97511","top_footer_widget_content_color":"#cccccc","bottom_footer_background_color":"rgba(10,10,10,0.1)","bottom_footer_text_color":"#bcbcbc","bottom_footer_text_link_color":"#ffffff","social_icons_size":"22","bottom_footer_text_link_hover_color":"#d97511","footer_text":"Copyright \u00a9 2020<a href=\"https:\/\/demo.bosathemes.com\/bosa\/app\" title=\"Bosa App \"> Bosa App<\/a> . ","footer_layout":"footer_three","site_title_color":"#262626","site_tagline_color":"#5b5b5b","disable_site_title":true,"disable_site_tagline":true,"bottom_header_text_link_hover_color":"#e98015","general_title_font_control":{"font-family":"Poppins","text-transform":"none","font-backup":"","variant":"600","font-weight":600,"font-style":"normal"},"preloader_animation":"animation_four","header_separate_logo":288,"header_image_height":"80","slider_image_overlay_opacity":"4","header_button_repeater":[{"header_btn_type":"button-outline","header_btn_bg_color":"#eb5a3e","header_btn_border_color":"#1a1a1a","header_btn_text_color":"#1a1a1a","header_btn_hover_color":"#086abd","header_btn_text":"","header_btn_link":"","header_btn_target":true,"header_btn_radius":0}],"transparent_header_button_repeater":[{"transparent_header_btn_type":"button-primary","transparent_header_home_btn_bg_color":"#ff9222","transparent_header_home_btn_border_color":"#ffffff","transparent_header_home_btn_text_color":"#ffffff","transparent_header_btn_bg_color":"#ff9222","transparent_header_btn_border_color":"#1a1a1a","transparent_header_btn_text_color":"#1a1a1a","transparent_header_btn_hover_color":"#b3600e","transparent_header_btn_text":"","transparent_header_btn_link":"","transparent_header_btn_target":true,"transparent_header_btn_radius":0}],"main_slider_button_repeater":[{"slider_btn_type":"button-primary","slider_btn_bg_color":"#ff9222","slider_btn_border_color":"#ffffff","slider_btn_text_color":"#ffffff","slider_btn_hover_color":"#b3600e","slider_btn_text":"learn more","slider_btn_radius":"30"}],"main_banner_buttons_repeater":[{"banner_btn_type":"button-primary","banner_btn_bg_color":"#ff9222","banner_btn_border_color":"#ffffff","banner_btn_text_color":"#ffffff","banner_btn_hover_color":"#b3600e","banner_btn_text":"learn more","banner_btn_link":"","banner_btn_target":true,"banner_btn_radius":0}],"blog_page_button_repeater":[{"blog_btn_type":"button-primary","blog_btn_bg_color":"#ff9222","blog_btn_border_color":"#1a1a1a","blog_btn_text_color":"#ffffff","blog_btn_hover_color":"#b3600e","blog_btn_text":"Learn more","blog_btn_radius":"37"}],"footer_widget_area_top_padding":"60","footer_widget_area_bottom_padding":"60","contact_phone":"+ 1987 123456","contact_email":"yourmail@email.com","contact_address":"Rock Street, San Francisco","top_hover_color_transparent_header":"#86c0f3","content_hover_color_transparent_header":"#86c0f3","top_header_text_link_hover_color":"#b3600e","mid_header_text_link_hover_color":"#b3600e","main_slider_cat_font_control":{"font-family":"Poppins","variant":"regular","font-size":"15px","text-transform":"uppercase","line-height":"1.6","font-backup":"","font-weight":400,"font-style":"normal"},"main_slider_excerpt_font_control":{"font-family":"Poppins","variant":"regular","font-size":"16px","text-transform":"initial","line-height":"1.8","font-backup":"","font-weight":400,"font-style":"normal"},"main_slider_button_font_control":{"font-family":"Poppins","variant":"600","font-size":"16px","text-transform":"uppercase","line-height":"1.8","font-backup":"","font-weight":600,"font-style":"normal"},"highlight_posts_cat_font_control":{"font-family":"Poppins","variant":"regular","font-size":"12px","text-transform":"uppercase","line-height":"1","font-backup":"","font-weight":400,"font-style":"normal"},"disable_mobile_search_icon":true,"disable_fixed_header":false,"disable_hamburger_menu_icon":false,"fixed_header_separate_logo":287,"fixed_header_logo_width":"160","transparent_header_top_header_color":"#d8d8d8","disable_sticky_sidebar":false,"disable_header_button":true,"main_slider_controls":"slider","banner_title":"welcome to bosa","banner_subtitle":"Bosa is multiple WordPress Theme","hide_post_button":true,"custom_logo":287,"highlight_posts_category":"5","featured_post_category_bgcolor":"#ff9222","featured_post_hover_color":"#e39e58","featured_posts_cat_font_control":{"font-family":"Poppins","variant":"regular","font-size":"12px","text-transform":"uppercase","line-height":"1","font-backup":"","font-weight":400,"font-style":"normal"},"feature_posts_font_control":{"font-family":"Poppins","variant":"600","font-size":"18px","text-transform":"capitalize","line-height":"1.4","font-backup":"","font-weight":600,"font-style":"normal"},"highlight_post_category_color":"#ffffff","highlight_post_hover_color":"#e39e58","highlight_post_category_bgcolor":"#ff9222","preloader_custom_image_width":"40","feature_posts_text_alignment":"text-center","feature_posts_title_alignment":"align-center","hide_featured_posts_category":false,"hide_featured_posts_date":true,"hide_featured_posts_author":true,"hide_featured_posts_comment":true},"theme_mods_bosa-child":{"0":false,"custom_css_post_id":7,"header_image_slider":[],"social_media_links":[{"icon":"fab fa-facebook","link":"#","target":true},{"icon":"fab fa-twitter","link":"#","target":true},{"icon":"fab fa-instagram","link":"#","target":true},{"icon":"fab fa-google","link":"#","target":true},{"icon":"fab fa-youtube","link":"#","target":true}],"main_banner_buttons":[{"text":"","link":"","type":"button-outline"}],"logo_width":"160","header_layout":"header_two","header_button_text":"GET IT NOW","header_button_link":"#","header_button_border_radius":"20","header_button_background_color":"#ff9222","nav_menu_locations":{"menu-1":3},"advanced_import_setup_complete":1608109129,"main_slider_height":"650","slider_category":"4","hide_slider_button":false,"slider_button_text":"LEARN MORE","slider_button_type":"button-primary","hide_slider_category":true,"hide_slider_date":true,"hide_slider_author":true,"hide_slider_comment":true,"main_slider_button_border_radius":"25","feature_posts_posts_number":"3","feature_posts_height":"250","disable_highlight_posts_section_title":false,"highlight_posts_section_title":"You may also like","archive_post_layout":"list","blog_post_category_color":"#ff9222","site_primary_color":"#ff9222","site_hover_color":"#b3600e","body_font_control":{"font-family":"Poppins","variant":"regular","font-size":"15px","font-backup":"","font-weight":400,"font-style":"normal"},"blog_page_title_font_control":{"font-family":"Poppins","variant":"500","font-size":"22px","text-transform":"none","font-backup":"","font-weight":500,"font-style":"normal"},"page_title_font_control":{"font-family":"Poppins","variant":"700","font-size":"38px","text-transform":"capitalize","font-backup":"","font-weight":700,"font-style":"normal"},"section_title_font_control":{"font-family":"Poppins","variant":"700","font-size":"28px","text-transform":"capitalize","font-backup":"","font-weight":700,"font-style":"normal"},"single_post_author_title":"About the author","related_posts_title":"Related posts","site_title_color_transparent_header":"#dcdada","content_color_transparent_header":"#ffffff","top_footer_background_color":"","footer_image":46,"top_footer_widget_title_color":"#e0e0e0","top_footer_widget_link_color":"#ffffff","top_footer_widget_link_hover_color":"#d97511","top_footer_widget_content_color":"#cccccc","bottom_footer_background_color":"rgba(10,10,10,0.1)","bottom_footer_text_color":"#bcbcbc","bottom_footer_text_link_color":"#ffffff","social_icons_size":"22","bottom_footer_text_link_hover_color":"#d97511","footer_text":"Copyright \u00a9 2020<a href=\"https:\/\/demo.bosathemes.com\/bosa\/app\" title=\"Bosa App \"> Bosa App<\/a> . ","footer_layout":"footer_three","site_title_color":"#262626","site_tagline_color":"#5b5b5b","disable_site_title":true,"disable_site_tagline":true,"bottom_header_text_link_hover_color":"#e98015","general_title_font_control":{"font-family":"Poppins","text-transform":"none","font-backup":"","variant":"600","font-weight":600,"font-style":"normal"},"preloader_animation":"animation_four","header_separate_logo":288,"header_image_height":"80","slider_image_overlay_opacity":"4","header_button_repeater":[{"header_btn_type":"button-outline","header_btn_bg_color":"#eb5a3e","header_btn_border_color":"#1a1a1a","header_btn_text_color":"#1a1a1a","header_btn_hover_color":"#086abd","header_btn_text":"","header_btn_link":"","header_btn_target":true,"header_btn_radius":0}],"transparent_header_button_repeater":[{"transparent_header_btn_type":"button-primary","transparent_header_home_btn_bg_color":"#ff9222","transparent_header_home_btn_border_color":"#ffffff","transparent_header_home_btn_text_color":"#ffffff","transparent_header_btn_bg_color":"#ff9222","transparent_header_btn_border_color":"#1a1a1a","transparent_header_btn_text_color":"#1a1a1a","transparent_header_btn_hover_color":"#b3600e","transparent_header_btn_text":"","transparent_header_btn_link":"","transparent_header_btn_target":true,"transparent_header_btn_radius":0}],"main_slider_button_repeater":[{"slider_btn_type":"button-primary","slider_btn_bg_color":"#ff9222","slider_btn_border_color":"#ffffff","slider_btn_text_color":"#ffffff","slider_btn_hover_color":"#b3600e","slider_btn_text":"learn more","slider_btn_radius":"30"}],"main_banner_buttons_repeater":[{"banner_btn_type":"button-primary","banner_btn_bg_color":"#ff9222","banner_btn_border_color":"#ffffff","banner_btn_text_color":"#ffffff","banner_btn_hover_color":"#b3600e","banner_btn_text":"learn more","banner_btn_link":"","banner_btn_target":true,"banner_btn_radius":0}],"blog_page_button_repeater":[{"blog_btn_type":"button-primary","blog_btn_bg_color":"#ff9222","blog_btn_border_color":"#1a1a1a","blog_btn_text_color":"#ffffff","blog_btn_hover_color":"#b3600e","blog_btn_text":"Learn more","blog_btn_radius":"37"}],"footer_widget_area_top_padding":"60","footer_widget_area_bottom_padding":"60","contact_phone":"+ 1987 123456","contact_email":"yourmail@email.com","contact_address":"Rock Street, San Francisco","top_hover_color_transparent_header":"#86c0f3","content_hover_color_transparent_header":"#86c0f3","top_header_text_link_hover_color":"#b3600e","mid_header_text_link_hover_color":"#b3600e","main_slider_cat_font_control":{"font-family":"Poppins","variant":"regular","font-size":"15px","text-transform":"uppercase","line-height":"1.6","font-backup":"","font-weight":400,"font-style":"normal"},"main_slider_excerpt_font_control":{"font-family":"Poppins","variant":"regular","font-size":"16px","text-transform":"initial","line-height":"1.8","font-backup":"","font-weight":400,"font-style":"normal"},"main_slider_button_font_control":{"font-family":"Poppins","variant":"600","font-size":"16px","text-transform":"uppercase","line-height":"1.8","font-backup":"","font-weight":600,"font-style":"normal"},"highlight_posts_cat_font_control":{"font-family":"Poppins","variant":"regular","font-size":"12px","text-transform":"uppercase","line-height":"1","font-backup":"","font-weight":400,"font-style":"normal"},"disable_mobile_search_icon":true,"disable_fixed_header":false,"disable_hamburger_menu_icon":false,"fixed_header_separate_logo":287,"fixed_header_logo_width":"160","transparent_header_top_header_color":"#d8d8d8","disable_sticky_sidebar":false,"disable_header_button":true,"main_slider_controls":"slider","banner_title":"welcome to bosa","banner_subtitle":"Bosa is multiple WordPress Theme","hide_post_button":true,"custom_logo":287,"highlight_posts_category":"5","featured_post_category_bgcolor":"#ff9222","featured_post_hover_color":"#e39e58","featured_posts_cat_font_control":{"font-family":"Poppins","variant":"regular","font-size":"12px","text-transform":"uppercase","line-height":"1","font-backup":"","font-weight":400,"font-style":"normal"},"feature_posts_font_control":{"font-family":"Poppins","variant":"600","font-size":"18px","text-transform":"capitalize","line-height":"1.4","font-backup":"","font-weight":600,"font-style":"normal"},"highlight_post_category_color":"#ffffff","highlight_post_hover_color":"#e39e58","highlight_post_category_bgcolor":"#ff9222","preloader_custom_image_width":"40","feature_posts_text_alignment":"text-center","feature_posts_title_alignment":"align-center","hide_featured_posts_category":false,"hide_featured_posts_date":true,"hide_featured_posts_author":true,"hide_featured_posts_comment":true},"woocommerce_shop_page_id":"220","woocommerce_shop_page_id-child":"220"}}