{"widget_positions":{"wp_inactive_widgets":["recent-comments-2"],"right-sidebar":["bosa_latest_post-3","media_image-2","tag_cloud-2"],"menu-sidebar":["search-2","text-6","recent-posts-2","categories-4"],"left-sidebar":["archives-2","categories-2","meta-2"],"woocommerce-right-sidebar":["woocommerce_product_search-2","woocommerce_price_filter-2","woocommerce_products-2","media_gallery-2"],"woocommerce-left-sidebar":[],"footer-sidebar-1":["text-2"],"footer-sidebar-2":["bosa_latest_post-2"],"footer-sidebar-3":["text-3"],"footer-sidebar-4":["text-4"],"array_version":3},"widget_options":{"recent-comments":{"2":{"title":"","number":5},"_multiwidget":1},"bosa_latest_post":{"2":{"title":"Recent posts","per_page":"2","show_date_comment":false,"layout":"left"},"3":{"title":"Latest posts","per_page":"2","show_date_comment":false,"layout":"full"},"_multiwidget":1},"media_image":{"2":{"size":"full","width":350,"height":350,"caption":"","alt":"","link_type":"custom","link_url":"#","image_classes":"","link_classes":"","link_rel":"","link_target_blank":false,"image_title":"Advertisement","attachment_id":107,"url":"https:\/\/demo.bosathemes.com\/bosa\/app\/wp-content\/uploads\/sites\/20\/2020\/12\/bosa-app-img07.jpg","title":"Advertisement"},"_multiwidget":1},"tag_cloud":{"2":{"title":"Post tags","count":0,"taxonomy":"post_tag"},"_multiwidget":1},"search":{"2":{"title":"Search"},"_multiwidget":1},"text":{"1":[],"2":{"title":"","text":"<img class=\"alignnone size-full wp-image-288\" src=\"https:\/\/demo.bosathemes.com\/bosa\/app\/wp-content\/uploads\/sites\/20\/2021\/02\/bosa-app-logowhite1.png\" alt=\"\" width=\"160\" height=\"54\" \/>\r\n\r\nQuasi odit inceptos. Posuere accusamus vulputate convallis hac? In pariatur modi ac architecto? Diamlorem tellus orci ullamcorper risus nesciunt netus.","filter":true,"visual":true},"3":{"title":"Contact info","text":"<div class=\"wpb_widgetised_column wpb_content_element\">\r\n<div class=\"wpb_wrapper\">\r\n\r\n<span class=\"mkdf-icon-text \">113 Fulton Street, Suite 721<\/span>\u00a0<span class=\"mkdf-icon-text \">New York, NY 10010<\/span>\r\n\r\n<a class=\"mkdf-icon-widget-holder mkdf-icon-has-hover\" href=\"#\" target=\"_blank\" rel=\"noopener\" data-hover-color=\"#ff8a73\">\u00a0<span class=\"mkdf-icon-text \">youremail@yourdomain.com<\/span><\/a>\r\n<div class=\"widget mkdf-separator-widget\">\r\n<div class=\"mkdf-separator-holder clearfix mkdf-separator-center mkdf-separator-normal\">\r\n<div class=\"mkdf-separator\"><a class=\"mkdf-icon-widget-holder mkdf-icon-has-hover\" href=\"#\" target=\"_blank\" rel=\"noopener\" data-hover-color=\"#ff8a73\">\u00a0<span class=\"mkdf-icon-text \">+88 (0) 101 0000 000<\/span><\/a><\/div>\r\n<\/div>\r\n<\/div>\r\n<\/div>\r\n<\/div>","filter":true,"visual":true},"4":{"title":"Support & Downloads","text":"Quisque actraqum nunc no dolor sit ametaugue dolor. Lorem ipsum dolor sit amet, consyect etur.\r\n\r\n<a href=\"#\"><img class=\"alignnone size-full wp-image-104\" src=\"https:\/\/demo.bosathemes.com\/bosa\/app\/wp-content\/uploads\/sites\/20\/2020\/12\/bosa-app-img001.png\" alt=\"\" width=\"125\" height=\"37\" \/><\/a> \u00a0\u00a0<a href=\"#\"><img class=\"alignnone size-medium wp-image-105\" src=\"https:\/\/demo.bosathemes.com\/bosa\/app\/wp-content\/uploads\/sites\/20\/2020\/12\/bosa-app-img002.png\" alt=\"\" width=\"125\" height=\"37\" \/><\/a>","filter":true,"visual":true},"6":{"title":"","text":"<img class=\"alignnone size-full wp-image-287\" src=\"https:\/\/demo.bosathemes.com\/bosa\/app\/wp-content\/uploads\/sites\/20\/2021\/02\/bosa-app-logoimg-1.png\" alt=\"\" width=\"160\" height=\"54\" \/>\r\n\r\nDiamlorem tellus orci ullamcorper risus nesciunt netus.\r\n\r\n<span class=\"mkdf-icon-text \">113 Fulton Street, Suite 721<\/span>\u00a0<span class=\"mkdf-icon-text \">New York, NY 10010<\/span>\r\n\r\n<a class=\"mkdf-icon-widget-holder mkdf-icon-has-hover\" href=\"https:\/\/demo.bosathemes.com\/bosa\/app\/?customize_changeset_uuid=dc593fbe-cf9b-4798-9a90-4a74cac136bc&amp;customize_theme=bosa&amp;customize_messenger_channel=preview-33&amp;customize_autosaved=on#\" target=\"_blank\" rel=\"noopener\" data-hover-color=\"#ff8a73\">\u00a0<span class=\"mkdf-icon-text \">youremail@yourdomain.com<\/span><\/a>\r\n<div class=\"widget mkdf-separator-widget\" title=\"Shift-click to edit this widget.\">\r\n<div class=\"mkdf-separator-holder clearfix mkdf-separator-center mkdf-separator-normal\">\r\n<div class=\"mkdf-separator\"><a class=\"mkdf-icon-widget-holder mkdf-icon-has-hover\" href=\"https:\/\/demo.bosathemes.com\/bosa\/app\/?customize_changeset_uuid=dc593fbe-cf9b-4798-9a90-4a74cac136bc&amp;customize_theme=bosa&amp;customize_messenger_channel=preview-33&amp;customize_autosaved=on#\" target=\"_blank\" rel=\"noopener\" data-hover-color=\"#ff8a73\"><span class=\"mkdf-icon-text \">+88 (0) 101 0000 000<\/span><\/a><\/div>\r\n<\/div>\r\n<\/div>","filter":true,"visual":true},"_multiwidget":1},"recent-posts":{"2":{"title":"Recent Posts","number":5,"show_date":true},"_multiwidget":1},"categories":{"2":{"title":"","count":0,"hierarchical":0,"dropdown":0},"_multiwidget":1,"4":{"title":"Categories","count":0,"hierarchical":0,"dropdown":0}},"archives":{"2":{"title":"","count":0,"dropdown":0},"_multiwidget":1},"meta":{"2":{"title":""},"_multiwidget":1},"woocommerce_product_search":{"2":{"title":"Product Search"},"_multiwidget":1},"woocommerce_price_filter":{"2":{"title":"Filter by price"},"_multiwidget":1},"woocommerce_products":{"2":{"title":"Products","number":5,"show":"","orderby":"date","order":"desc","hide_free":0,"show_hidden":0},"_multiwidget":1},"media_gallery":{"2":{"title":"Gallery","ids":[230,229,228,227,226,225],"columns":3,"size":"thumbnail","link_type":"post","orderby_random":false},"_multiwidget":1}}}