{"attachment":[{"type_title":"Media","post_id":38,"post_title":"cropped-gutener-fab-icon.png","post_status":"inherit","post_name":"cropped-gutener-fab-icon-png","post_content":"https:\/\/demo.keonthemes.com\/gutener\/demo207\/wp-content\/uploads\/sites\/32\/2020\/06\/cropped-gutener-fab-icon.png","post_excerpt":"","post_parent":0,"menu_order":0,"post_date":"2020-06-03 10:35:20","post_date_gmt":"2020-06-03 10:35:20","guid":"https:\/\/demo.keonthemes.com\/gutener\/demo207\/wp-content\/uploads\/sites\/32\/2020\/06\/cropped-gutener-fab-icon.png","post_mime_type":"image\/png","meta":{"_wp_attached_file":"2020\/06\/cropped-gutener-fab-icon.png","_wp_attachment_context":"site-icon","_wp_attachment_metadata":{"width":512,"height":512,"file":"2020\/06\/cropped-gutener-fab-icon.png","sizes":{"medium":{"file":"cropped-gutener-fab-icon-300x300.png","width":300,"height":300,"mime-type":"image\/png"},"thumbnail":{"file":"cropped-gutener-fab-icon-150x150.png","width":150,"height":150,"mime-type":"image\/png"},"gutener-pro-590-310":{"file":"cropped-gutener-fab-icon-512x310.png","width":512,"height":310,"mime-type":"image\/png"},"gutener-pro-420-380":{"file":"cropped-gutener-fab-icon-420x380.png","width":420,"height":380,"mime-type":"image\/png"},"gutener-pro-420-300":{"file":"cropped-gutener-fab-icon-420x300.png","width":420,"height":300,"mime-type":"image\/png"},"gutener-pro-290-150":{"file":"cropped-gutener-fab-icon-290x150.png","width":290,"height":150,"mime-type":"image\/png"},"gutener-pro-80-60":{"file":"cropped-gutener-fab-icon-80x60.png","width":80,"height":60,"mime-type":"image\/png"},"woocommerce_thumbnail":{"file":"cropped-gutener-fab-icon-300x300.png","width":300,"height":300,"mime-type":"image\/png","uncropped":false},"woocommerce_gallery_thumbnail":{"file":"cropped-gutener-fab-icon-100x100.png","width":100,"height":100,"mime-type":"image\/png"},"shop_catalog":{"file":"cropped-gutener-fab-icon-300x300.png","width":300,"height":300,"mime-type":"image\/png"},"shop_thumbnail":{"file":"cropped-gutener-fab-icon-100x100.png","width":100,"height":100,"mime-type":"image\/png"},"site_icon-270":{"file":"cropped-gutener-fab-icon-270x270.png","width":270,"height":270,"mime-type":"image\/png"},"site_icon-192":{"file":"cropped-gutener-fab-icon-192x192.png","width":192,"height":192,"mime-type":"image\/png"},"site_icon-180":{"file":"cropped-gutener-fab-icon-180x180.png","width":180,"height":180,"mime-type":"image\/png"},"site_icon-32":{"file":"cropped-gutener-fab-icon-32x32.png","width":32,"height":32,"mime-type":"image\/png"}},"image_meta":{"aperture":"0","credit":"","camera":"","caption":"","created_timestamp":"0","copyright":"","focal_length":"0","iso":"0","shutter_speed":"0","title":"","orientation":"0","keywords":[]}}},"terms":{"category":[],"post_tag":[],"nav_menu":[],"link_category":[],"post_format":[],"product_type":[],"product_visibility":[],"product_cat":[],"product_tag":[],"product_shipping_class":[]}},{"type_title":"Media","post_id":37,"post_title":"gutener-fab-icon","post_status":"inherit","post_name":"gutener-fab-icon","post_content":"","post_excerpt":"","post_parent":0,"menu_order":0,"post_date":"2020-06-03 10:35:17","post_date_gmt":"2020-06-03 10:35:17","guid":"https:\/\/demo.keonthemes.com\/gutener\/demo207\/wp-content\/uploads\/sites\/32\/2020\/06\/gutener-fab-icon.png","post_mime_type":"image\/png","meta":{"_wp_attached_file":"2020\/06\/gutener-fab-icon.png","_wp_attachment_metadata":{"width":512,"height":512,"file":"2020\/06\/gutener-fab-icon.png","sizes":{"medium":{"file":"gutener-fab-icon-300x300.png","width":300,"height":300,"mime-type":"image\/png"},"thumbnail":{"file":"gutener-fab-icon-150x150.png","width":150,"height":150,"mime-type":"image\/png"},"gutener-pro-590-310":{"file":"gutener-fab-icon-512x310.png","width":512,"height":310,"mime-type":"image\/png"},"gutener-pro-420-380":{"file":"gutener-fab-icon-420x380.png","width":420,"height":380,"mime-type":"image\/png"},"gutener-pro-420-300":{"file":"gutener-fab-icon-420x300.png","width":420,"height":300,"mime-type":"image\/png"},"gutener-pro-290-150":{"file":"gutener-fab-icon-290x150.png","width":290,"height":150,"mime-type":"image\/png"},"gutener-pro-80-60":{"file":"gutener-fab-icon-80x60.png","width":80,"height":60,"mime-type":"image\/png"},"woocommerce_thumbnail":{"file":"gutener-fab-icon-300x300.png","width":300,"height":300,"mime-type":"image\/png","uncropped":false},"woocommerce_gallery_thumbnail":{"file":"gutener-fab-icon-100x100.png","width":100,"height":100,"mime-type":"image\/png"},"shop_catalog":{"file":"gutener-fab-icon-300x300.png","width":300,"height":300,"mime-type":"image\/png"},"shop_thumbnail":{"file":"gutener-fab-icon-100x100.png","width":100,"height":100,"mime-type":"image\/png"}},"image_meta":{"aperture":"0","credit":"","camera":"","caption":"","created_timestamp":"0","copyright":"","focal_length":"0","iso":"0","shutter_speed":"0","title":"","orientation":"0","keywords":[]}}},"terms":{"category":[],"post_tag":[],"nav_menu":[],"link_category":[],"post_format":[],"product_type":[],"product_visibility":[],"product_cat":[],"product_tag":[],"product_shipping_class":[]}},{"type_title":"Media","post_id":34,"post_title":"gutener-img1-1920x650","post_status":"inherit","post_name":"gutener-img1-1920x650","post_content":"","post_excerpt":"","post_parent":0,"menu_order":0,"post_date":"2020-06-03 09:21:23","post_date_gmt":"2020-06-03 09:21:23","guid":"https:\/\/demo.keonthemes.com\/gutener\/demo207\/wp-content\/uploads\/sites\/32\/2020\/06\/gutener-img1-1920x650-1.jpg","post_mime_type":"image\/jpeg","meta":{"_wp_attached_file":"2020\/06\/gutener-img1-1920x650-1.jpg","_wp_attachment_metadata":{"width":1920,"height":650,"file":"2020\/06\/gutener-img1-1920x650-1.jpg","sizes":{"medium":{"file":"gutener-img1-1920x650-1-300x102.jpg","width":300,"height":102,"mime-type":"image\/jpeg"},"large":{"file":"gutener-img1-1920x650-1-1024x347.jpg","width":1024,"height":347,"mime-type":"image\/jpeg"},"thumbnail":{"file":"gutener-img1-1920x650-1-150x150.jpg","width":150,"height":150,"mime-type":"image\/jpeg"},"medium_large":{"file":"gutener-img1-1920x650-1-768x260.jpg","width":768,"height":260,"mime-type":"image\/jpeg"},"1536x1536":{"file":"gutener-img1-1920x650-1-1536x520.jpg","width":1536,"height":520,"mime-type":"image\/jpeg"},"gutener-pro-1920-550":{"file":"gutener-img1-1920x650-1-1920x550.jpg","width":1920,"height":550,"mime-type":"image\/jpeg"},"gutener-pro-1370-550":{"file":"gutener-img1-1920x650-1-1370x550.jpg","width":1370,"height":550,"mime-type":"image\/jpeg"},"gutener-pro-590-310":{"file":"gutener-img1-1920x650-1-590x310.jpg","width":590,"height":310,"mime-type":"image\/jpeg"},"gutener-pro-420-380":{"file":"gutener-img1-1920x650-1-420x380.jpg","width":420,"height":380,"mime-type":"image\/jpeg"},"gutener-pro-420-300":{"file":"gutener-img1-1920x650-1-420x300.jpg","width":420,"height":300,"mime-type":"image\/jpeg"},"gutener-pro-290-150":{"file":"gutener-img1-1920x650-1-290x150.jpg","width":290,"height":150,"mime-type":"image\/jpeg"},"gutener-pro-80-60":{"file":"gutener-img1-1920x650-1-80x60.jpg","width":80,"height":60,"mime-type":"image\/jpeg"},"woocommerce_thumbnail":{"file":"gutener-img1-1920x650-1-300x300.jpg","width":300,"height":300,"mime-type":"image\/jpeg","uncropped":false},"woocommerce_single":{"file":"gutener-img1-1920x650-1-600x203.jpg","width":600,"height":203,"mime-type":"image\/jpeg"},"woocommerce_gallery_thumbnail":{"file":"gutener-img1-1920x650-1-100x100.jpg","width":100,"height":100,"mime-type":"image\/jpeg"},"shop_catalog":{"file":"gutener-img1-1920x650-1-300x300.jpg","width":300,"height":300,"mime-type":"image\/jpeg"},"shop_single":{"file":"gutener-img1-1920x650-1-600x203.jpg","width":600,"height":203,"mime-type":"image\/jpeg"},"shop_thumbnail":{"file":"gutener-img1-1920x650-1-100x100.jpg","width":100,"height":100,"mime-type":"image\/jpeg"}},"image_meta":{"aperture":"0","credit":"","camera":"","caption":"","created_timestamp":"0","copyright":"","focal_length":"0","iso":"0","shutter_speed":"0","title":"","orientation":"0","keywords":[]}}},"terms":{"category":[],"post_tag":[],"nav_menu":[],"link_category":[],"post_format":[],"product_type":[],"product_visibility":[],"product_cat":[],"product_tag":[],"product_shipping_class":[]}},{"type_title":"Media","post_id":29,"post_title":"movie","post_status":"inherit","post_name":"movie","post_content":"","post_excerpt":"","post_parent":0,"menu_order":0,"post_date":"2020-06-02 12:34:30","post_date_gmt":"2020-06-02 12:34:30","guid":"https:\/\/demo.keonthemes.com\/gutener\/demo207\/wp-content\/uploads\/sites\/32\/2020\/06\/movie.mp4","post_mime_type":"video\/mp4","meta":{"_wp_attached_file":"2020\/06\/movie.mp4","_wp_attachment_metadata":{"lossless":false,"filesize":318465,"mime_type":"video\/mp4","length":13,"length_formatted":"0:13","width":320,"height":240,"fileformat":"mp4","dataformat":"quicktime","audio":{"dataformat":"mp4","codec":"ISO\/IEC 14496-3 AAC","sample_rate":48000,"channels":2,"bits_per_sample":16,"lossless":false,"channelmode":"stereo"},"created_timestamp":1273573926}},"terms":{"category":[],"post_tag":[],"nav_menu":[],"link_category":[],"post_format":[],"product_type":[],"product_visibility":[],"product_cat":[],"product_tag":[],"product_shipping_class":[]}},{"type_title":"Media","post_id":13,"post_title":"cropped-gutener-white-blog-logo.png","post_status":"inherit","post_name":"cropped-gutener-white-blog-logo-png","post_content":"https:\/\/demo.keonthemes.com\/gutener\/demo207\/wp-content\/uploads\/sites\/32\/2020\/05\/cropped-gutener-white-blog-logo.png","post_excerpt":"","post_parent":0,"menu_order":0,"post_date":"2020-05-31 12:44:12","post_date_gmt":"2020-05-31 12:44:12","guid":"https:\/\/demo.keonthemes.com\/gutener\/demo207\/wp-content\/uploads\/sites\/32\/2020\/05\/cropped-gutener-white-blog-logo.png","post_mime_type":"image\/png","meta":{"_wp_attached_file":"2020\/05\/cropped-gutener-white-blog-logo.png","_wp_attachment_context":"custom-logo","_wp_attachment_metadata":{"width":1141,"height":428,"file":"2020\/05\/cropped-gutener-white-blog-logo.png","sizes":{"medium":{"file":"cropped-gutener-white-blog-logo-300x113.png","width":300,"height":113,"mime-type":"image\/png"},"large":{"file":"cropped-gutener-white-blog-logo-1024x384.png","width":1024,"height":384,"mime-type":"image\/png"},"thumbnail":{"file":"cropped-gutener-white-blog-logo-150x150.png","width":150,"height":150,"mime-type":"image\/png"},"medium_large":{"file":"cropped-gutener-white-blog-logo-768x288.png","width":768,"height":288,"mime-type":"image\/png"},"gutener-pro-590-310":{"file":"cropped-gutener-white-blog-logo-590x310.png","width":590,"height":310,"mime-type":"image\/png"},"gutener-pro-420-380":{"file":"cropped-gutener-white-blog-logo-420x380.png","width":420,"height":380,"mime-type":"image\/png"},"gutener-pro-420-300":{"file":"cropped-gutener-white-blog-logo-420x300.png","width":420,"height":300,"mime-type":"image\/png"},"gutener-pro-290-150":{"file":"cropped-gutener-white-blog-logo-290x150.png","width":290,"height":150,"mime-type":"image\/png"},"gutener-pro-80-60":{"file":"cropped-gutener-white-blog-logo-80x60.png","width":80,"height":60,"mime-type":"image\/png"},"woocommerce_thumbnail":{"file":"cropped-gutener-white-blog-logo-300x300.png","width":300,"height":300,"mime-type":"image\/png","uncropped":false},"woocommerce_single":{"file":"cropped-gutener-white-blog-logo-600x225.png","width":600,"height":225,"mime-type":"image\/png"},"woocommerce_gallery_thumbnail":{"file":"cropped-gutener-white-blog-logo-100x100.png","width":100,"height":100,"mime-type":"image\/png"},"shop_catalog":{"file":"cropped-gutener-white-blog-logo-300x300.png","width":300,"height":300,"mime-type":"image\/png"},"shop_single":{"file":"cropped-gutener-white-blog-logo-600x225.png","width":600,"height":225,"mime-type":"image\/png"},"shop_thumbnail":{"file":"cropped-gutener-white-blog-logo-100x100.png","width":100,"height":100,"mime-type":"image\/png"}},"image_meta":{"aperture":"0","credit":"","camera":"","caption":"","created_timestamp":"0","copyright":"","focal_length":"0","iso":"0","shutter_speed":"0","title":"","orientation":"0","keywords":[]}}},"terms":{"category":[],"post_tag":[],"nav_menu":[],"link_category":[],"post_format":[],"product_type":[],"product_visibility":[],"product_cat":[],"product_tag":[],"product_shipping_class":[]}},{"type_title":"Media","post_id":12,"post_title":"gutener-white-blog-logo","post_status":"inherit","post_name":"gutener-white-blog-logo","post_content":"","post_excerpt":"","post_parent":0,"menu_order":0,"post_date":"2020-05-31 12:44:05","post_date_gmt":"2020-05-31 12:44:05","guid":"https:\/\/demo.keonthemes.com\/gutener\/demo207\/wp-content\/uploads\/sites\/32\/2020\/05\/gutener-white-blog-logo.png","post_mime_type":"image\/png","meta":{"_wp_attached_file":"2020\/05\/gutener-white-blog-logo.png","_wp_attachment_metadata":{"width":1459,"height":428,"file":"2020\/05\/gutener-white-blog-logo.png","sizes":{"medium":{"file":"gutener-white-blog-logo-300x88.png","width":300,"height":88,"mime-type":"image\/png"},"large":{"file":"gutener-white-blog-logo-1024x300.png","width":1024,"height":300,"mime-type":"image\/png"},"thumbnail":{"file":"gutener-white-blog-logo-150x150.png","width":150,"height":150,"mime-type":"image\/png"},"medium_large":{"file":"gutener-white-blog-logo-768x225.png","width":768,"height":225,"mime-type":"image\/png"},"gutener-pro-1370-550":{"file":"gutener-white-blog-logo-1370x428.png","width":1370,"height":428,"mime-type":"image\/png"},"gutener-pro-590-310":{"file":"gutener-white-blog-logo-590x310.png","width":590,"height":310,"mime-type":"image\/png"},"gutener-pro-420-380":{"file":"gutener-white-blog-logo-420x380.png","width":420,"height":380,"mime-type":"image\/png"},"gutener-pro-420-300":{"file":"gutener-white-blog-logo-420x300.png","width":420,"height":300,"mime-type":"image\/png"},"gutener-pro-290-150":{"file":"gutener-white-blog-logo-290x150.png","width":290,"height":150,"mime-type":"image\/png"},"gutener-pro-80-60":{"file":"gutener-white-blog-logo-80x60.png","width":80,"height":60,"mime-type":"image\/png"},"woocommerce_thumbnail":{"file":"gutener-white-blog-logo-300x300.png","width":300,"height":300,"mime-type":"image\/png","uncropped":false},"woocommerce_single":{"file":"gutener-white-blog-logo-600x176.png","width":600,"height":176,"mime-type":"image\/png"},"woocommerce_gallery_thumbnail":{"file":"gutener-white-blog-logo-100x100.png","width":100,"height":100,"mime-type":"image\/png"},"shop_catalog":{"file":"gutener-white-blog-logo-300x300.png","width":300,"height":300,"mime-type":"image\/png"},"shop_single":{"file":"gutener-white-blog-logo-600x176.png","width":600,"height":176,"mime-type":"image\/png"},"shop_thumbnail":{"file":"gutener-white-blog-logo-100x100.png","width":100,"height":100,"mime-type":"image\/png"}},"image_meta":{"aperture":"0","credit":"","camera":"","caption":"","created_timestamp":"0","copyright":"","focal_length":"0","iso":"0","shutter_speed":"0","title":"","orientation":"0","keywords":[]}}},"terms":{"category":[],"post_tag":[],"nav_menu":[],"link_category":[],"post_format":[],"product_type":[],"product_visibility":[],"product_cat":[],"product_tag":[],"product_shipping_class":[]}},{"type_title":"Media","post_id":9,"post_title":"gutener-img-1920x650","post_status":"inherit","post_name":"gutener-img-1920x650","post_content":"","post_excerpt":"","post_parent":0,"menu_order":0,"post_date":"2020-05-31 12:41:43","post_date_gmt":"2020-05-31 12:41:43","guid":"https:\/\/demo.keonthemes.com\/gutener\/demo207\/wp-content\/uploads\/sites\/32\/2020\/05\/gutener-img-1920x650-1.jpg","post_mime_type":"image\/jpeg","meta":{"_wp_attached_file":"2020\/05\/gutener-img-1920x650-1.jpg","_wp_attachment_metadata":{"width":1920,"height":650,"file":"2020\/05\/gutener-img-1920x650-1.jpg","sizes":{"medium":{"file":"gutener-img-1920x650-1-300x102.jpg","width":300,"height":102,"mime-type":"image\/jpeg"},"large":{"file":"gutener-img-1920x650-1-1024x347.jpg","width":1024,"height":347,"mime-type":"image\/jpeg"},"thumbnail":{"file":"gutener-img-1920x650-1-150x150.jpg","width":150,"height":150,"mime-type":"image\/jpeg"},"medium_large":{"file":"gutener-img-1920x650-1-768x260.jpg","width":768,"height":260,"mime-type":"image\/jpeg"},"1536x1536":{"file":"gutener-img-1920x650-1-1536x520.jpg","width":1536,"height":520,"mime-type":"image\/jpeg"},"gutener-pro-1920-550":{"file":"gutener-img-1920x650-1-1920x550.jpg","width":1920,"height":550,"mime-type":"image\/jpeg"},"gutener-pro-1370-550":{"file":"gutener-img-1920x650-1-1370x550.jpg","width":1370,"height":550,"mime-type":"image\/jpeg"},"gutener-pro-590-310":{"file":"gutener-img-1920x650-1-590x310.jpg","width":590,"height":310,"mime-type":"image\/jpeg"},"gutener-pro-420-380":{"file":"gutener-img-1920x650-1-420x380.jpg","width":420,"height":380,"mime-type":"image\/jpeg"},"gutener-pro-420-300":{"file":"gutener-img-1920x650-1-420x300.jpg","width":420,"height":300,"mime-type":"image\/jpeg"},"gutener-pro-290-150":{"file":"gutener-img-1920x650-1-290x150.jpg","width":290,"height":150,"mime-type":"image\/jpeg"},"gutener-pro-80-60":{"file":"gutener-img-1920x650-1-80x60.jpg","width":80,"height":60,"mime-type":"image\/jpeg"},"woocommerce_thumbnail":{"file":"gutener-img-1920x650-1-300x300.jpg","width":300,"height":300,"mime-type":"image\/jpeg","uncropped":false},"woocommerce_single":{"file":"gutener-img-1920x650-1-600x203.jpg","width":600,"height":203,"mime-type":"image\/jpeg"},"woocommerce_gallery_thumbnail":{"file":"gutener-img-1920x650-1-100x100.jpg","width":100,"height":100,"mime-type":"image\/jpeg"},"shop_catalog":{"file":"gutener-img-1920x650-1-300x300.jpg","width":300,"height":300,"mime-type":"image\/jpeg"},"shop_single":{"file":"gutener-img-1920x650-1-600x203.jpg","width":600,"height":203,"mime-type":"image\/jpeg"},"shop_thumbnail":{"file":"gutener-img-1920x650-1-100x100.jpg","width":100,"height":100,"mime-type":"image\/jpeg"}},"image_meta":{"aperture":"0","credit":"","camera":"","caption":"","created_timestamp":"0","copyright":"","focal_length":"0","iso":"0","shutter_speed":"0","title":"","orientation":"0","keywords":[]}}},"terms":{"category":[],"post_tag":[],"nav_menu":[],"link_category":[],"post_format":[],"product_type":[],"product_visibility":[],"product_cat":[],"product_tag":[],"product_shipping_class":[]}},{"type_title":"Media","post_id":3,"post_title":"woocommerce-placeholder","post_status":"inherit","post_name":"woocommerce-placeholder","post_content":"","post_excerpt":"","post_parent":0,"menu_order":0,"post_date":"2020-05-31 12:05:40","post_date_gmt":"2020-05-31 12:05:40","guid":"https:\/\/demo.keonthemes.com\/gutener\/demo207\/wp-content\/uploads\/sites\/32\/2020\/05\/woocommerce-placeholder.png","post_mime_type":"image\/png","meta":{"_wp_attached_file":"woocommerce-placeholder.png","_wp_attachment_metadata":{"width":1200,"height":1200,"file":"woocommerce-placeholder.png","sizes":{"medium":{"file":"woocommerce-placeholder-300x300.png","width":300,"height":300,"mime-type":"image\/png"},"large":{"file":"woocommerce-placeholder-1024x1024.png","width":1024,"height":1024,"mime-type":"image\/png"},"thumbnail":{"file":"woocommerce-placeholder-150x150.png","width":150,"height":150,"mime-type":"image\/png"},"medium_large":{"file":"woocommerce-placeholder-768x768.png","width":768,"height":768,"mime-type":"image\/png"}},"image_meta":{"aperture":"0","credit":"","camera":"","caption":"","created_timestamp":"0","copyright":"","focal_length":"0","iso":"0","shutter_speed":"0","title":"","orientation":"0","keywords":[]}}},"terms":{"category":[],"post_tag":[],"nav_menu":[],"link_category":[],"post_format":[],"product_type":[],"product_visibility":[],"product_cat":[],"product_tag":[],"product_shipping_class":[]}}],"post":[{"type_title":"Posts","post_id":1,"post_title":"Hello world!","post_status":"publish","post_name":"hello-world","post_content":"Welcome to <a href=\"http:\/\/demo.keonthemes.com\/gutener\/\">Gutener Demos<\/a>. This is your first post. Edit or delete it, then start writing!","post_excerpt":"","post_parent":0,"menu_order":0,"post_date":"2020-05-31 12:04:41","post_date_gmt":"2020-05-31 12:04:41","guid":"https:\/\/demo.keonthemes.com\/gutener\/demo207\/?p=1","post_mime_type":"","meta":[],"terms":{"category":[{"term_id":1,"name":"Uncategorized","slug":"uncategorized","term_group":0,"term_taxonomy_id":1,"taxonomy":"category","description":"","parent":0,"count":1,"filter":"raw","meta":[]}],"post_tag":[],"nav_menu":[],"link_category":[],"post_format":[],"product_type":[],"product_visibility":[],"product_cat":[],"product_tag":[],"product_shipping_class":[]}}],"page":[{"type_title":"Pages","post_id":2,"post_title":"Sample Page","post_status":"publish","post_name":"sample-page","post_content":"<!-- wp:paragraph -->\n<p>This is an example page. It's different from a blog post because it will stay in one place and will show up in your site navigation (in most themes). Most people start with an About page that introduces them to potential site visitors. It might say something like this:<\/p>\n<!-- \/wp:paragraph -->\n\n<!-- wp:quote -->\n<blockquote class=\"wp-block-quote\"><p>Hi there! I'm a bike messenger by day, aspiring actor by night, and this is my website. I live in Los Angeles, have a great dog named Jack, and I like pi&#241;a coladas. (And gettin' caught in the rain.)<\/p><\/blockquote>\n<!-- \/wp:quote -->\n\n<!-- wp:paragraph -->\n<p>...or something like this:<\/p>\n<!-- \/wp:paragraph -->\n\n<!-- wp:quote -->\n<blockquote class=\"wp-block-quote\"><p>The XYZ Doohickey Company was founded in 1971, and has been providing quality doohickeys to the public ever since. Located in Gotham City, XYZ employs over 2,000 people and does all kinds of awesome things for the Gotham community.<\/p><\/blockquote>\n<!-- \/wp:quote -->\n\n<!-- wp:paragraph -->\n<p>As a new WordPress user, you should go to <a href=\"https:\/\/demo.keonthemes.com\/gutener\/demo207\/wp-admin\/\">your dashboard<\/a> to delete this page and create new pages for your content. Have fun!<\/p>\n<!-- \/wp:paragraph -->","post_excerpt":"","post_parent":0,"menu_order":0,"post_date":"2020-05-31 12:04:41","post_date_gmt":"2020-05-31 12:04:41","guid":"https:\/\/demo.keonthemes.com\/gutener\/demo207\/?page_id=2","post_mime_type":"","meta":{"_wp_page_template":"default"},"terms":{"category":[],"post_tag":[],"nav_menu":[],"link_category":[],"post_format":[],"product_type":[],"product_visibility":[],"product_cat":[],"product_tag":[],"product_shipping_class":[]}}],"nav_menu_item":[],"custom_css":[],"wp_block":[],"product":[],"product_variation":[],"shop_order":[],"shop_order_refund":[],"shop_coupon":[],"wpcf7_contact_form":[],"mc4wp-form":[]}