{"options":{"blogname":"Gutener Coming Soon Page","blogname-child":"Gutener Coming Soon Page","blogdescription":"Just another Gutener Demos site","blogdescription-child":"Just another Gutener Demos site","posts_per_page":"10","posts_per_page-child":"10","date_format":"F j, Y","date_format-child":"F j, Y","time_format":"g:i a","time_format-child":"g:i a","show_on_front":"posts","show_on_front-child":"posts","thumbnail_size_w":"150","thumbnail_size_w-child":"150","thumbnail_size_h":"150","thumbnail_size_h-child":"150","thumbnail_crop":"1","thumbnail_crop-child":"1","medium_size_w":"300","medium_size_w-child":"300","medium_size_h":"300","medium_size_h-child":"300","avatar_default":"mystery","avatar_default-child":"mystery","large_size_w":"1024","large_size_w-child":"1024","large_size_h":"1024","large_size_h-child":"1024","page_for_posts":"0","page_for_posts-child":"0","page_on_front":"0","page_on_front-child":"0","medium_large_size_w":"768","medium_large_size_w-child":"768","medium_large_size_h":"0","medium_large_size_h-child":"0","woocommerce_shop_page_id":"","woocommerce_shop_page_id-child":"","theme_mods_gutener-pro":{"0":false,"custom_css_post_id":-1,"header_image_slider":[],"social_media_links":[{"icon":"fab fa-facebook-f","link":"#"},{"icon":"fab fa-twitter","link":"#"},{"icon":"fab fa-instagram","link":"#"},{"icon":"fab fa-skype","link":"#"},{"icon":"fab fa-youtube","link":"#"}],"main_banner_buttons":[{"text":"Button Text","link":"#","type":"button-outline"}],"disable_coming_maintenance":false,"coming_maintenance_buttons":[{"text":"More Info","link":"#","type":"button-outline"},{"text":"View More","link":"#","type":"button-primary"}],"coming_maintenance_image_height":"550","coming_maintenance_image_slider":[{"slider_item":9},{"slider_item":34}],"disable_coming_maintenance_contact_details":true,"disable_coming_maintenance_social_links":false,"logo_width":"320","custom_logo":12,"disable_site_title":true,"coming_maintenance_background_color":"rgba(22,22,22,0.5)","coming_maintenance_text_color":"#ffffff","coming_maintenance_image_size":"norepeat","coming_maintenance_media_options":"slider","coming_maintenance_video_upload":"","disable_coming_maintenance_slider_arrows":false,"disable_coming_maintenance_slider_dots":true},"theme_mods_gutener-pro-child":{"0":false,"nav_menu_locations":[],"custom_css_post_id":-1,"header_image_slider":[],"social_media_links":[{"icon":"fab fa-facebook-f","link":"#"},{"icon":"fab fa-twitter","link":"#"},{"icon":"fab fa-instagram","link":"#"},{"icon":"fab fa-skype","link":"#"},{"icon":"fab fa-youtube","link":"#"}],"main_banner_buttons":[{"text":"Button Text","link":"#","type":"button-outline"}],"disable_coming_maintenance":false,"coming_maintenance_buttons":[{"text":"More Info","link":"#","type":"button-outline"},{"text":"View More","link":"#","type":"button-primary"}],"coming_maintenance_image_height":"550","coming_maintenance_image_slider":[{"slider_item":9},{"slider_item":34}],"disable_coming_maintenance_contact_details":true,"disable_coming_maintenance_social_links":false,"logo_width":"320","custom_logo":12,"disable_site_title":true,"coming_maintenance_background_color":"rgba(22,22,22,0.5)","coming_maintenance_text_color":"#ffffff","coming_maintenance_image_size":"norepeat","coming_maintenance_media_options":"slider","coming_maintenance_video_upload":"","disable_coming_maintenance_slider_arrows":false,"disable_coming_maintenance_slider_dots":true}}}