{"widget_positions":{"wp_inactive_widgets":[],"menu-sidebar":["search-2","recent-posts-2","recent-comments-2"],"left-sidebar":["archives-2","categories-2","meta-2"],"right-sidebar":[],"footer-sidebar-1":[],"footer-sidebar-2":[],"footer-sidebar-3":[],"footer-sidebar-4":[],"array_version":3},"widget_options":{"search":{"2":{"title":""},"_multiwidget":1},"recent-posts":{"2":{"title":"","number":5},"_multiwidget":1},"recent-comments":{"2":{"title":"","number":5},"_multiwidget":1},"archives":{"2":{"title":"","count":0,"dropdown":0},"_multiwidget":1},"categories":{"2":{"title":"","count":0,"hierarchical":0,"dropdown":0},"_multiwidget":1},"meta":{"2":{"title":""},"_multiwidget":1}}}