{"menu":{"menu-2":6,"menu-1":5},"options":{"blogname":"Bosa Portfolio","blogname-child":"Bosa Portfolio","blogdescription":"Bosa is the perfect theme for your Business","blogdescription-child":"Bosa is the perfect theme for your Business","posts_per_page":"10","posts_per_page-child":"10","date_format":"F j, Y","date_format-child":"F j, Y","time_format":"g:i a","time_format-child":"g:i a","show_on_front":"page","show_on_front-child":"page","thumbnail_size_w":"150","thumbnail_size_w-child":"150","thumbnail_size_h":"150","thumbnail_size_h-child":"150","thumbnail_crop":"1","thumbnail_crop-child":"1","medium_size_w":"300","medium_size_w-child":"300","medium_size_h":"300","medium_size_h-child":"300","avatar_default":"mystery","avatar_default-child":"mystery","large_size_w":"1024","large_size_w-child":"1024","large_size_h":"1024","large_size_h-child":"1024","page_for_posts":"22","page_for_posts-child":"22","page_on_front":"33","page_on_front-child":"33","medium_large_size_w":"768","medium_large_size_w-child":"768","medium_large_size_h":"0","medium_large_size_h-child":"0","theme_mods_bosa-pro":{"0":false,"custom_css_post_id":7,"header_layout":"header_one","header_image_slider":[{"slider_item":""}],"social_media_links":[{"icon":"fab fa-facebook","link":"#","target":true},{"icon":"fab fa-twitter","link":"#","target":true},{"icon":"fab fa-google","link":"#","target":true},{"icon":"fab fa-instagram","link":"#","target":true},{"icon":"fab fa-pinterest","link":"#","target":true}],"main_banner_buttons":[{"text":"Button Text","link":"#","type":"button-outline"}],"coming_maintenance_buttons":[{"maintenance_btn_type":"button-outline","maintenance_btn_bg_color":"#ffb912","maintenance_btn_border_color":"#ffb912","maintenance_btn_text_color":"#ffb912","maintenance_btn_hover_color":"#ffb912","maintenance_btn_text":"learn more","maintenance_btn_link":"#","maintenance_btn_target":true,"maintenance_btn_radius":0}],"coming_maintenance_image_slider":[],"bottom_header_background_color":"#0b0d0c","top_header_background_color":"rgba(255,185,18,0)","disable_header_border":true,"header_image_height":"100","header_button_background_color":"#ffb912","site_title_color":"#ffffff","site_tagline_color":"#e1dfdf","header_button_text":"HIRE ME","header_button_link":"#","disable_notification_bar":true,"disable_search_icon":true,"disable_hamburger_menu_icon":true,"bottom_header_text_color":"#ffffff","footer_image":"","disable_footer_parallax_scrolling":true,"top_footer_background_color":"rgba(11,13,12,0.98)","bottom_footer_background_color":"rgba(11,13,12,0.98)","bottom_footer_text_color":"#bababa","disable_footer_widget":false,"bottom_footer_text_link_color":"#e6e6e6","bottom_footer_text_link_hover_color":"#ffb912","footer_layout":"footer_six","site_hover_color":"#d6880a","skin_select":"dark","main_slider_height":"600","slider_category":"4","disable_highlight_posts_section":false,"highlight_posts_posts_number":"3","blog_post_category_color":"#ffb912","blog_post_title_color":"#f9f9f9","blog_post_text_color":"#7a7a7a","hide_post_button":true,"blog_post_button_color":"#ffb912","post_button_type":"button-outline","post_button_border_radius":"0","site_heading_text_color":"#f1f1f1","header_textcolor":"#f1f1f1","site_body_text_color":"#7a7a7a","hide_slider_button":false,"advanced_import_setup_complete":1601354970,"logo_width":"170","disable_header_button":false,"header_button_text_color":"#ffb912","header_button_type":"button-outline","header_button_border_radius":"0","site_primary_color":"#ffb912","main_slider_button_border_radius":"0","site_title_font_control":{"font-family":"Playfair Display","font-size":"26px","text-transform":"none","font-backup":"","variant":"regular","font-weight":400,"font-style":"normal"},"site_description_font_control":{"font-family":"Rubik","font-size":"14px","text-transform":"none","font-backup":"","variant":"regular","font-weight":400,"font-style":"normal"},"main_menu_font_control":{"font-family":"Playfair Display","font-size":"15px","text-transform":"none","variant":"700","line-height":"1.5","font-backup":"","font-weight":700,"font-style":"normal"},"blog_page_title_font_control":{"font-family":"Playfair Display","font-size":"21px","text-transform":"none","font-backup":"","variant":"700","font-weight":700,"font-style":"normal"},"body_font_control":{"font-family":"Rubik","font-size":"15px","font-backup":"","variant":"regular","font-weight":400,"font-style":"normal"},"general_title_font_control":{"font-family":"Playfair Display","text-transform":"none","font-backup":"","variant":"700","font-weight":700,"font-style":"normal"},"page_title_font_control":{"font-family":"Playfair Display","font-size":"35px","text-transform":"capitalize","font-backup":"","variant":"700","font-weight":700,"font-style":"normal"},"section_title_font_control":{"font-family":"Playfair Display","font-size":"26px","text-transform":"none","font-backup":"","variant":"700","font-weight":700,"font-style":"normal"},"disable_site_title":true,"disable_site_tagline":true,"header_button_repeater":[{"header_btn_type":"button-outline","header_btn_bg_color":"#ffb912","header_btn_border_color":"#ffffff","header_btn_text_color":"#ffffff","header_btn_hover_color":"#ffb912","header_btn_text":"hire me","header_btn_link":"#","header_btn_target":true,"header_btn_radius":0}],"social_icons_size":"18","footer_text":"Copyright \u00a9 2021<a href=\"https:\/\/demo.bosathemes.com\/bosa\/portfolio\" title=\"Bosa Portfoliol \"> Bosa Portfolio<\/a> .  Theme: <a href=\"https:\/\/bosathemes.com\/\" target=\"_blank\" title=\"Bosa\" rel=\"author\">Bosa<\/a> By KeonThemes.","top_header_text_link_hover_color":"#ffb912","bottom_header_text_link_hover_color":"#ffb912","main_slider_font_control":{"font-family":"Playfair Display SC","variant":"700","font-size":"50px","text-transform":"uppercase","line-height":"1.4","font-backup":"","font-weight":700,"font-style":"normal"},"blog_post_title_font_control":{"font-family":"Playfair Display","variant":"600","font-size":"22px","text-transform":"none","line-height":"1.4","font-backup":"","font-weight":600,"font-style":"normal"},"blog_post_button_text_color":"#ffffff","feature_posts_title_font_control":{"font-family":"Playfair Display","variant":"600","font-size":"22px","text-transform":"none","line-height":"1.4","font-backup":"","font-weight":600,"font-style":"normal"},"feature_posts_columns":"four_columns","feature_posts_height":"250","feature_posts_font_control":{"font-family":"Playfair Display","variant":"700","font-size":"18px","text-transform":"capitalize","line-height":"1.4","font-backup":"","font-weight":700,"font-style":"normal"},"sidebar_widget_title_font_control":{"font-family":"Playfair Display","variant":"600","font-size":"15px","text-transform":"uppercase","line-height":"1.4","font-backup":"","font-weight":600,"font-style":"normal"},"footer_style_font_control":{"font-family":"Playfair Display","variant":"600","font-size":"15px","text-transform":"none","line-height":"1.6","font-backup":"","font-weight":600,"font-style":"normal"},"disable_header_slider_arrows":true,"top_header_text_color":"#e0e0e0","highlight_posts_section_title":"More Post To Read","transparent_header_button_repeater":[{"transparent_header_btn_type":"button-outline","transparent_header_home_btn_bg_color":"#eb5a3e","transparent_header_home_btn_border_color":"#ffffff","transparent_header_home_btn_text_color":"#ffffff","transparent_header_btn_bg_color":"#eb5a3e","transparent_header_btn_border_color":"#1a1a1a","transparent_header_btn_text_color":"#1a1a1a","transparent_header_btn_hover_color":"#086abd","transparent_header_btn_text":"Get a Quote","transparent_header_btn_link":"#","transparent_header_btn_target":true,"transparent_header_btn_radius":0}],"notification_button_repeater":[{"noti_btn_type":"button-outline","noti_btn_bg_color":"#ffb912","noti_btn_border_color":"#ffffff","noti_btn_text_color":"#ffffff","noti_btn_hover_color":"#ffb912","noti_btn_text":"View More","noti_btn_link":"#","noti_btn_target":true,"noti_btn_radius":0}],"main_slider_button_repeater":[{"slider_btn_type":"button-outline","slider_btn_bg_color":"#ffb912","slider_btn_border_color":"#ffb912","slider_btn_text_color":"#ffb912","slider_btn_hover_color":"#ffb912","slider_btn_text":"Learn More","slider_btn_radius":0}],"main_banner_buttons_repeater":[{"banner_btn_type":"button-outline","banner_btn_bg_color":"#ffb912","banner_btn_border_color":"#ffb912","banner_btn_text_color":"#ffb912","banner_btn_hover_color":"#ffb912","banner_btn_text":"Learn More","banner_btn_link":"#","banner_btn_target":true,"banner_btn_radius":0}],"blog_page_button_repeater":[{"blog_btn_type":"button-outline","blog_btn_bg_color":"#ffb912","blog_btn_border_color":"#ffb912","blog_btn_text_color":"#ffb912","blog_btn_hover_color":"#ffb912","blog_btn_text":"View More","blog_btn_radius":0}],"header_buttons_font_control":{"font-family":"Rubik","variant":"600","font-size":"14px","text-transform":"uppercase","line-height":"1","font-backup":"","font-weight":600,"font-style":"normal"},"separate_hover_color_for_main_slider":"#ffb912","main_slider_cat_font_control":{"font-family":"Rubik","variant":"regular","font-size":"15px","text-transform":"uppercase","line-height":"1.6","font-backup":"","font-weight":400,"font-style":"normal"},"main_slider_title_font_control":{"font-family":"Playfair Display","variant":"700","font-size":"50px","text-transform":"uppercase","line-height":"1.4","font-backup":"","font-weight":700,"font-style":"normal"},"main_slider_meta_font_control":{"font-family":"Rubik","variant":"regular","font-size":"13px","text-transform":"capitalize","line-height":"1.6","font-backup":"","font-weight":400,"font-style":"normal"},"main_slider_excerpt_font_control":{"font-family":"Rubik","variant":"regular","font-size":"15px","text-transform":"initial","line-height":"1.8","font-backup":"","font-weight":400,"font-style":"normal"},"main_slider_button_font_control":{"font-family":"Rubik","variant":"500","font-size":"15px","text-transform":"uppercase","line-height":"1.5","font-backup":"","font-weight":500,"font-style":"normal"},"feature_posts_overlay_opacity":"5","highlight_posts_cat_font_control":{"font-family":"Rubik","variant":"regular","font-size":"12px","text-transform":"uppercase","line-height":"1","font-backup":"","font-weight":400,"font-style":"normal"},"highlight_posts_title_font_control":{"font-family":"Playfair Display","variant":"500","font-size":"20px","text-transform":"capitalize","line-height":"1.4","font-backup":"","font-weight":500,"font-style":"normal"},"highlight_posts_meta_font_control":{"font-family":"Rubik","variant":"regular","font-size":"13px","text-transform":"capitalize","line-height":"1.6","font-backup":"","font-weight":400,"font-style":"normal"},"blog_post_cat_font_control":{"font-family":"Rubik","variant":"regular","font-size":"13px","text-transform":"uppercase","line-height":"1.6","font-backup":"","font-weight":400,"font-style":"normal"},"blog_post_excerpt_font_control":{"font-family":"Rubik","variant":"regular","font-size":"15px","text-transform":"initial","line-height":"1.8","font-backup":"","font-weight":400,"font-style":"normal"},"blog_post_button_font_control":{"font-family":"Rubik","variant":"regular","font-size":"14px","text-transform":"uppercase","line-height":"1.6","font-backup":"","font-weight":400,"font-style":"normal"},"post_excerpt_length":"20","contact_phone":"+ 1987 123456","contact_email":"yourmail@email.com","contact_address":"Rock Street, San Francisco","disable_sticky_sidebar":false,"notification_bar_background_color":"#ffb912","notification_bar_buttons_font_control":{"font-family":"Rubik","variant":"regular","font-size":"13px","text-transform":"uppercase","line-height":"1","font-backup":"","font-weight":400,"font-style":"normal"},"main_slider_controls":"slider","main_banner_button_font_control":{"font-family":"Rubik","variant":"500","font-size":"15px","text-transform":"uppercase","line-height":"1","font-backup":"","font-weight":500,"font-style":"normal"},"maintenance_buttons_font_control":{"font-family":"Rubik","variant":"regular","font-size":"15px","text-transform":"uppercase","line-height":"1","font-backup":"","font-weight":400,"font-style":"normal"},"preloader_custom_image_width":"40","preloader_animation":"animation_six","disable_fixed_header":true,"custom_logo":261,"feature_posts_text_alignment":"text-center","feature_posts_title_alignment":"align-center","hide_featured_posts_category":true,"hide_featured_posts_date":true,"hide_featured_posts_author":true,"hide_featured_posts_comment":true,"highlight_posts_section_title_font_control":{"font-family":"Playfair Display","variant":"600","font-size":"24px","text-transform":"none","line-height":"1.2","font-backup":"","font-weight":600,"font-style":"normal"},"highlight_post_title_color":"#ffffff","highlight_post_category_bgcolor":"#fdb817","featured_post_hover_color":"#ffb912","highlight_post_hover_color":"#ffb912","highlight_post_category_color":"#ffffff"},"theme_mods_bosa-pro-child":{"0":false,"custom_css_post_id":7,"header_layout":"header_one","header_image_slider":[{"slider_item":""}],"social_media_links":[{"icon":"fab fa-facebook","link":"#","target":true},{"icon":"fab fa-twitter","link":"#","target":true},{"icon":"fab fa-google","link":"#","target":true},{"icon":"fab fa-instagram","link":"#","target":true},{"icon":"fab fa-pinterest","link":"#","target":true}],"main_banner_buttons":[{"text":"Button Text","link":"#","type":"button-outline"}],"coming_maintenance_buttons":[{"maintenance_btn_type":"button-outline","maintenance_btn_bg_color":"#ffb912","maintenance_btn_border_color":"#ffb912","maintenance_btn_text_color":"#ffb912","maintenance_btn_hover_color":"#ffb912","maintenance_btn_text":"learn more","maintenance_btn_link":"#","maintenance_btn_target":true,"maintenance_btn_radius":0}],"coming_maintenance_image_slider":[],"bottom_header_background_color":"#0b0d0c","top_header_background_color":"rgba(255,185,18,0)","disable_header_border":true,"header_image_height":"100","header_button_background_color":"#ffb912","site_title_color":"#ffffff","site_tagline_color":"#e1dfdf","header_button_text":"HIRE ME","header_button_link":"#","disable_notification_bar":true,"disable_search_icon":true,"disable_hamburger_menu_icon":true,"bottom_header_text_color":"#ffffff","footer_image":"","disable_footer_parallax_scrolling":true,"top_footer_background_color":"rgba(11,13,12,0.98)","bottom_footer_background_color":"rgba(11,13,12,0.98)","bottom_footer_text_color":"#bababa","disable_footer_widget":false,"bottom_footer_text_link_color":"#e6e6e6","bottom_footer_text_link_hover_color":"#ffb912","footer_layout":"footer_six","site_hover_color":"#d6880a","skin_select":"dark","main_slider_height":"600","slider_category":"4","disable_highlight_posts_section":false,"highlight_posts_posts_number":"3","blog_post_category_color":"#ffb912","blog_post_title_color":"#f9f9f9","blog_post_text_color":"#7a7a7a","hide_post_button":true,"blog_post_button_color":"#ffb912","post_button_type":"button-outline","post_button_border_radius":"0","site_heading_text_color":"#f1f1f1","header_textcolor":"#f1f1f1","site_body_text_color":"#7a7a7a","hide_slider_button":false,"nav_menu_locations":{"menu-2":6,"menu-1":5},"advanced_import_setup_complete":1601354970,"logo_width":"170","disable_header_button":false,"header_button_text_color":"#ffb912","header_button_type":"button-outline","header_button_border_radius":"0","site_primary_color":"#ffb912","main_slider_button_border_radius":"0","site_title_font_control":{"font-family":"Playfair Display","font-size":"26px","text-transform":"none","font-backup":"","variant":"regular","font-weight":400,"font-style":"normal"},"site_description_font_control":{"font-family":"Rubik","font-size":"14px","text-transform":"none","font-backup":"","variant":"regular","font-weight":400,"font-style":"normal"},"main_menu_font_control":{"font-family":"Playfair Display","font-size":"15px","text-transform":"none","variant":"700","line-height":"1.5","font-backup":"","font-weight":700,"font-style":"normal"},"blog_page_title_font_control":{"font-family":"Playfair Display","font-size":"21px","text-transform":"none","font-backup":"","variant":"700","font-weight":700,"font-style":"normal"},"body_font_control":{"font-family":"Rubik","font-size":"15px","font-backup":"","variant":"regular","font-weight":400,"font-style":"normal"},"general_title_font_control":{"font-family":"Playfair Display","text-transform":"none","font-backup":"","variant":"700","font-weight":700,"font-style":"normal"},"page_title_font_control":{"font-family":"Playfair Display","font-size":"35px","text-transform":"capitalize","font-backup":"","variant":"700","font-weight":700,"font-style":"normal"},"section_title_font_control":{"font-family":"Playfair Display","font-size":"26px","text-transform":"none","font-backup":"","variant":"700","font-weight":700,"font-style":"normal"},"disable_site_title":true,"disable_site_tagline":true,"header_button_repeater":[{"header_btn_type":"button-outline","header_btn_bg_color":"#ffb912","header_btn_border_color":"#ffffff","header_btn_text_color":"#ffffff","header_btn_hover_color":"#ffb912","header_btn_text":"hire me","header_btn_link":"#","header_btn_target":true,"header_btn_radius":0}],"social_icons_size":"18","footer_text":"Copyright \u00a9 2021<a href=\"https:\/\/demo.bosathemes.com\/bosa\/portfolio\" title=\"Bosa Portfoliol \"> Bosa Portfolio<\/a> .  Theme: <a href=\"https:\/\/bosathemes.com\/\" target=\"_blank\" title=\"Bosa\" rel=\"author\">Bosa<\/a> By KeonThemes.","top_header_text_link_hover_color":"#ffb912","bottom_header_text_link_hover_color":"#ffb912","main_slider_font_control":{"font-family":"Playfair Display SC","variant":"700","font-size":"50px","text-transform":"uppercase","line-height":"1.4","font-backup":"","font-weight":700,"font-style":"normal"},"blog_post_title_font_control":{"font-family":"Playfair Display","variant":"600","font-size":"22px","text-transform":"none","line-height":"1.4","font-backup":"","font-weight":600,"font-style":"normal"},"blog_post_button_text_color":"#ffffff","feature_posts_title_font_control":{"font-family":"Playfair Display","variant":"600","font-size":"22px","text-transform":"none","line-height":"1.4","font-backup":"","font-weight":600,"font-style":"normal"},"feature_posts_columns":"four_columns","feature_posts_height":"250","feature_posts_font_control":{"font-family":"Playfair Display","variant":"700","font-size":"18px","text-transform":"capitalize","line-height":"1.4","font-backup":"","font-weight":700,"font-style":"normal"},"sidebar_widget_title_font_control":{"font-family":"Playfair Display","variant":"600","font-size":"15px","text-transform":"uppercase","line-height":"1.4","font-backup":"","font-weight":600,"font-style":"normal"},"footer_style_font_control":{"font-family":"Playfair Display","variant":"600","font-size":"15px","text-transform":"none","line-height":"1.6","font-backup":"","font-weight":600,"font-style":"normal"},"disable_header_slider_arrows":true,"top_header_text_color":"#e0e0e0","highlight_posts_section_title":"More Post To Read","transparent_header_button_repeater":[{"transparent_header_btn_type":"button-outline","transparent_header_home_btn_bg_color":"#eb5a3e","transparent_header_home_btn_border_color":"#ffffff","transparent_header_home_btn_text_color":"#ffffff","transparent_header_btn_bg_color":"#eb5a3e","transparent_header_btn_border_color":"#1a1a1a","transparent_header_btn_text_color":"#1a1a1a","transparent_header_btn_hover_color":"#086abd","transparent_header_btn_text":"Get a Quote","transparent_header_btn_link":"#","transparent_header_btn_target":true,"transparent_header_btn_radius":0}],"notification_button_repeater":[{"noti_btn_type":"button-outline","noti_btn_bg_color":"#ffb912","noti_btn_border_color":"#ffffff","noti_btn_text_color":"#ffffff","noti_btn_hover_color":"#ffb912","noti_btn_text":"View More","noti_btn_link":"#","noti_btn_target":true,"noti_btn_radius":0}],"main_slider_button_repeater":[{"slider_btn_type":"button-outline","slider_btn_bg_color":"#ffb912","slider_btn_border_color":"#ffb912","slider_btn_text_color":"#ffb912","slider_btn_hover_color":"#ffb912","slider_btn_text":"Learn More","slider_btn_radius":0}],"main_banner_buttons_repeater":[{"banner_btn_type":"button-outline","banner_btn_bg_color":"#ffb912","banner_btn_border_color":"#ffb912","banner_btn_text_color":"#ffb912","banner_btn_hover_color":"#ffb912","banner_btn_text":"Learn More","banner_btn_link":"#","banner_btn_target":true,"banner_btn_radius":0}],"blog_page_button_repeater":[{"blog_btn_type":"button-outline","blog_btn_bg_color":"#ffb912","blog_btn_border_color":"#ffb912","blog_btn_text_color":"#ffb912","blog_btn_hover_color":"#ffb912","blog_btn_text":"View More","blog_btn_radius":0}],"header_buttons_font_control":{"font-family":"Rubik","variant":"600","font-size":"14px","text-transform":"uppercase","line-height":"1","font-backup":"","font-weight":600,"font-style":"normal"},"separate_hover_color_for_main_slider":"#ffb912","main_slider_cat_font_control":{"font-family":"Rubik","variant":"regular","font-size":"15px","text-transform":"uppercase","line-height":"1.6","font-backup":"","font-weight":400,"font-style":"normal"},"main_slider_title_font_control":{"font-family":"Playfair Display","variant":"700","font-size":"50px","text-transform":"uppercase","line-height":"1.4","font-backup":"","font-weight":700,"font-style":"normal"},"main_slider_meta_font_control":{"font-family":"Rubik","variant":"regular","font-size":"13px","text-transform":"capitalize","line-height":"1.6","font-backup":"","font-weight":400,"font-style":"normal"},"main_slider_excerpt_font_control":{"font-family":"Rubik","variant":"regular","font-size":"15px","text-transform":"initial","line-height":"1.8","font-backup":"","font-weight":400,"font-style":"normal"},"main_slider_button_font_control":{"font-family":"Rubik","variant":"500","font-size":"15px","text-transform":"uppercase","line-height":"1.5","font-backup":"","font-weight":500,"font-style":"normal"},"feature_posts_overlay_opacity":"5","highlight_posts_cat_font_control":{"font-family":"Rubik","variant":"regular","font-size":"12px","text-transform":"uppercase","line-height":"1","font-backup":"","font-weight":400,"font-style":"normal"},"highlight_posts_title_font_control":{"font-family":"Playfair Display","variant":"500","font-size":"20px","text-transform":"capitalize","line-height":"1.4","font-backup":"","font-weight":500,"font-style":"normal"},"highlight_posts_meta_font_control":{"font-family":"Rubik","variant":"regular","font-size":"13px","text-transform":"capitalize","line-height":"1.6","font-backup":"","font-weight":400,"font-style":"normal"},"blog_post_cat_font_control":{"font-family":"Rubik","variant":"regular","font-size":"13px","text-transform":"uppercase","line-height":"1.6","font-backup":"","font-weight":400,"font-style":"normal"},"blog_post_excerpt_font_control":{"font-family":"Rubik","variant":"regular","font-size":"15px","text-transform":"initial","line-height":"1.8","font-backup":"","font-weight":400,"font-style":"normal"},"blog_post_button_font_control":{"font-family":"Rubik","variant":"regular","font-size":"14px","text-transform":"uppercase","line-height":"1.6","font-backup":"","font-weight":400,"font-style":"normal"},"post_excerpt_length":"20","contact_phone":"+ 1987 123456","contact_email":"yourmail@email.com","contact_address":"Rock Street, San Francisco","disable_sticky_sidebar":false,"notification_bar_background_color":"#ffb912","notification_bar_buttons_font_control":{"font-family":"Rubik","variant":"regular","font-size":"13px","text-transform":"uppercase","line-height":"1","font-backup":"","font-weight":400,"font-style":"normal"},"main_slider_controls":"slider","main_banner_button_font_control":{"font-family":"Rubik","variant":"500","font-size":"15px","text-transform":"uppercase","line-height":"1","font-backup":"","font-weight":500,"font-style":"normal"},"maintenance_buttons_font_control":{"font-family":"Rubik","variant":"regular","font-size":"15px","text-transform":"uppercase","line-height":"1","font-backup":"","font-weight":400,"font-style":"normal"},"preloader_custom_image_width":"40","preloader_animation":"animation_six","disable_fixed_header":true,"custom_logo":261,"feature_posts_text_alignment":"text-center","feature_posts_title_alignment":"align-center","hide_featured_posts_category":true,"hide_featured_posts_date":true,"hide_featured_posts_author":true,"hide_featured_posts_comment":true,"highlight_posts_section_title_font_control":{"font-family":"Playfair Display","variant":"600","font-size":"24px","text-transform":"none","line-height":"1.2","font-backup":"","font-weight":600,"font-style":"normal"},"highlight_post_title_color":"#ffffff","highlight_post_category_bgcolor":"#fdb817","featured_post_hover_color":"#ffb912","highlight_post_hover_color":"#ffb912","highlight_post_category_color":"#ffffff"},"woocommerce_shop_page_id":"119","woocommerce_shop_page_id-child":"119"}}