{"widget_positions":{"wp_inactive_widgets":[],"menu-sidebar":["search-2","recent-posts-2","recent-comments-2"],"left-sidebar":["archives-2","categories-2","meta-2"],"right-sidebar":["bosa_pro_author_widget-2","bosa_pro_latest_post-2","calendar-2","media_gallery-5"],"woocommerce-left-sidebar":[],"woocommerce-right-sidebar":["woocommerce_product_search-2","woocommerce_price_filter-2","woocommerce_product_categories-2","media_gallery-3"],"footer-sidebar-1":[],"footer-sidebar-2":[],"footer-sidebar-3":[],"footer-sidebar-4":[],"array_version":3},"widget_options":{"search":{"2":{"title":""},"_multiwidget":1},"recent-posts":{"2":{"title":"","number":5},"_multiwidget":1},"recent-comments":{"2":{"title":"","number":5},"_multiwidget":1},"archives":{"2":{"title":"","count":0,"dropdown":0},"_multiwidget":1},"categories":{"2":{"title":"","count":0,"hierarchical":0,"dropdown":0},"_multiwidget":1},"meta":{"2":{"title":""},"_multiwidget":1},"bosa_pro_author_widget":{"2":{"title":"About Me","page_id":20,"full-square-thumb":false,"page_title":true,"excerpt_count":"20","sub_title":"","social_title":null,"social_desc":null,"social_menu_icon_1":"fab fa-facebook","social_menu_link_1":"#","social_menu_icon_2":"fab fa-twitter","social_menu_link_2":"#","social_menu_icon_3":"fab fa-instagram","social_menu_link_3":"#","social_menu_icon_4":"","social_menu_link_4":"","social_menu_icon_5":"","social_menu_link_5":"","social_menu_icon_6":"","social_menu_link_6":"","social_menu_icon_7":"","social_menu_link_7":"","social_menu_icon_8":"","social_menu_link_8":"","social_menu_icon_9":"","social_menu_link_9":""},"_multiwidget":1},"bosa_pro_latest_post":{"2":{"title":"Latest posts","per_page":"3","show_date_comment":true,"layout":"left"},"_multiwidget":1},"calendar":{"2":{"title":"Calender"},"_multiwidget":1,"4":{"title":""}},"media_gallery":{"2":{"title":"Gallery","ids":[94,93,92,91,64,61],"columns":3,"size":"thumbnail","link_type":"post","orderby_random":false},"3":{"title":"Gallery","ids":[134,133,132,131,130,129],"columns":3,"size":"thumbnail","link_type":"post","orderby_random":false},"_multiwidget":1,"5":{"title":"Gallery","ids":[143,142,140,138,91,61],"columns":3,"size":"thumbnail","link_type":"post","orderby_random":false}},"woocommerce_product_search":{"2":{"title":"Product search"},"_multiwidget":1},"woocommerce_price_filter":{"2":{"title":"Filter by price"},"_multiwidget":1},"woocommerce_product_categories":{"2":{"title":"Product categories","orderby":"name","dropdown":0,"count":1,"hierarchical":0,"show_children_only":0,"hide_empty":1,"max_depth":""},"_multiwidget":1}}}