{"attachment":[{"type_title":"Media","post_id":94,"post_title":"gutener-fab-icon","post_status":"inherit","post_name":"gutener-fab-icon","post_content":"","post_excerpt":"","post_parent":0,"menu_order":0,"post_date":"2020-09-15 09:48:17","post_date_gmt":"2020-09-15 09:48:17","guid":"https:\/\/demo.keonthemes.com\/gutener\/demo210\/wp-content\/uploads\/sites\/49\/2020\/09\/gutener-fab-icon.png","post_mime_type":"image\/png","meta":{"_wp_attached_file":"2020\/09\/gutener-fab-icon.png","_wp_attachment_metadata":{"width":512,"height":512,"file":"2020\/09\/gutener-fab-icon.png","sizes":[],"image_meta":{"aperture":"0","credit":"","camera":"","caption":"","created_timestamp":"0","copyright":"","focal_length":"0","iso":"0","shutter_speed":"0","title":"","orientation":"0","keywords":[]}},"tiny_compress_images":[{"error":"KeyError","message":"Register an account or provide an API key first","timestamp":1600163297}]},"terms":{"category":[],"post_tag":[],"nav_menu":[],"link_category":[],"post_format":[]}},{"type_title":"Media","post_id":89,"post_title":"gutener-blog-img28-1200-800","post_status":"inherit","post_name":"gutener-blog-img28-1200-800","post_content":"","post_excerpt":"","post_parent":88,"menu_order":0,"post_date":"2020-09-15 08:36:34","post_date_gmt":"2020-09-15 08:36:34","guid":"https:\/\/demo.keonthemes.com\/gutener\/demo210\/wp-content\/uploads\/sites\/49\/2020\/09\/gutener-blog-img28-1200-800.jpg","post_mime_type":"image\/jpeg","meta":{"_wp_attached_file":"2020\/09\/gutener-blog-img28-1200-800.jpg","_wp_attachment_metadata":{"width":1200,"height":800,"file":"2020\/09\/gutener-blog-img28-1200-800.jpg","sizes":[],"image_meta":{"aperture":"0","credit":"","camera":"","caption":"","created_timestamp":"0","copyright":"","focal_length":"0","iso":"0","shutter_speed":"0","title":"","orientation":"0","keywords":[]}},"tiny_compress_images":[{"error":"KeyError","message":"Register an account or provide an API key first","timestamp":1600158995}]},"terms":{"category":[],"post_tag":[],"nav_menu":[],"link_category":[],"post_format":[]}},{"type_title":"Media","post_id":87,"post_title":"gutener-blog-img27-1200-800","post_status":"inherit","post_name":"gutener-blog-img27-1200-800","post_content":"","post_excerpt":"","post_parent":86,"menu_order":0,"post_date":"2020-09-15 08:33:12","post_date_gmt":"2020-09-15 08:33:12","guid":"https:\/\/demo.keonthemes.com\/gutener\/demo210\/wp-content\/uploads\/sites\/49\/2020\/09\/gutener-blog-img27-1200-800.jpg","post_mime_type":"image\/jpeg","meta":{"_wp_attached_file":"2020\/09\/gutener-blog-img27-1200-800.jpg","_wp_attachment_metadata":{"width":1200,"height":800,"file":"2020\/09\/gutener-blog-img27-1200-800.jpg","sizes":[],"image_meta":{"aperture":"0","credit":"","camera":"","caption":"","created_timestamp":"0","copyright":"","focal_length":"0","iso":"0","shutter_speed":"0","title":"","orientation":"0","keywords":[]}},"tiny_compress_images":[{"error":"KeyError","message":"Register an account or provide an API key first","timestamp":1600158792}]},"terms":{"category":[],"post_tag":[],"nav_menu":[],"link_category":[],"post_format":[]}},{"type_title":"Media","post_id":85,"post_title":"gutener-blog-img26-1200-800","post_status":"inherit","post_name":"gutener-blog-img26-1200-800","post_content":"","post_excerpt":"","post_parent":84,"menu_order":0,"post_date":"2020-09-15 08:30:09","post_date_gmt":"2020-09-15 08:30:09","guid":"https:\/\/demo.keonthemes.com\/gutener\/demo210\/wp-content\/uploads\/sites\/49\/2020\/09\/gutener-blog-img26-1200-800.jpg","post_mime_type":"image\/jpeg","meta":{"_wp_attached_file":"2020\/09\/gutener-blog-img26-1200-800.jpg","_wp_attachment_metadata":{"width":1200,"height":800,"file":"2020\/09\/gutener-blog-img26-1200-800.jpg","sizes":[],"image_meta":{"aperture":"0","credit":"","camera":"","caption":"","created_timestamp":"0","copyright":"","focal_length":"0","iso":"0","shutter_speed":"0","title":"","orientation":"0","keywords":[]}},"tiny_compress_images":[{"error":"KeyError","message":"Register an account or provide an API key first","timestamp":1600158610}]},"terms":{"category":[],"post_tag":[],"nav_menu":[],"link_category":[],"post_format":[]}},{"type_title":"Media","post_id":82,"post_title":"gutener-blog-img25-1200-800","post_status":"inherit","post_name":"gutener-blog-img25-1200-800","post_content":"","post_excerpt":"","post_parent":46,"menu_order":0,"post_date":"2020-09-15 08:15:19","post_date_gmt":"2020-09-15 08:15:19","guid":"https:\/\/demo.keonthemes.com\/gutener\/demo210\/wp-content\/uploads\/sites\/49\/2020\/09\/gutener-blog-img25-1200-800.jpg","post_mime_type":"image\/jpeg","meta":{"_wp_attached_file":"2020\/09\/gutener-blog-img25-1200-800.jpg","_wp_attachment_metadata":{"width":1200,"height":800,"file":"2020\/09\/gutener-blog-img25-1200-800.jpg","sizes":[],"image_meta":{"aperture":"0","credit":"","camera":"","caption":"","created_timestamp":"0","copyright":"","focal_length":"0","iso":"0","shutter_speed":"0","title":"","orientation":"0","keywords":[]}},"tiny_compress_images":[{"error":"KeyError","message":"Register an account or provide an API key first","timestamp":1600157719}]},"terms":{"category":[],"post_tag":[],"nav_menu":[],"link_category":[],"post_format":[]}},{"type_title":"Media","post_id":81,"post_title":"gutener-blog-img6-1200-800","post_status":"inherit","post_name":"gutener-blog-img6-1200-800","post_content":"","post_excerpt":"","post_parent":49,"menu_order":0,"post_date":"2020-09-15 07:54:39","post_date_gmt":"2020-09-15 07:54:39","guid":"https:\/\/demo.keonthemes.com\/gutener\/demo210\/wp-content\/uploads\/sites\/49\/2020\/09\/gutener-blog-img6-1200-800.jpg","post_mime_type":"image\/jpeg","meta":{"_wp_attached_file":"2020\/09\/gutener-blog-img6-1200-800.jpg","_wp_attachment_metadata":{"width":1200,"height":800,"file":"2020\/09\/gutener-blog-img6-1200-800.jpg","sizes":[],"image_meta":{"aperture":"0","credit":"","camera":"","caption":"","created_timestamp":"0","copyright":"","focal_length":"0","iso":"0","shutter_speed":"0","title":"","orientation":"0","keywords":[]}},"tiny_compress_images":[{"error":"KeyError","message":"Register an account or provide an API key first","timestamp":1600156479}]},"terms":{"category":[],"post_tag":[],"nav_menu":[],"link_category":[],"post_format":[]}},{"type_title":"Media","post_id":80,"post_title":"gutener-blog-img24-1200-800","post_status":"inherit","post_name":"gutener-blog-img24-1200-800","post_content":"","post_excerpt":"","post_parent":44,"menu_order":0,"post_date":"2020-09-15 07:50:52","post_date_gmt":"2020-09-15 07:50:52","guid":"https:\/\/demo.keonthemes.com\/gutener\/demo210\/wp-content\/uploads\/sites\/49\/2020\/09\/gutener-blog-img24-1200-800.jpg","post_mime_type":"image\/jpeg","meta":{"_wp_attached_file":"2020\/09\/gutener-blog-img24-1200-800.jpg","_wp_attachment_metadata":{"width":1200,"height":800,"file":"2020\/09\/gutener-blog-img24-1200-800.jpg","sizes":[],"image_meta":{"aperture":"0","credit":"","camera":"","caption":"","created_timestamp":"0","copyright":"","focal_length":"0","iso":"0","shutter_speed":"0","title":"","orientation":"0","keywords":[]}},"tiny_compress_images":[{"error":"KeyError","message":"Register an account or provide an API key first","timestamp":1600156252}]},"terms":{"category":[],"post_tag":[],"nav_menu":[],"link_category":[],"post_format":[]}},{"type_title":"Media","post_id":79,"post_title":"gutener-blog-img23-1200-800","post_status":"inherit","post_name":"gutener-blog-img23-1200-800","post_content":"","post_excerpt":"","post_parent":36,"menu_order":0,"post_date":"2020-09-15 07:45:23","post_date_gmt":"2020-09-15 07:45:23","guid":"https:\/\/demo.keonthemes.com\/gutener\/demo210\/wp-content\/uploads\/sites\/49\/2020\/09\/gutener-blog-img23-1200-800.jpg","post_mime_type":"image\/jpeg","meta":{"_wp_attached_file":"2020\/09\/gutener-blog-img23-1200-800.jpg","_wp_attachment_metadata":{"width":1200,"height":800,"file":"2020\/09\/gutener-blog-img23-1200-800.jpg","sizes":[],"image_meta":{"aperture":"0","credit":"","camera":"","caption":"","created_timestamp":"0","copyright":"","focal_length":"0","iso":"0","shutter_speed":"0","title":"","orientation":"0","keywords":[]}},"tiny_compress_images":[{"error":"KeyError","message":"Register an account or provide an API key first","timestamp":1600155924}]},"terms":{"category":[],"post_tag":[],"nav_menu":[],"link_category":[],"post_format":[]}},{"type_title":"Media","post_id":78,"post_title":"gutener-blog-img22-1200-800","post_status":"inherit","post_name":"gutener-blog-img22-1200-800","post_content":"","post_excerpt":"","post_parent":42,"menu_order":0,"post_date":"2020-09-15 07:40:51","post_date_gmt":"2020-09-15 07:40:51","guid":"https:\/\/demo.keonthemes.com\/gutener\/demo210\/wp-content\/uploads\/sites\/49\/2020\/09\/gutener-blog-img22-1200-800.jpg","post_mime_type":"image\/jpeg","meta":{"_wp_attached_file":"2020\/09\/gutener-blog-img22-1200-800.jpg","_wp_attachment_metadata":{"width":1200,"height":800,"file":"2020\/09\/gutener-blog-img22-1200-800.jpg","sizes":[],"image_meta":{"aperture":"0","credit":"","camera":"","caption":"","created_timestamp":"0","copyright":"","focal_length":"0","iso":"0","shutter_speed":"0","title":"","orientation":"0","keywords":[]}},"tiny_compress_images":[{"error":"KeyError","message":"Register an account or provide an API key first","timestamp":1600155651}]},"terms":{"category":[],"post_tag":[],"nav_menu":[],"link_category":[],"post_format":[]}},{"type_title":"Media","post_id":77,"post_title":"gutener-blog-img21-1200-800","post_status":"inherit","post_name":"gutener-blog-img21-1200-800","post_content":"","post_excerpt":"","post_parent":38,"menu_order":0,"post_date":"2020-09-15 07:37:34","post_date_gmt":"2020-09-15 07:37:34","guid":"https:\/\/demo.keonthemes.com\/gutener\/demo210\/wp-content\/uploads\/sites\/49\/2020\/09\/gutener-blog-img21-1200-800.jpg","post_mime_type":"image\/jpeg","meta":{"_wp_attached_file":"2020\/09\/gutener-blog-img21-1200-800.jpg","_wp_attachment_metadata":{"width":1200,"height":800,"file":"2020\/09\/gutener-blog-img21-1200-800.jpg","sizes":[],"image_meta":{"aperture":"0","credit":"","camera":"","caption":"","created_timestamp":"0","copyright":"","focal_length":"0","iso":"0","shutter_speed":"0","title":"","orientation":"0","keywords":[]}},"tiny_compress_images":[{"error":"KeyError","message":"Register an account or provide an API key first","timestamp":1600155454}]},"terms":{"category":[],"post_tag":[],"nav_menu":[],"link_category":[],"post_format":[]}},{"type_title":"Media","post_id":76,"post_title":"gutener-blog-img13-1200-800","post_status":"inherit","post_name":"gutener-blog-img13-1200-800","post_content":"","post_excerpt":"","post_parent":26,"menu_order":0,"post_date":"2020-09-15 07:35:06","post_date_gmt":"2020-09-15 07:35:06","guid":"https:\/\/demo.keonthemes.com\/gutener\/demo210\/wp-content\/uploads\/sites\/49\/2020\/09\/gutener-blog-img13-1200-800.jpg","post_mime_type":"image\/jpeg","meta":{"_wp_attached_file":"2020\/09\/gutener-blog-img13-1200-800.jpg","_wp_attachment_metadata":{"width":1200,"height":800,"file":"2020\/09\/gutener-blog-img13-1200-800.jpg","sizes":[],"image_meta":{"aperture":"0","credit":"","camera":"","caption":"","created_timestamp":"0","copyright":"","focal_length":"0","iso":"0","shutter_speed":"0","title":"","orientation":"0","keywords":[]}},"tiny_compress_images":[{"error":"KeyError","message":"Register an account or provide an API key first","timestamp":1600155307}]},"terms":{"category":[],"post_tag":[],"nav_menu":[],"link_category":[],"post_format":[]}},{"type_title":"Media","post_id":74,"post_title":"gutener-blog-img19-1200-800","post_status":"inherit","post_name":"gutener-blog-img19-1200-800","post_content":"","post_excerpt":"","post_parent":31,"menu_order":0,"post_date":"2020-09-15 07:26:51","post_date_gmt":"2020-09-15 07:26:51","guid":"https:\/\/demo.keonthemes.com\/gutener\/demo210\/wp-content\/uploads\/sites\/49\/2020\/09\/gutener-blog-img19-1200-800.jpg","post_mime_type":"image\/jpeg","meta":{"_wp_attached_file":"2020\/09\/gutener-blog-img19-1200-800.jpg","_wp_attachment_metadata":{"width":1200,"height":800,"file":"2020\/09\/gutener-blog-img19-1200-800.jpg","sizes":[],"image_meta":{"aperture":"0","credit":"","camera":"","caption":"","created_timestamp":"0","copyright":"","focal_length":"0","iso":"0","shutter_speed":"0","title":"","orientation":"0","keywords":[]}},"tiny_compress_images":[{"error":"KeyError","message":"Register an account or provide an API key first","timestamp":1600154811}]},"terms":{"category":[],"post_tag":[],"nav_menu":[],"link_category":[],"post_format":[]}},{"type_title":"Media","post_id":73,"post_title":"gutener-blog-img18-1200-800","post_status":"inherit","post_name":"gutener-blog-img18-1200-800","post_content":"","post_excerpt":"","post_parent":28,"menu_order":0,"post_date":"2020-09-15 07:20:01","post_date_gmt":"2020-09-15 07:20:01","guid":"https:\/\/demo.keonthemes.com\/gutener\/demo210\/wp-content\/uploads\/sites\/49\/2020\/09\/gutener-blog-img18-1200-800.jpg","post_mime_type":"image\/jpeg","meta":{"_wp_attached_file":"2020\/09\/gutener-blog-img18-1200-800.jpg","_wp_attachment_metadata":{"width":1200,"height":800,"file":"2020\/09\/gutener-blog-img18-1200-800.jpg","sizes":[],"image_meta":{"aperture":"0","credit":"","camera":"","caption":"","created_timestamp":"0","copyright":"","focal_length":"0","iso":"0","shutter_speed":"0","title":"","orientation":"0","keywords":[]}},"tiny_compress_images":[{"error":"KeyError","message":"Register an account or provide an API key first","timestamp":1600154402}]},"terms":{"category":[],"post_tag":[],"nav_menu":[],"link_category":[],"post_format":[]}},{"type_title":"Media","post_id":67,"post_title":"gutener-blog-img17-1370-550","post_status":"inherit","post_name":"gutener-blog-img17-1370-550","post_content":"","post_excerpt":"","post_parent":0,"menu_order":0,"post_date":"2020-09-15 07:06:41","post_date_gmt":"2020-09-15 07:06:41","guid":"https:\/\/demo.keonthemes.com\/gutener\/demo210\/wp-content\/uploads\/sites\/49\/2020\/09\/gutener-blog-img17-1370-550.jpg","post_mime_type":"image\/jpeg","meta":{"_wp_attached_file":"2020\/09\/gutener-blog-img17-1370-550.jpg","_wp_attachment_metadata":{"width":1370,"height":550,"file":"2020\/09\/gutener-blog-img17-1370-550.jpg","sizes":[],"image_meta":{"aperture":"0","credit":"","camera":"","caption":"","created_timestamp":"0","copyright":"","focal_length":"0","iso":"0","shutter_speed":"0","title":"","orientation":"0","keywords":[]}},"tiny_compress_images":[{"error":"KeyError","message":"Register an account or provide an API key first","timestamp":1600153601}]},"terms":{"category":[],"post_tag":[],"nav_menu":[],"link_category":[],"post_format":[]}},{"type_title":"Media","post_id":65,"post_title":"gutener-blog-img3-1370-550","post_status":"inherit","post_name":"gutener-blog-img3-1370-550","post_content":"","post_excerpt":"","post_parent":0,"menu_order":0,"post_date":"2020-09-15 07:03:59","post_date_gmt":"2020-09-15 07:03:59","guid":"https:\/\/demo.keonthemes.com\/gutener\/demo210\/wp-content\/uploads\/sites\/49\/2020\/09\/gutener-blog-img3-1370-550.jpg","post_mime_type":"image\/jpeg","meta":{"_wp_attached_file":"2020\/09\/gutener-blog-img3-1370-550.jpg","_wp_attachment_metadata":{"width":1370,"height":550,"file":"2020\/09\/gutener-blog-img3-1370-550.jpg","sizes":[],"image_meta":{"aperture":"0","credit":"","camera":"","caption":"","created_timestamp":"0","copyright":"","focal_length":"0","iso":"0","shutter_speed":"0","title":"","orientation":"0","keywords":[]}},"tiny_compress_images":[{"error":"KeyError","message":"Register an account or provide an API key first","timestamp":1600153439}]},"terms":{"category":[],"post_tag":[],"nav_menu":[],"link_category":[],"post_format":[]}},{"type_title":"Media","post_id":52,"post_title":"gutener-blog-img16-1370-550","post_status":"inherit","post_name":"gutener-blog-img16-1370-550","post_content":"","post_excerpt":"","post_parent":51,"menu_order":0,"post_date":"2020-09-15 05:51:58","post_date_gmt":"2020-09-15 05:51:58","guid":"https:\/\/demo.keonthemes.com\/gutener\/demo210\/wp-content\/uploads\/sites\/49\/2020\/09\/gutener-blog-img16-1370-550.jpg","post_mime_type":"image\/jpeg","meta":{"_wp_attached_file":"2020\/09\/gutener-blog-img16-1370-550.jpg","_wp_attachment_metadata":{"width":150,"height":150,"file":"2020\/09\/gutener-blog-img16-1370-550.jpg","sizes":[],"image_meta":{"aperture":"0","credit":"","camera":"","caption":"","created_timestamp":"0","copyright":"","focal_length":"0","iso":"0","shutter_speed":"0","title":"","orientation":"0","keywords":[]}},"tiny_compress_images":[{"error":"KeyError","message":"Register an account or provide an API key first","timestamp":1600149119}]},"terms":{"category":[],"post_tag":[],"nav_menu":[],"link_category":[],"post_format":[]}},{"type_title":"Media","post_id":5,"post_title":"gutener-white-blog-logo","post_status":"inherit","post_name":"gutener-white-blog-logo","post_content":"","post_excerpt":"","post_parent":0,"menu_order":0,"post_date":"2020-09-15 04:58:58","post_date_gmt":"2020-09-15 04:58:58","guid":"https:\/\/demo.keonthemes.com\/gutener\/demo210\/wp-content\/uploads\/sites\/49\/2020\/09\/gutener-white-blog-logo.png","post_mime_type":"image\/png","meta":{"_wp_attached_file":"2020\/09\/gutener-white-blog-logo.png","_wp_attachment_metadata":{"width":320,"height":94,"file":"2020\/09\/gutener-white-blog-logo.png","sizes":[],"image_meta":{"aperture":"0","credit":"","camera":"","caption":"","created_timestamp":"0","copyright":"","focal_length":"0","iso":"0","shutter_speed":"0","title":"","orientation":"0","keywords":[]}},"tiny_compress_images":[{"error":"KeyError","message":"Register an account or provide an API key first","timestamp":1600145938}]},"terms":{"category":[],"post_tag":[],"nav_menu":[],"link_category":[],"post_format":[]}}],"custom_css":[],"wp_block":[],"wpcf7_contact_form":[{"type_title":"Contact Forms","post_id":130,"post_title":"contact","post_status":"publish","post_name":"contact","post_content":"<label> Your Name (required)\r\n    [text* your-name] <\/label>\r\n\r\n<label> Your Email (required)\r\n    [email* your-email] <\/label>\r\n\r\n<label> Subject\r\n    [text your-subject] <\/label>\r\n\r\n<label> Your Message\r\n    [textarea your-message] <\/label>\r\n\r\n[submit \"Send\"]\n1\nBlog 11 \"[your-subject]\"\nBlog 11 <wordpress@demo.keonthemes.com>\nkeonthemes@gmail.com\nFrom: [your-name] <[your-email]>\r\nSubject: [your-subject]\r\n\r\nMessage Body:\r\n[your-message]\r\n\r\n-- \r\nThis e-mail was sent from a contact form on Blog 11 (https:\/\/demo.keonthemes.com\/gutener\/demo210)\nReply-To: [your-email]\n\n\n\n\nBlog 11 \"[your-subject]\"\nBlog 11 <wordpress@demo.keonthemes.com>\n[your-email]\nMessage Body:\r\n[your-message]\r\n\r\n-- \r\nThis e-mail was sent from a contact form on Blog 11 (https:\/\/demo.keonthemes.com\/gutener\/demo210)\nReply-To: keonthemes@gmail.com\n\n\n\nThank you for your message. It has been sent.\nThere was an error trying to send your message. Please try again later.\nOne or more fields have an error. Please check and try again.\nThere was an error trying to send your message. Please try again later.\nYou must accept the terms and conditions before sending your message.\nThe field is required.\nThe field is too long.\nThe field is too short.\nThe date format is incorrect.\nThe date is before the earliest one allowed.\nThe date is after the latest one allowed.\nThere was an unknown error uploading the file.\nYou are not allowed to upload files of this type.\nThe file is too big.\nThere was an error uploading the file.\nThe number format is invalid.\nThe number is smaller than the minimum allowed.\nThe number is larger than the maximum allowed.\nThe answer to the quiz is incorrect.\nThe e-mail address entered is invalid.\nThe URL is invalid.\nThe telephone number is invalid.","post_excerpt":"","post_parent":0,"menu_order":0,"post_date":"2020-09-15 12:10:50","post_date_gmt":"2020-09-15 12:10:50","guid":"https:\/\/demo.keonthemes.com\/gutener\/demo210\/?post_type=wpcf7_contact_form&p=130","post_mime_type":"","meta":{"_form":"<label> Your Name (required)\n    [text* your-name] <\/label>\n\n<label> Your Email (required)\n    [email* your-email] <\/label>\n\n<label> Subject\n    [text your-subject] <\/label>\n\n<label> Your Message\n    [textarea your-message] <\/label>\n\n[submit \"Send\"]","_mail":{"active":true,"subject":"Blog 11 \"[your-subject]\"","sender":"Blog 11 <wordpress@demo.keonthemes.com>","recipient":"keonthemes@gmail.com","body":"From: [your-name] <[your-email]>\nSubject: [your-subject]\n\nMessage Body:\n[your-message]\n\n-- \nThis e-mail was sent from a contact form on Blog 11 (https:\/\/demo.keonthemes.com\/gutener\/demo210)","additional_headers":"Reply-To: [your-email]","attachments":"","use_html":false,"exclude_blank":false},"_mail_2":{"active":false,"subject":"Blog 11 \"[your-subject]\"","sender":"Blog 11 <wordpress@demo.keonthemes.com>","recipient":"[your-email]","body":"Message Body:\n[your-message]\n\n-- \nThis e-mail was sent from a contact form on Blog 11 (https:\/\/demo.keonthemes.com\/gutener\/demo210)","additional_headers":"Reply-To: keonthemes@gmail.com","attachments":"","use_html":false,"exclude_blank":false},"_messages":{"mail_sent_ok":"Thank you for your message. It has been sent.","mail_sent_ng":"There was an error trying to send your message. Please try again later.","validation_error":"One or more fields have an error. Please check and try again.","spam":"There was an error trying to send your message. Please try again later.","accept_terms":"You must accept the terms and conditions before sending your message.","invalid_required":"The field is required.","invalid_too_long":"The field is too long.","invalid_too_short":"The field is too short.","invalid_date":"The date format is incorrect.","date_too_early":"The date is before the earliest one allowed.","date_too_late":"The date is after the latest one allowed.","upload_failed":"There was an unknown error uploading the file.","upload_file_type_invalid":"You are not allowed to upload files of this type.","upload_file_too_large":"The file is too big.","upload_failed_php_error":"There was an error uploading the file.","invalid_number":"The number format is invalid.","number_too_small":"The number is smaller than the minimum allowed.","number_too_large":"The number is larger than the maximum allowed.","quiz_answer_not_correct":"The answer to the quiz is incorrect.","invalid_email":"The e-mail address entered is invalid.","invalid_url":"The URL is invalid.","invalid_tel":"The telephone number is invalid."},"_additional_settings":"","_locale":"en_US"},"terms":{"category":[],"post_tag":[],"nav_menu":[],"link_category":[],"post_format":[]}},{"type_title":"Contact Forms","post_id":129,"post_title":"Contact form 1","post_status":"publish","post_name":"contact-form-1","post_content":"<label> Your Name (required)\n    [text* your-name] <\/label>\n\n<label> Your Email (required)\n    [email* your-email] <\/label>\n\n<label> Subject\n    [text your-subject] <\/label>\n\n<label> Your Message\n    [textarea your-message] <\/label>\n\n[submit \"Send\"]\nBlog 11 \"[your-subject]\"\nBlog 11 <wordpress@demo.keonthemes.com>\nFrom: [your-name] <[your-email]>\nSubject: [your-subject]\n\nMessage Body:\n[your-message]\n\n-- \nThis e-mail was sent from a contact form on Blog 11 (https:\/\/demo.keonthemes.com\/gutener\/demo210)\nkeonthemes@gmail.com\nReply-To: [your-email]\n\n0\n0\n\nBlog 11 \"[your-subject]\"\nBlog 11 <wordpress@demo.keonthemes.com>\nMessage Body:\n[your-message]\n\n-- \nThis e-mail was sent from a contact form on Blog 11 (https:\/\/demo.keonthemes.com\/gutener\/demo210)\n[your-email]\nReply-To: keonthemes@gmail.com\n\n0\n0\nThank you for your message. It has been sent.\nThere was an error trying to send your message. Please try again later.\nOne or more fields have an error. Please check and try again.\nThere was an error trying to send your message. Please try again later.\nYou must accept the terms and conditions before sending your message.\nThe field is required.\nThe field is too long.\nThe field is too short.","post_excerpt":"","post_parent":0,"menu_order":0,"post_date":"2020-09-15 12:09:32","post_date_gmt":"2020-09-15 12:09:32","guid":"https:\/\/demo.keonthemes.com\/gutener\/demo210\/?post_type=wpcf7_contact_form&p=129","post_mime_type":"","meta":{"_form":"<label> Your Name (required)\n    [text* your-name] <\/label>\n\n<label> Your Email (required)\n    [email* your-email] <\/label>\n\n<label> Subject\n    [text your-subject] <\/label>\n\n<label> Your Message\n    [textarea your-message] <\/label>\n\n[submit \"Send\"]","_mail":{"subject":"Blog 11 \"[your-subject]\"","sender":"Blog 11 <wordpress@demo.keonthemes.com>","body":"From: [your-name] <[your-email]>\nSubject: [your-subject]\n\nMessage Body:\n[your-message]\n\n-- \nThis e-mail was sent from a contact form on Blog 11 (https:\/\/demo.keonthemes.com\/gutener\/demo210)","recipient":"keonthemes@gmail.com","additional_headers":"Reply-To: [your-email]","attachments":"","use_html":0,"exclude_blank":0},"_mail_2":{"active":false,"subject":"Blog 11 \"[your-subject]\"","sender":"Blog 11 <wordpress@demo.keonthemes.com>","body":"Message Body:\n[your-message]\n\n-- \nThis e-mail was sent from a contact form on Blog 11 (https:\/\/demo.keonthemes.com\/gutener\/demo210)","recipient":"[your-email]","additional_headers":"Reply-To: keonthemes@gmail.com","attachments":"","use_html":0,"exclude_blank":0},"_messages":{"mail_sent_ok":"Thank you for your message. It has been sent.","mail_sent_ng":"There was an error trying to send your message. Please try again later.","validation_error":"One or more fields have an error. Please check and try again.","spam":"There was an error trying to send your message. Please try again later.","accept_terms":"You must accept the terms and conditions before sending your message.","invalid_required":"The field is required.","invalid_too_long":"The field is too long.","invalid_too_short":"The field is too short."},"_additional_settings":null,"_locale":"en_US"},"terms":{"category":[],"post_tag":[],"nav_menu":[],"link_category":[],"post_format":[]}}],"mc4wp-form":[{"type_title":"Mailchimp Sign-up Forms","post_id":57,"post_title":"sign-up form","post_status":"publish","post_name":"sign-up-form","post_content":"<p>\r\n\t<label>\r\n\t\t<input type=\"email\" name=\"EMAIL\" placeholder=\"Your email address\" required \/>\r\n<\/label>\r\n<\/p>\r\n\r\n<p>\r\n\t<input type=\"submit\" value=\"Sign up\" \/>\r\n<\/p>","post_excerpt":"","post_parent":0,"menu_order":0,"post_date":"2020-09-15 05:58:39","post_date_gmt":"2020-09-15 05:58:39","guid":"https:\/\/demo.keonthemes.com\/gutener\/demo210\/mc4wp-form\/sign-up-form\/","post_mime_type":"","meta":{"_mc4wp_settings":{"required_fields":"EMAIL","double_optin":"1","update_existing":"0","replace_interests":"1","subscriber_tags":"","hide_after_success":"0","redirect":"","css":"0","lists":[]},"text_subscribed":"Thank you, your sign-up request was successful! Please check your email inbox to confirm.","text_invalid_email":"Please provide a valid email address.","text_required_field_missing":"Please fill in the required fields.","text_already_subscribed":"Given email address is already subscribed, thank you!","text_error":"Oops. Something went wrong. Please try again later.","text_unsubscribed":"You were successfully unsubscribed.","text_not_subscribed":"Given email address is not subscribed.","text_no_lists_selected":"Please select at least one list.","text_updated":"Thank you, your records have been updated!"},"terms":{"category":[],"post_tag":[],"nav_menu":[],"link_category":[],"post_format":[]}}],"post":[{"type_title":"Posts","post_id":88,"post_title":"Best Way to Make Your Food","post_status":"publish","post_name":"best-way-to-make-your-food","post_content":"<!-- wp:paragraph -->\n<p>Ligula dignissimos cupiditate numquam sunt integer quam nullam, hic lorem scelerisque consectetuer phasellus commodo ligula libero. Dolores veritatis quasi cras tempore aliquid aenean temporibus. Consequatur tellus tortor parturient. Aptent, luctus quaerat senectus placeat dictumst quae ullamcorper. Lorem litora consectetur omnis, nobis assumenda, minus eget? Necessitatibus ipsam donec feugiat consequat sociis adipisicing consectetur faucibus officiis sit, commodo nostrud fermentum, augue aliqua non mollis quidem augue, nisi diamlorem, pulvinar possimus cumque iure debitis elit varius distinctio exercitation, habitasse autem, deleniti, proin maxime, duis dignissim pretium vivamus, reprehenderit corrupti veritatis tempora sem deleniti.<\/p>\n<!-- \/wp:paragraph -->","post_excerpt":"","post_parent":0,"menu_order":0,"post_date":"2020-09-15 08:36:40","post_date_gmt":"2020-09-15 08:36:40","guid":"https:\/\/demo.keonthemes.com\/gutener\/demo210\/?p=88","post_mime_type":"","meta":{"_edit_lock":"1600159536:1","_thumbnail_id":"89","_edit_last":"1"},"terms":{"category":[{"term_id":6,"name":"Food","slug":"food","term_group":0,"term_taxonomy_id":6,"taxonomy":"category","description":"","parent":0,"count":1,"filter":"raw","meta":[]}],"post_tag":[],"nav_menu":[],"link_category":[],"post_format":[]}},{"type_title":"Posts","post_id":86,"post_title":"Beautiful Woman Smiling","post_status":"publish","post_name":"beautiful-woman-smiling","post_content":"<!-- wp:paragraph -->\n<p>Ligula dignissimos cupiditate numquam sunt integer quam nullam, hic lorem scelerisque consectetuer phasellus commodo ligula libero. Dolores veritatis quasi cras tempore aliquid aenean temporibus. Consequatur tellus tortor parturient. Aptent, luctus quaerat senectus placeat dictumst quae ullamcorper. Lorem litora consectetur omnis, nobis assumenda, minus eget? Necessitatibus ipsam donec feugiat consequat sociis adipisicing consectetur faucibus officiis sit, commodo nostrud fermentum, augue aliqua non mollis quidem augue, nisi diamlorem, pulvinar possimus cumque iure debitis elit varius distinctio exercitation, habitasse autem, deleniti, proin maxime, duis dignissim pretium vivamus, reprehenderit corrupti veritatis tempora sem deleniti.<\/p>\n<!-- \/wp:paragraph -->","post_excerpt":"","post_parent":0,"menu_order":0,"post_date":"2020-09-15 08:33:21","post_date_gmt":"2020-09-15 08:33:21","guid":"https:\/\/demo.keonthemes.com\/gutener\/demo210\/?p=86","post_mime_type":"","meta":{"_edit_lock":"1600158734:1","_thumbnail_id":"87","_edit_last":"1"},"terms":{"category":[{"term_id":4,"name":"Fashion","slug":"fashion","term_group":0,"term_taxonomy_id":4,"taxonomy":"category","description":"","parent":0,"count":3,"filter":"raw","meta":[]}],"post_tag":[],"nav_menu":[],"link_category":[],"post_format":[]}},{"type_title":"Posts","post_id":84,"post_title":"Go Where You Feel","post_status":"publish","post_name":"go-where-you-feel-most-drive","post_content":"<!-- wp:paragraph -->\n<p>Ligula dignissimos cupiditate numquam sunt integer quam nullam, hic lorem scelerisque consectetuer phasellus commodo ligula libero. Dolores veritatis quasi cras tempore aliquid aenean temporibus. Consequatur tellus tortor parturient. Aptent, luctus quaerat senectus placeat dictumst quae ullamcorper. Lorem litora consectetur omnis, nobis assumenda, minus eget? Necessitatibus ipsam donec feugiat consequat sociis adipisicing consectetur faucibus officiis sit, commodo nostrud fermentum, augue aliqua non mollis quidem augue, nisi diamlorem, pulvinar possimus cumque iure debitis elit varius distinctio exercitation, habitasse autem, deleniti, proin maxime, duis dignissim pretium vivamus, reprehenderit corrupti veritatis tempora sem deleniti.<\/p>\n<!-- \/wp:paragraph -->","post_excerpt":"","post_parent":0,"menu_order":0,"post_date":"2020-09-15 08:30:16","post_date_gmt":"2020-09-15 08:30:16","guid":"https:\/\/demo.keonthemes.com\/gutener\/demo210\/?p=84","post_mime_type":"","meta":{"_edit_lock":"1600164867:1","_thumbnail_id":"85","_edit_last":"1"},"terms":{"category":[{"term_id":3,"name":"Life Style","slug":"life-style","term_group":0,"term_taxonomy_id":3,"taxonomy":"category","description":"","parent":0,"count":4,"filter":"raw","meta":[]},{"term_id":5,"name":"Photography","slug":"photography","term_group":0,"term_taxonomy_id":5,"taxonomy":"category","description":"","parent":0,"count":4,"filter":"raw","meta":[]}],"post_tag":[],"nav_menu":[],"link_category":[],"post_format":[]}},{"type_title":"Posts","post_id":49,"post_title":"Parents With Cute Baby Son","post_status":"publish","post_name":"parents-with-cute-baby-son","post_content":"<!-- wp:paragraph -->\n<p>Lectus commodo enim. Molestias ante! Veniam! Donec, class pretium, curae, donec. Justo sint dolore quae fugit, diam senectus, exercitationem nascetur, ullamco architecto litora nec similique, lacinia facilisi! Dolorem beatae mollit! Magnam nec aute. Quisque pulvinar sociis, maiores tortor necessitatibus reiciendis fugiat unde omnis facilis modi, litora atque semper neque taciti! Nisl ultrices consectetuer etiam? Nemo laoreet quia accumsan auctor irure. Nisi sem, exercitation! Ea at eveniet exercitation! Numquam doloremque nostrud sem purus etiam quisque nibh lacus integer sequi veniam, hendrerit. Blanditiis. Asperiores vero magna numquam.<\/p>\n<!-- \/wp:paragraph -->","post_excerpt":"","post_parent":0,"menu_order":0,"post_date":"2020-09-15 05:44:40","post_date_gmt":"2020-09-15 05:44:40","guid":"https:\/\/demo.keonthemes.com\/gutener\/demo210\/?p=49","post_mime_type":"","meta":{"_edit_lock":"1600157520:1","_edit_last":"1","_thumbnail_id":"81"},"terms":{"category":[{"term_id":3,"name":"Life Style","slug":"life-style","term_group":0,"term_taxonomy_id":3,"taxonomy":"category","description":"","parent":0,"count":4,"filter":"raw","meta":[]}],"post_tag":[],"nav_menu":[],"link_category":[],"post_format":[]}},{"type_title":"Posts","post_id":46,"post_title":"Children Playing with Fun","post_status":"publish","post_name":"bright-office-in-yellow-furnishing","post_content":"<!-- wp:paragraph -->\n<p>Lectus commodo enim. Molestias ante! Veniam! Donec, class pretium, curae, donec. Justo sint dolore quae fugit, diam senectus, exercitationem nascetur, ullamco architecto litora nec similique, lacinia facilisi! Dolorem beatae mollit! Magnam nec aute. Quisque pulvinar sociis, maiores tortor necessitatibus reiciendis fugiat unde omnis facilis modi, litora atque semper neque taciti! Nisl ultrices consectetuer etiam? Nemo laoreet quia accumsan auctor irure. Nisi sem, exercitation! Ea at eveniet exercitation! Numquam doloremque nostrud sem purus etiam quisque nibh lacus integer sequi veniam, hendrerit. Blanditiis. Asperiores vero magna numquam.<\/p>\n<!-- \/wp:paragraph -->","post_excerpt":"","post_parent":0,"menu_order":0,"post_date":"2020-09-15 05:42:25","post_date_gmt":"2020-09-15 05:42:25","guid":"https:\/\/demo.keonthemes.com\/gutener\/demo210\/?p=46","post_mime_type":"","meta":{"_edit_lock":"1600158042:1","_edit_last":"1","_thumbnail_id":"82"},"terms":{"category":[{"term_id":3,"name":"Life Style","slug":"life-style","term_group":0,"term_taxonomy_id":3,"taxonomy":"category","description":"","parent":0,"count":4,"filter":"raw","meta":[]}],"post_tag":[],"nav_menu":[],"link_category":[],"post_format":[]}},{"type_title":"Posts","post_id":44,"post_title":"Awesome Fashion Trend For Winter","post_status":"publish","post_name":"awesome-fashion-trend-for-winter","post_content":"<!-- wp:paragraph -->\n<p>Rutrum mattis unde odio habitant ornare vestibulum. Irure aliquet, risus temporibus vulputate similique justo primis, voluptatem lectus consequat, praesentium eos voluptatum a suscipit earum! Potenti venenatis leo faucibus. Lobortis tortor sociis veritatis molestiae rhoncus soluta laboriosam facilisis quam? Senectus incididunt a primis, luctus auctor blandit taciti exercitation quo, ante adipiscing, omnis habitasse pharetra congue lorem ultrices ridiculus eligendi ullamcorper ab, dolorum congue,<\/p>\n<!-- \/wp:paragraph -->","post_excerpt":"","post_parent":0,"menu_order":0,"post_date":"2020-09-15 05:39:36","post_date_gmt":"2020-09-15 05:39:36","guid":"https:\/\/demo.keonthemes.com\/gutener\/demo210\/?p=44","post_mime_type":"","meta":{"_edit_lock":"1600156308:1","_edit_last":"1","_thumbnail_id":"80"},"terms":{"category":[{"term_id":4,"name":"Fashion","slug":"fashion","term_group":0,"term_taxonomy_id":4,"taxonomy":"category","description":"","parent":0,"count":3,"filter":"raw","meta":[]},{"term_id":3,"name":"Life Style","slug":"life-style","term_group":0,"term_taxonomy_id":3,"taxonomy":"category","description":"","parent":0,"count":4,"filter":"raw","meta":[]}],"post_tag":[],"nav_menu":[],"link_category":[],"post_format":[]}},{"type_title":"Posts","post_id":38,"post_title":"Capture Pro Photos","post_status":"publish","post_name":"capture-photo-like-a-pro","post_content":"<!-- wp:paragraph -->\n<p>Integer quam nullam, hic lorem scelerisque consectetuer  Ligula dignissimos cupiditate numquam suntphasellus commodo ligula libero. Dolores veritatis quasi cras tempore aliquid aenean temporibus. Consequatur tellus tortor parturient. Aptent, luctus quaerat senectus placeat dictumst quae ullamcorper. Lorem litora consectetur omnis, nobis assumenda, minus eget? Necessitatibus ipsam donec feugiat consequat sociis adipisicing consectetur faucibus officiis sit, commodo nostrud fermentum, augue aliqua non mollis quidem augue, nisi diamlorem, pulvinar possimus cumque iure debitis elit varius distinctio exercitation, habitasse autem, deleniti, proin maxime, duis dignissim pretium vivamus, reprehenderit corrupti veritatis tempora sem deleniti.<\/p>\n<!-- \/wp:paragraph -->","post_excerpt":"","post_parent":0,"menu_order":0,"post_date":"2020-09-15 05:37:53","post_date_gmt":"2020-09-15 05:37:53","guid":"https:\/\/demo.keonthemes.com\/gutener\/demo210\/?p=38","post_mime_type":"","meta":{"_edit_lock":"1600164934:1","_edit_last":"1","_thumbnail_id":"77"},"terms":{"category":[{"term_id":5,"name":"Photography","slug":"photography","term_group":0,"term_taxonomy_id":5,"taxonomy":"category","description":"","parent":0,"count":4,"filter":"raw","meta":[]}],"post_tag":[],"nav_menu":[],"link_category":[],"post_format":[]}},{"type_title":"Posts","post_id":42,"post_title":"Photography Tips","post_status":"publish","post_name":"photography-mistakes-with-beginners","post_content":"<!-- wp:paragraph -->\n<p>Consequatur tellus tortor parturient. Aptent, luctus quaerat senectus placeat dictumst quae ullamcorper. Ligula dignissimos cupiditate numquam sunt integer quam nullam, hic lorem scelerisque consectetuer phasellus commodo ligula libero. Dolores veritatis quasi cras tempore aliquid aenean temporibus. Lorem litora consectetur omnis, nobis assumenda, minus eget? Necessitatibus ipsam donec feugiat consequat sociis adipisicing consectetur faucibus officiis sit, commodo nostrud fermentum, augue aliqua non mollis quidem augue, nisi diamlorem, pulvinar possimus cumque iure debitis elit varius distinctio exercitation, habitasse autem, deleniti, proin maxime, duis dignissim pretium vivamus, reprehenderit corrupti veritatis tempora sem deleniti.<\/p>\n<!-- \/wp:paragraph -->","post_excerpt":"","post_parent":0,"menu_order":0,"post_date":"2020-09-15 05:34:41","post_date_gmt":"2020-09-15 05:34:41","guid":"https:\/\/demo.keonthemes.com\/gutener\/demo210\/?p=42","post_mime_type":"","meta":{"_edit_lock":"1600171489:1","_edit_last":"1","_thumbnail_id":"78"},"terms":{"category":[{"term_id":4,"name":"Fashion","slug":"fashion","term_group":0,"term_taxonomy_id":4,"taxonomy":"category","description":"","parent":0,"count":3,"filter":"raw","meta":[]},{"term_id":5,"name":"Photography","slug":"photography","term_group":0,"term_taxonomy_id":5,"taxonomy":"category","description":"","parent":0,"count":4,"filter":"raw","meta":[]}],"post_tag":[],"nav_menu":[],"link_category":[],"post_format":[]}},{"type_title":"Posts","post_id":36,"post_title":"Greenery Places","post_status":"publish","post_name":"awesome-place-with-greenery","post_content":"<!-- wp:paragraph -->\n<p>Lorem litora consectetur omnis, nobis assumenda, minus eget? Necessitatibus ipsam donec feugiat consequat sociis adipisicing consectetur faucibus officiis sit, commodo nostrud fermentum, augue aliqua non mollis quidem augue, nisi diamlorem, pulvinar possimus cumque iure debitis elit varius distinctio exercitation, habitasse autem, deleniti, proin maxime, duis dignissim pretium vivamus, reprehenderit corrupti veritatis tempora sem deleniti. Ligula dignissimos cupiditate numquam sunt integer quam nullam, hic lorem scelerisque consectetuer phasellus commodo ligula libero. Dolores veritatis quasi cras tempore aliquid aenean temporibus. Consequatur tellus tortor parturient. Aptent, luctus quaerat senectus placeat dictumst quae ullamcorper.<\/p>\n<!-- \/wp:paragraph -->","post_excerpt":"","post_parent":0,"menu_order":0,"post_date":"2020-09-15 05:34:07","post_date_gmt":"2020-09-15 05:34:07","guid":"https:\/\/demo.keonthemes.com\/gutener\/demo210\/?p=36","post_mime_type":"","meta":{"_edit_lock":"1600164894:1","_edit_last":"1","_thumbnail_id":"79"},"terms":{"category":[{"term_id":5,"name":"Photography","slug":"photography","term_group":0,"term_taxonomy_id":5,"taxonomy":"category","description":"","parent":0,"count":4,"filter":"raw","meta":[]}],"post_tag":[],"nav_menu":[],"link_category":[],"post_format":[]}},{"type_title":"Posts","post_id":31,"post_title":"Traveler Visiting Ice Lake","post_status":"publish","post_name":"best-menus-to-make-in-the-party","post_content":"<!-- wp:paragraph -->\n<p>Ligula dignissimos cupiditate numquam sunt integer quam nullam, hic lorem scelerisque consectetuer phasellus commodo ligula libero. Dolores veritatis quasi cras tempore aliquid aenean temporibus. Consequatur tellus tortor parturient. Aptent, luctus quaerat senectus placeat dictumst quae ullamcorper. Lorem litora consectetur omnis, nobis assumenda, minus eget? Necessitatibus ipsam donec feugiat consequat sociis adipisicing consectetur faucibus officiis sit, commodo nostrud fermentum, augue aliqua non mollis quidem augue, nisi diamlorem, pulvinar possimus cumque iure debitis elit varius distinctio exercitation, habitasse autem, deleniti, proin maxime, duis dignissim pretium vivamus, reprehenderit corrupti veritatis tempora sem deleniti.<\/p>\n<!-- \/wp:paragraph -->","post_excerpt":"","post_parent":0,"menu_order":0,"post_date":"2020-09-15 05:21:49","post_date_gmt":"2020-09-15 05:21:49","guid":"https:\/\/demo.keonthemes.com\/gutener\/demo210\/?p=31","post_mime_type":"","meta":{"_edit_lock":"1600155082:1","_edit_last":"1","_thumbnail_id":"74"},"terms":{"category":[{"term_id":2,"name":"Travel","slug":"travel","term_group":0,"term_taxonomy_id":2,"taxonomy":"category","description":"","parent":0,"count":3,"filter":"raw","meta":[]}],"post_tag":[],"nav_menu":[],"link_category":[],"post_format":[]}},{"type_title":"Posts","post_id":28,"post_title":"Most Breathtaking Places","post_status":"publish","post_name":"10-most-awesome-breathtaking-places","post_content":"<!-- wp:paragraph -->\n<p>Ligula dignissimos cupiditate numquam sunt integer quam nullam, hic lorem scelerisque consectetuer phasellus commodo ligula libero. Dolores veritatis quasi cras tempore aliquid aenean temporibus. Consequatur tellus tortor parturient. Aptent, luctus quaerat senectus placeat dictumst quae ullamcorper. Lorem litora consectetur omnis, nobis assumenda, minus eget? Necessitatibus ipsam donec feugiat consequat sociis adipisicing consectetur faucibus officiis sit, commodo nostrud fermentum, augue aliqua non mollis quidem augue, nisi diamlorem, pulvinar possimus cumque iure debitis elit varius distinctio exercitation, habitasse autem, deleniti, proin maxime, duis dignissim pretium vivamus, reprehenderit corrupti veritatis tempora sem deleniti.<\/p>\n<!-- \/wp:paragraph -->","post_excerpt":"","post_parent":0,"menu_order":0,"post_date":"2020-09-15 05:19:22","post_date_gmt":"2020-09-15 05:19:22","guid":"https:\/\/demo.keonthemes.com\/gutener\/demo210\/?p=28","post_mime_type":"","meta":{"_edit_lock":"1600154352:1","_edit_last":"1","_thumbnail_id":"73"},"terms":{"category":[{"term_id":2,"name":"Travel","slug":"travel","term_group":0,"term_taxonomy_id":2,"taxonomy":"category","description":"","parent":0,"count":3,"filter":"raw","meta":[]}],"post_tag":[],"nav_menu":[],"link_category":[],"post_format":[]}},{"type_title":"Posts","post_id":26,"post_title":"Amazing Places to Go in Summer","post_status":"publish","post_name":"top-amazing-places-to-go-in-summer","post_content":"<!-- wp:paragraph -->\n<p>Ligula dignissimos cupiditate numquam sunt integer quam nullam, hic lorem scelerisque consectetuer phasellus commodo ligula libero. Dolores veritatis quasi cras tempore aliquid aenean temporibus. Consequatur tellus tortor parturient. Aptent, luctus quaerat senectus placeat dictumst quae ullamcorper. Lorem litora consectetur omnis, nobis assumenda, minus eget? Necessitatibus ipsam donec feugiat consequat sociis adipisicing consectetur faucibus officiis sit, commodo nostrud fermentum, augue aliqua non mollis quidem augue, nisi diamlorem, pulvinar possimus cumque iure debitis elit varius distinctio exercitation, habitasse autem, deleniti, proin maxime, duis dignissim pretium vivamus, reprehenderit corrupti veritatis tempora sem deleniti.<\/p>\n<!-- \/wp:paragraph -->","post_excerpt":"","post_parent":0,"menu_order":0,"post_date":"2020-09-15 05:17:37","post_date_gmt":"2020-09-15 05:17:37","guid":"https:\/\/demo.keonthemes.com\/gutener\/demo210\/?p=26","post_mime_type":"","meta":{"_edit_lock":"1600155279:1","_edit_last":"1","_thumbnail_id":"76"},"terms":{"category":[{"term_id":2,"name":"Travel","slug":"travel","term_group":0,"term_taxonomy_id":2,"taxonomy":"category","description":"","parent":0,"count":3,"filter":"raw","meta":[]}],"post_tag":[],"nav_menu":[],"link_category":[],"post_format":[]}}],"page":[{"type_title":"Pages","post_id":128,"post_title":"contact us","post_status":"publish","post_name":"contact-us","post_content":"<!-- wp:paragraph -->\n<p>[contact-form-7 id=\"130\" title=\"contact\"]<\/p>\n<!-- \/wp:paragraph -->","post_excerpt":"","post_parent":0,"menu_order":0,"post_date":"2020-09-15 12:10:11","post_date_gmt":"2020-09-15 12:10:11","guid":"https:\/\/demo.keonthemes.com\/gutener\/demo210\/?page_id=128","post_mime_type":"","meta":{"_edit_lock":"1600174529:1","_edit_last":"1"},"terms":{"category":[],"post_tag":[],"nav_menu":[],"link_category":[],"post_format":[]}},{"type_title":"Pages","post_id":51,"post_title":"John Doe","post_status":"publish","post_name":"john-doe","post_content":"<!-- wp:paragraph -->\n<p>Quod tempus venenatis, hac eu. Veritatis incididunt id excepturi explicabo praesentium molestiae mollit rem id convallis, doloribus nemo molestias delectus gravida porro sapiente magnam voluptate arcu! Adipisci repudiandae, dictumst recusandae?<\/p>\n<!-- \/wp:paragraph -->","post_excerpt":"","post_parent":0,"menu_order":0,"post_date":"2020-09-15 05:52:11","post_date_gmt":"2020-09-15 05:52:11","guid":"https:\/\/demo.keonthemes.com\/gutener\/demo210\/?page_id=51","post_mime_type":"","meta":{"_edit_lock":"1600152393:1","_thumbnail_id":"52","_wp_page_template":"template-gutentor-full-width.php","_edit_last":"1"},"terms":{"category":[],"post_tag":[],"nav_menu":[],"link_category":[],"post_format":[]}},{"type_title":"Pages","post_id":2,"post_title":"Sample Page","post_status":"publish","post_name":"sample-page","post_content":"<!-- wp:paragraph -->\n<p>This is an example page. It's different from a blog post because it will stay in one place and will show up in your site navigation (in most themes). Most people start with an About page that introduces them to potential site visitors. It might say something like this:<\/p>\n<!-- \/wp:paragraph -->\n\n<!-- wp:quote -->\n<blockquote class=\"wp-block-quote\"><p>Hi there! I'm a bike messenger by day, aspiring actor by night, and this is my website. I live in Los Angeles, have a great dog named Jack, and I like pi\u00f1a coladas. (And gettin' caught in the rain.)<\/p><\/blockquote>\n<!-- \/wp:quote -->\n\n<!-- wp:paragraph -->\n<p>...or something like this:<\/p>\n<!-- \/wp:paragraph -->\n\n<!-- wp:quote -->\n<blockquote class=\"wp-block-quote\"><p>The XYZ Doohickey Company was founded in 1971, and has been providing quality doohickeys to the public ever since. Located in Gotham City, XYZ employs over 2,000 people and does all kinds of awesome things for the Gotham community.<\/p><\/blockquote>\n<!-- \/wp:quote -->\n\n<!-- wp:paragraph -->\n<p>As a new WordPress user, you should go to <a href=\"https:\/\/demo.keonthemes.com\/gutener\/210\/wp-admin\/\">your dashboard<\/a> to delete this page and create new pages for your content. Have fun!<\/p>\n<!-- \/wp:paragraph -->","post_excerpt":"","post_parent":0,"menu_order":0,"post_date":"2020-09-14 12:12:20","post_date_gmt":"2020-09-14 12:12:20","guid":"https:\/\/demo.keonthemes.com\/gutener\/210\/?page_id=2","post_mime_type":"","meta":{"_wp_page_template":"template-gutentor-full-width.php","_edit_lock":"1600143272:1","_edit_last":"1"},"terms":{"category":[],"post_tag":[],"nav_menu":[],"link_category":[],"post_format":[]}}],"nav_menu_item":[{"type_title":"Navigation Menu Items","post_id":132,"post_title":"About","post_status":"publish","post_name":"about","post_content":"","post_excerpt":"","post_parent":0,"menu_order":2,"post_date":"2020-09-15 12:22:34","post_date_gmt":"2020-09-15 12:22:34","guid":"https:\/\/demo.keonthemes.com\/gutener\/demo210\/?p=132","post_mime_type":"","meta":{"_menu_item_type":"post_type","_menu_item_menu_item_parent":"0","_menu_item_object_id":"51","_menu_item_object":"page","_menu_item_target":"","_menu_item_classes":[""],"_menu_item_xfn":"","_menu_item_url":""},"terms":{"category":[],"post_tag":[],"nav_menu":[{"term_id":7,"name":"Primary Menu","slug":"primary-menu","term_group":0,"term_taxonomy_id":7,"taxonomy":"nav_menu","description":"","parent":0,"count":10,"filter":"raw","meta":[]}],"link_category":[],"post_format":[]}},{"type_title":"Navigation Menu Items","post_id":131,"post_title":"Contact Us","post_status":"publish","post_name":"contact-us-2","post_content":"","post_excerpt":"","post_parent":0,"menu_order":9,"post_date":"2020-09-15 12:11:58","post_date_gmt":"2020-09-15 12:11:58","guid":"https:\/\/demo.keonthemes.com\/gutener\/demo210\/?p=131","post_mime_type":"","meta":{"_menu_item_type":"post_type","_menu_item_menu_item_parent":"0","_menu_item_object_id":"128","_menu_item_object":"page","_menu_item_target":"","_menu_item_classes":[""],"_menu_item_xfn":"","_menu_item_url":""},"terms":{"category":[],"post_tag":[],"nav_menu":[{"term_id":7,"name":"Primary Menu","slug":"primary-menu","term_group":0,"term_taxonomy_id":7,"taxonomy":"nav_menu","description":"","parent":0,"count":10,"filter":"raw","meta":[]}],"link_category":[],"post_format":[]}},{"type_title":"Navigation Menu Items","post_id":53,"post_title":"Terms & Conditions","post_status":"publish","post_name":"terms-conditions","post_content":"","post_excerpt":"","post_parent":0,"menu_order":1,"post_date":"2020-09-15 05:55:47","post_date_gmt":"2020-09-15 05:55:47","guid":"https:\/\/demo.keonthemes.com\/gutener\/demo210\/?p=53","post_mime_type":"","meta":{"_menu_item_type":"custom","_menu_item_menu_item_parent":"0","_menu_item_object_id":"53","_menu_item_object":"custom","_menu_item_target":"","_menu_item_classes":[""],"_menu_item_xfn":"","_menu_item_url":"#"},"terms":{"category":[],"post_tag":[],"nav_menu":[{"term_id":8,"name":"footer menu","slug":"footer-menu","term_group":0,"term_taxonomy_id":8,"taxonomy":"nav_menu","description":"","parent":0,"count":3,"filter":"raw","meta":[]}],"link_category":[],"post_format":[]}},{"type_title":"Navigation Menu Items","post_id":54,"post_title":"Privacy Policy","post_status":"publish","post_name":"privacy-policy","post_content":"","post_excerpt":"","post_parent":0,"menu_order":2,"post_date":"2020-09-15 05:55:47","post_date_gmt":"2020-09-15 05:55:47","guid":"https:\/\/demo.keonthemes.com\/gutener\/demo210\/?p=54","post_mime_type":"","meta":{"_menu_item_type":"custom","_menu_item_menu_item_parent":"0","_menu_item_object_id":"54","_menu_item_object":"custom","_menu_item_target":"","_menu_item_classes":[""],"_menu_item_xfn":"","_menu_item_url":"#"},"terms":{"category":[],"post_tag":[],"nav_menu":[{"term_id":8,"name":"footer menu","slug":"footer-menu","term_group":0,"term_taxonomy_id":8,"taxonomy":"nav_menu","description":"","parent":0,"count":3,"filter":"raw","meta":[]}],"link_category":[],"post_format":[]}},{"type_title":"Navigation Menu Items","post_id":55,"post_title":"FAQs","post_status":"publish","post_name":"faqs","post_content":"","post_excerpt":"","post_parent":0,"menu_order":3,"post_date":"2020-09-15 05:55:47","post_date_gmt":"2020-09-15 05:55:47","guid":"https:\/\/demo.keonthemes.com\/gutener\/demo210\/?p=55","post_mime_type":"","meta":{"_menu_item_type":"custom","_menu_item_menu_item_parent":"0","_menu_item_object_id":"55","_menu_item_object":"custom","_menu_item_target":"","_menu_item_classes":[""],"_menu_item_xfn":"","_menu_item_url":"#"},"terms":{"category":[],"post_tag":[],"nav_menu":[{"term_id":8,"name":"footer menu","slug":"footer-menu","term_group":0,"term_taxonomy_id":8,"taxonomy":"nav_menu","description":"","parent":0,"count":3,"filter":"raw","meta":[]}],"link_category":[],"post_format":[]}},{"type_title":"Navigation Menu Items","post_id":9,"post_title":"Home","post_status":"publish","post_name":"home","post_content":"","post_excerpt":"","post_parent":0,"menu_order":1,"post_date":"2020-09-15 05:07:28","post_date_gmt":"2020-09-15 05:07:28","guid":"https:\/\/demo.keonthemes.com\/gutener\/demo210\/?p=9","post_mime_type":"","meta":{"_menu_item_type":"custom","_menu_item_menu_item_parent":"0","_menu_item_object_id":"9","_menu_item_object":"custom","_menu_item_target":"","_menu_item_classes":[""],"_menu_item_xfn":"","_menu_item_url":"https:\/\/demo.keonthemes.com\/gutener\/demo210"},"terms":{"category":[],"post_tag":[],"nav_menu":[{"term_id":7,"name":"Primary Menu","slug":"primary-menu","term_group":0,"term_taxonomy_id":7,"taxonomy":"nav_menu","description":"","parent":0,"count":10,"filter":"raw","meta":[]}],"link_category":[],"post_format":[]}},{"type_title":"Navigation Menu Items","post_id":10,"post_title":"Categories","post_status":"publish","post_name":"categories","post_content":"","post_excerpt":"","post_parent":0,"menu_order":3,"post_date":"2020-09-15 05:07:28","post_date_gmt":"2020-09-15 05:07:28","guid":"https:\/\/demo.keonthemes.com\/gutener\/demo210\/?p=10","post_mime_type":"","meta":{"_menu_item_type":"custom","_menu_item_menu_item_parent":"0","_menu_item_object_id":"10","_menu_item_object":"custom","_menu_item_target":"","_menu_item_classes":[""],"_menu_item_xfn":"","_menu_item_url":"#"},"terms":{"category":[],"post_tag":[],"nav_menu":[{"term_id":7,"name":"Primary Menu","slug":"primary-menu","term_group":0,"term_taxonomy_id":7,"taxonomy":"nav_menu","description":"","parent":0,"count":10,"filter":"raw","meta":[]}],"link_category":[],"post_format":[]}},{"type_title":"Navigation Menu Items","post_id":13,"post_title":"Buy Pro","post_status":"publish","post_name":"buy-pro","post_content":"","post_excerpt":"","post_parent":0,"menu_order":10,"post_date":"2020-09-15 05:07:28","post_date_gmt":"2020-09-15 05:07:28","guid":"https:\/\/demo.keonthemes.com\/gutener\/demo210\/?p=13","post_mime_type":"","meta":{"_menu_item_type":"custom","_menu_item_menu_item_parent":"0","_menu_item_object_id":"13","_menu_item_object":"custom","_menu_item_target":"","_menu_item_classes":[""],"_menu_item_xfn":"","_menu_item_url":"https:\/\/keonthemes.com\/downloads\/gutener-pro"},"terms":{"category":[],"post_tag":[],"nav_menu":[{"term_id":7,"name":"Primary Menu","slug":"primary-menu","term_group":0,"term_taxonomy_id":7,"taxonomy":"nav_menu","description":"","parent":0,"count":10,"filter":"raw","meta":[]}],"link_category":[],"post_format":[]}},{"type_title":"Navigation Menu Items","post_id":14,"post_title":"","post_status":"publish","post_name":"14","post_content":" ","post_excerpt":"","post_parent":0,"menu_order":4,"post_date":"2020-09-15 05:07:28","post_date_gmt":"2020-09-15 05:07:28","guid":"https:\/\/demo.keonthemes.com\/gutener\/demo210\/?p=14","post_mime_type":"","meta":{"_menu_item_type":"taxonomy","_menu_item_menu_item_parent":"10","_menu_item_object_id":"4","_menu_item_object":"category","_menu_item_target":"","_menu_item_classes":[""],"_menu_item_xfn":"","_menu_item_url":""},"terms":{"category":[],"post_tag":[],"nav_menu":[{"term_id":7,"name":"Primary Menu","slug":"primary-menu","term_group":0,"term_taxonomy_id":7,"taxonomy":"nav_menu","description":"","parent":0,"count":10,"filter":"raw","meta":[]}],"link_category":[],"post_format":[]}},{"type_title":"Navigation Menu Items","post_id":15,"post_title":"","post_status":"publish","post_name":"15","post_content":" ","post_excerpt":"","post_parent":0,"menu_order":5,"post_date":"2020-09-15 05:07:28","post_date_gmt":"2020-09-15 05:07:28","guid":"https:\/\/demo.keonthemes.com\/gutener\/demo210\/?p=15","post_mime_type":"","meta":{"_menu_item_type":"taxonomy","_menu_item_menu_item_parent":"10","_menu_item_object_id":"6","_menu_item_object":"category","_menu_item_target":"","_menu_item_classes":[""],"_menu_item_xfn":"","_menu_item_url":""},"terms":{"category":[],"post_tag":[],"nav_menu":[{"term_id":7,"name":"Primary Menu","slug":"primary-menu","term_group":0,"term_taxonomy_id":7,"taxonomy":"nav_menu","description":"","parent":0,"count":10,"filter":"raw","meta":[]}],"link_category":[],"post_format":[]}},{"type_title":"Navigation Menu Items","post_id":16,"post_title":"","post_status":"publish","post_name":"16","post_content":" ","post_excerpt":"","post_parent":0,"menu_order":6,"post_date":"2020-09-15 05:07:28","post_date_gmt":"2020-09-15 05:07:28","guid":"https:\/\/demo.keonthemes.com\/gutener\/demo210\/?p=16","post_mime_type":"","meta":{"_menu_item_type":"taxonomy","_menu_item_menu_item_parent":"10","_menu_item_object_id":"3","_menu_item_object":"category","_menu_item_target":"","_menu_item_classes":[""],"_menu_item_xfn":"","_menu_item_url":""},"terms":{"category":[],"post_tag":[],"nav_menu":[{"term_id":7,"name":"Primary Menu","slug":"primary-menu","term_group":0,"term_taxonomy_id":7,"taxonomy":"nav_menu","description":"","parent":0,"count":10,"filter":"raw","meta":[]}],"link_category":[],"post_format":[]}},{"type_title":"Navigation Menu Items","post_id":17,"post_title":"","post_status":"publish","post_name":"17","post_content":" ","post_excerpt":"","post_parent":0,"menu_order":7,"post_date":"2020-09-15 05:07:28","post_date_gmt":"2020-09-15 05:07:28","guid":"https:\/\/demo.keonthemes.com\/gutener\/demo210\/?p=17","post_mime_type":"","meta":{"_menu_item_type":"taxonomy","_menu_item_menu_item_parent":"10","_menu_item_object_id":"5","_menu_item_object":"category","_menu_item_target":"","_menu_item_classes":[""],"_menu_item_xfn":"","_menu_item_url":""},"terms":{"category":[],"post_tag":[],"nav_menu":[{"term_id":7,"name":"Primary Menu","slug":"primary-menu","term_group":0,"term_taxonomy_id":7,"taxonomy":"nav_menu","description":"","parent":0,"count":10,"filter":"raw","meta":[]}],"link_category":[],"post_format":[]}},{"type_title":"Navigation Menu Items","post_id":18,"post_title":"","post_status":"publish","post_name":"18","post_content":" ","post_excerpt":"","post_parent":0,"menu_order":8,"post_date":"2020-09-15 05:07:28","post_date_gmt":"2020-09-15 05:07:28","guid":"https:\/\/demo.keonthemes.com\/gutener\/demo210\/?p=18","post_mime_type":"","meta":{"_menu_item_type":"taxonomy","_menu_item_menu_item_parent":"10","_menu_item_object_id":"2","_menu_item_object":"category","_menu_item_target":"","_menu_item_classes":[""],"_menu_item_xfn":"","_menu_item_url":""},"terms":{"category":[],"post_tag":[],"nav_menu":[{"term_id":7,"name":"Primary Menu","slug":"primary-menu","term_group":0,"term_taxonomy_id":7,"taxonomy":"nav_menu","description":"","parent":0,"count":10,"filter":"raw","meta":[]}],"link_category":[],"post_format":[]}}]}