{"menu":{"menu-2":8,"menu-1":7},"options":{"blogname":"Blog 11","blogname-child":"Blog 11","blogdescription":"WordPress Blog Theme","blogdescription-child":"WordPress Blog Theme","posts_per_page":"9","posts_per_page-child":"9","date_format":"F j, Y","date_format-child":"F j, Y","time_format":"g:i a","time_format-child":"g:i a","show_on_front":"posts","show_on_front-child":"posts","thumbnail_size_w":"150","thumbnail_size_w-child":"150","thumbnail_size_h":"150","thumbnail_size_h-child":"150","thumbnail_crop":"1","thumbnail_crop-child":"1","medium_size_w":"300","medium_size_w-child":"300","medium_size_h":"300","medium_size_h-child":"300","avatar_default":"mystery","avatar_default-child":"mystery","large_size_w":"700","large_size_w-child":"700","large_size_h":"700","large_size_h-child":"700","page_for_posts":"0","page_for_posts-child":"0","page_on_front":"0","page_on_front-child":"0","medium_large_size_w":"768","medium_large_size_w-child":"768","medium_large_size_h":"0","medium_large_size_h-child":"0","theme_mods_gutener":{"0":false,"custom_css_post_id":-1,"custom_logo":5,"logo_width":"320","header_image_slider":[{"slider_item":67},{"slider_item":65}],"social_media_links":[{"icon":"fab fa-facebook","link":"#"},{"icon":"fab fa-twitter","link":"#"},{"icon":"fab fa-instagram","link":"#"},{"icon":"fab fa-google","link":"#"},{"icon":"fab fa-youtube","link":"#"},{"icon":"fab fa-linkedin","link":"#"}],"main_banner_buttons":[{"text":"Button Text","link":"#","type":"button-outline"}],"site_title_color":"#ffffff","site_tagline_color":"#f1f1f1","disable_site_title":true,"top_header_text_color":"#666666","mid_header_text_color":"#212121","bottom_header_text_color":"#212121","header_image_height":"350","disable_header_slider_autoplay":false,"main_slider_height":"550","display_slider_on":"blog-page-above-latest-posts","sidebar_settings":"no-sidebar","slider_category":"","disable_highlight_posts_section_title":true,"disable_feature_posts_section_title":false,"disable_feature_posts_autoplay":true,"slider_image_overlay_opacity":"4","highlight_posts_posts_number":"4","feature_posts_slides_show":"4","highlight_posts_height":"160","disable_latest_posts_section":false,"mid_header_background_color":"rgba(0,0,0,0.25)","highlight_posts_category":"5","disable_sidebar_page":true,"disable_site_tagline_border":true,"highlight_posts_columns":"four_columns","bottom_footer_text_link_color":"#383838","blog_post_category_color":"#f47e00","site_primary_color":"#f47e00","site_hover_color":"#5397d1","feature_posts_section_title":"Featured Posts","site_title_font_control":{"font-family":"Roboto","font-size":"62px","text-transform":"none","font-backup":"","variant":"regular","font-weight":400,"font-style":"normal"},"general_title_font_control":{"font-family":"Roboto","text-transform":"none","font-backup":"","variant":"regular","font-weight":400,"font-style":"normal"},"page_title_font_control":{"font-family":"Roboto","font-size":"48px","text-transform":"none","font-backup":"","variant":"regular","font-weight":400,"font-style":"normal"},"section_title_font_control":{"font-family":"Roboto","font-size":"24px","text-transform":"none","font-backup":"","variant":"regular","font-weight":400,"font-style":"normal"},"site_description_font_control":{"font-family":"Open Sans","font-size":"14px","text-transform":"none","font-backup":"","variant":"regular","font-weight":400,"font-style":"normal"},"main_menu_font_control":{"font-family":"Open Sans","font-size":"15px","text-transform":"none","variant":"600","line-height":"1.5","font-backup":"","font-weight":600,"font-style":"normal"},"body_font_control":{"font-family":"Open Sans","font-size":"15px","font-backup":"","variant":"regular","font-weight":400,"font-style":"normal"},"contact_phone":"+ 1987 123456","contact_email":"yourmail@email.com","contact_address":"Rock Street, San Francisco, California","footer_layout":"footer_three"},"theme_mods_gutener-child":{"0":false,"nav_menu_locations":{"menu-1":7,"menu-2":8},"custom_css_post_id":-1,"custom_logo":5,"logo_width":"320","header_image_slider":[{"slider_item":67},{"slider_item":65}],"social_media_links":[{"icon":"fab fa-facebook","link":"#"},{"icon":"fab fa-twitter","link":"#"},{"icon":"fab fa-instagram","link":"#"},{"icon":"fab fa-google","link":"#"},{"icon":"fab fa-youtube","link":"#"},{"icon":"fab fa-linkedin","link":"#"}],"main_banner_buttons":[{"text":"Button Text","link":"#","type":"button-outline"}],"site_title_color":"#ffffff","site_tagline_color":"#f1f1f1","disable_site_title":true,"top_header_text_color":"#666666","mid_header_text_color":"#212121","bottom_header_text_color":"#212121","header_image_height":"350","disable_header_slider_autoplay":false,"main_slider_height":"550","display_slider_on":"blog-page-above-latest-posts","sidebar_settings":"no-sidebar","slider_category":"","disable_highlight_posts_section_title":true,"disable_feature_posts_section_title":false,"disable_feature_posts_autoplay":true,"slider_image_overlay_opacity":"4","highlight_posts_posts_number":"4","feature_posts_slides_show":"4","highlight_posts_height":"160","disable_latest_posts_section":false,"mid_header_background_color":"rgba(0,0,0,0.25)","highlight_posts_category":"5","disable_sidebar_page":true,"disable_site_tagline_border":true,"highlight_posts_columns":"four_columns","bottom_footer_text_link_color":"#383838","blog_post_category_color":"#f47e00","site_primary_color":"#f47e00","site_hover_color":"#5397d1","feature_posts_section_title":"Featured Posts","site_title_font_control":{"font-family":"Roboto","font-size":"62px","text-transform":"none","font-backup":"","variant":"regular","font-weight":400,"font-style":"normal"},"general_title_font_control":{"font-family":"Roboto","text-transform":"none","font-backup":"","variant":"regular","font-weight":400,"font-style":"normal"},"page_title_font_control":{"font-family":"Roboto","font-size":"48px","text-transform":"none","font-backup":"","variant":"regular","font-weight":400,"font-style":"normal"},"section_title_font_control":{"font-family":"Roboto","font-size":"24px","text-transform":"none","font-backup":"","variant":"regular","font-weight":400,"font-style":"normal"},"site_description_font_control":{"font-family":"Open Sans","font-size":"14px","text-transform":"none","font-backup":"","variant":"regular","font-weight":400,"font-style":"normal"},"main_menu_font_control":{"font-family":"Open Sans","font-size":"15px","text-transform":"none","variant":"600","line-height":"1.5","font-backup":"","font-weight":600,"font-style":"normal"},"body_font_control":{"font-family":"Open Sans","font-size":"15px","font-backup":"","variant":"regular","font-weight":400,"font-style":"normal"},"contact_phone":"+ 1987 123456","contact_email":"yourmail@email.com","contact_address":"Rock Street, San Francisco, California","footer_layout":"footer_three"}}}