{"menu":{"menu-2":6,"menu-1":3},"options":{"blogname":"Bosa Restaurant","blogname-child":"Bosa Restaurant","blogdescription":"Bosa is the perfect theme for your Business","blogdescription-child":"Bosa is the perfect theme for your Business","posts_per_page":"10","posts_per_page-child":"10","date_format":"F j, Y","date_format-child":"F j, Y","time_format":"g:i a","time_format-child":"g:i a","show_on_front":"page","show_on_front-child":"page","thumbnail_size_w":"150","thumbnail_size_w-child":"150","thumbnail_size_h":"150","thumbnail_size_h-child":"150","thumbnail_crop":"1","thumbnail_crop-child":"1","medium_size_w":"300","medium_size_w-child":"300","medium_size_h":"300","medium_size_h-child":"300","avatar_default":"mystery","avatar_default-child":"mystery","large_size_w":"1024","large_size_w-child":"1024","large_size_h":"1024","large_size_h-child":"1024","page_for_posts":"131","page_for_posts-child":"131","page_on_front":"31","page_on_front-child":"31","medium_large_size_w":"768","medium_large_size_w-child":"768","medium_large_size_h":"0","medium_large_size_h-child":"0","theme_mods_bosa-pro":{"0":false,"custom_css_post_id":27,"header_image_slider":[],"social_media_links":[{"icon":"fab fa-facebook","link":"#","target":true},{"icon":"fab fa-google","link":"#","target":true},{"icon":"fab fa-twitter","link":"#","target":true},{"icon":"fab fa-instagram","link":"#","target":true},{"icon":"fab fa-pinterest","link":"#","target":true}],"main_banner_buttons":[{"text":"Read More","link":"#","type":"button-primary"}],"coming_maintenance_buttons":[{"maintenance_btn_type":"button-primary","maintenance_btn_bg_color":"#e27b60","maintenance_btn_border_color":"#ffffff","maintenance_btn_text_color":"#ffffff","maintenance_btn_hover_color":"#95432d","maintenance_btn_text":"learn more","maintenance_btn_link":"#","maintenance_btn_target":true,"maintenance_btn_radius":0}],"coming_maintenance_image_slider":[],"header_layout":"header_two","site_title_color":"#333333","site_tagline_color":"#7f7f7f","bottom_header_text_color":"#383838","site_primary_color":"#e27b60","site_hover_color":"#95432d","header_image_height":"100","logo_width":"170","main_menu_font_control":{"font-family":"Lora","font-size":"17px","text-transform":"none","variant":"600","line-height":"1.5","font-backup":"","font-weight":600,"font-style":"normal"},"blog_page_title_font_control":{"font-family":"Lora","variant":"600","font-size":"20px","text-transform":"capitalize","font-backup":"","font-weight":600,"font-style":"normal"},"advanced_import_setup_complete":1603278742,"site_title_color_transparent_header":"#ffffff","header_button_background_color":"#e27b60","header_button_text":"Book Table","header_button_link":"#","content_color_transparent_header":"#e3e2e2","disable_notification_bar":true,"footer_text":"Copyright \u00a9 2021<a href=\"https:\/\/demo.bosathemes.com\/bosa\/restaurant\" title=\"Bosa Restaurant \"> Bosa Restaurant<\/a> .  Theme: <a href=\"https:\/\/bosathemes.com\/\" target=\"_blank\" title=\"Bosa\" rel=\"author\">Bosa<\/a> By KeonThemes.","main_slider_controls":"banner","main_slider_height":"650","banner_title":"Experience the true taste of food","banner_subtitle":"Corporis dolorum magnam leo aliquid aliquam reiciendis facilisis phasellus, sed proin dictumst porro, mi, consequat, perspiciatis, wisi impedit, nihil scelerisque.","banner_image":83,"banner_image_overlay_opacity":"5","main_banner_content_alignment":"center","highlight_posts_columns":"two_columns","highlight_posts_category":"","highlight_posts_posts_number":"2","highlight_posts_height":"240","highlight_posts_overlay_opacity":"5","site_title_font_control":{"font-family":"Lora","variant":"700","font-size":"26px","text-transform":"none","font-backup":"","font-weight":700,"font-style":"normal"},"general_title_font_control":{"font-family":"Lora","text-transform":"none","font-backup":"","variant":"700","font-weight":700,"font-style":"normal"},"page_title_font_control":{"font-family":"Lora","variant":"700","font-size":"35px","text-transform":"capitalize","font-backup":"","font-weight":700,"font-style":"normal"},"section_title_font_control":{"font-family":"Lora","variant":"700","font-size":"30px","text-transform":"none","font-backup":"","font-weight":700,"font-style":"normal"},"footer_image":72,"social_icons_size":"20","bottom_footer_background_color":"","bottom_footer_text_color":"#b4b4b4","bottom_footer_text_link_color":"#ffffff","bottom_footer_text_link_hover_color":"#95432d","top_footer_background_color":"#060f14","footer_image_size":"pattern","custom_logo":168,"disable_site_title":true,"disable_site_tagline":true,"header_separate_logo":165,"header_button_repeater":[{"header_btn_type":""}],"preloader_animation":"animation_custom","bottom_header_text_link_hover_color":"#95432d","main_slider_font_control":{"font-family":"Lora","variant":"700","font-size":"60px","text-transform":"uppercase","line-height":"1.4","font-backup":"","font-weight":700,"font-style":"normal"},"highlight_posts_font_control":{"font-family":"Lora","variant":"700","font-size":"20px","text-transform":"uppercase","line-height":"1.4","font-backup":"","font-weight":700,"font-style":"normal"},"feature_posts_title_font_control":{"font-family":"Lora","variant":"700","font-size":"20px","text-transform":"none","line-height":"1.3","font-backup":"","font-weight":700,"font-style":"normal"},"blog_post_title_font_control":{"font-family":"Lora","variant":"700","font-size":"22px","text-transform":"none","line-height":"1.4","font-backup":"","font-weight":700,"font-style":"normal"},"archive_post_layout":"list-reverse","feature_posts_overlay_opacity":"3","feature_posts_posts_number":"3","feature_posts_height":"250","feature_posts_font_control":{"font-family":"Lora","variant":"600","font-size":"18px","text-transform":"uppercase","line-height":"1.4","font-backup":"","font-weight":600,"font-style":"normal"},"highlight_posts_title_font_control":{"font-family":"Lora","variant":"600","font-size":"22px","text-transform":"none","line-height":"1.4","font-backup":"","font-weight":600,"font-style":"normal"},"sidebar_widget_title_font_control":{"font-family":"Lora","variant":"600","font-size":"15px","text-transform":"uppercase","line-height":"1.4","font-backup":"","font-weight":600,"font-style":"normal"},"disable_highlight_posts_dots":true,"highlight_posts_section_title_desc_alignment":"center","highlight_posts_slides_show":"2","footer_style_font_control":{"font-family":"Lora","variant":"600","font-size":"15px","text-transform":"none","line-height":"1.6","font-backup":"","font-weight":600,"font-style":"normal"},"notification_button_repeater":[{"noti_btn_type":"button-outline","noti_btn_bg_color":"#e27b60","noti_btn_border_color":"#ffffff","noti_btn_text_color":"#ffffff","noti_btn_hover_color":"#95432d","noti_btn_text":"View More","noti_btn_link":"#","noti_btn_target":true,"noti_btn_radius":0}],"main_slider_button_repeater":[{"slider_btn_type":"button-primary","slider_btn_bg_color":"#e27b60","slider_btn_border_color":"#ffffff","slider_btn_text_color":"#ffffff","slider_btn_hover_color":"#e27b60","slider_btn_text":"Learn More","slider_btn_radius":0}],"main_banner_buttons_repeater":[{"banner_btn_type":"button-primary","banner_btn_bg_color":"#e27b60","banner_btn_border_color":"#ffffff","banner_btn_text_color":"#ffffff","banner_btn_hover_color":"#95432d","banner_btn_text":"Learn More","banner_btn_link":"#","banner_btn_target":true,"banner_btn_radius":0}],"blog_page_button_repeater":[{"blog_btn_type":"button-primary","blog_btn_bg_color":"#e27b60","blog_btn_border_color":"#1a1a1a","blog_btn_text_color":"#ffffff","blog_btn_hover_color":"#e27b60","blog_btn_text":"View More","blog_btn_radius":0}],"transparent_header_button_repeater":[{"transparent_header_btn_type":"button-primary","transparent_header_home_btn_bg_color":"#e27b60","transparent_header_home_btn_border_color":"#ffffff","transparent_header_home_btn_text_color":"#ffffff","transparent_header_btn_bg_color":"#eb5a3e","transparent_header_btn_border_color":"#1a1a1a","transparent_header_btn_text_color":"#ffffff","transparent_header_btn_hover_color":"#95432d","transparent_header_btn_text":"book table","transparent_header_btn_link":"#","transparent_header_btn_target":true,"transparent_header_btn_radius":0}],"disable_hamburger_menu_icon":true,"transparent_header_top_background_color":"rgba(226,123,96,0.5)","top_header_background_color":"#e27b60","top_header_text_color":"#f2f2f2","top_hover_color_transparent_header":"#dd8e78","content_hover_color_transparent_header":"#dd8e78","top_header_text_link_hover_color":"#95432d","header_buttons_font_control":{"font-family":"Open Sans","variant":"600","font-size":"14px","text-transform":"capitalize","line-height":"1.3","font-backup":"","font-weight":600,"font-style":"normal"},"bottom_footer_area_top_padding":"40","bottom_footer_area_bottom_padding":"40","footer_layout":"footer_one","bottom_footer_image":"https:\/\/demo.bosathemes.com\/bosa\/restaurant\/wp-content\/uploads\/sites\/17\/2020\/10\/bosa-restaurant-logo.png","bottom_footer_image_width":"270","bottom_footer_image_link":"https:\/\/demo.bosathemes.com\/bosa\/restaurant","preloader_custom_image":300,"preloader_custom_image_width":"200","main_slider_title_font_control":{"font-family":"Lora","variant":"700","font-size":"60px","text-transform":"uppercase","line-height":"1.4","font-backup":"","font-weight":700,"font-style":"normal"},"main_banner_subtitle_font_control":{"font-family":"Open Sans","variant":"regular","font-size":"16px","text-transform":"initial","line-height":"1.8","font-backup":"","font-weight":400,"font-style":"normal"},"main_banner_button_font_control":{"font-family":"Open Sans","variant":"600","font-size":"15px","text-transform":"capitalize","line-height":"1.5","font-backup":"","font-weight":600,"font-style":"normal"},"bottom_header_background_color":"rgba(255,255,255,0)","contact_address":"Rock Street, San Francisco","contact_phone":"+ 1987 123456","contact_email":"yourmail@email.com","transparent_header_top_header_color":"#f2f2f2","highlight_posts_cat_font_control":{"font-family":"Poppins","variant":"regular","font-size":"12px","text-transform":"uppercase","line-height":"1","font-backup":"","font-weight":400,"font-style":"normal"},"post_title_position":"below_feature_image","page_title_position":"below_feature_image","disable_sticky_sidebar":false,"notification_bar_buttons_font_control":{"font-family":"Open Sans","variant":"regular","font-size":"13px","text-transform":"capitalize","line-height":"1","font-backup":"","font-weight":400,"font-style":"normal"},"top_footer_widget_link_hover_color":"#95432d","separate_hover_color_for_main_slider":"#e4baae","main_slider_button_font_control":{"font-family":"Open Sans","variant":"600","font-size":"15px","text-transform":"capitalize","line-height":"1.5","font-backup":"","font-weight":600,"font-style":"normal"},"hide_post_button":true,"maintenance_buttons_font_control":{"font-family":"Open Sans","variant":"600","font-size":"16px","text-transform":"capitalize","line-height":"1.5","font-backup":"","font-weight":600,"font-style":"normal"},"hide_featured_posts_category":true,"main_banner_title_font_control":{"font-family":"Lora","variant":"600","font-size":"50px","text-transform":"uppercase","line-height":"1.4","font-backup":"","font-weight":600,"font-style":"normal"},"highlight_posts_section_title_font_control":{"font-family":"Lora","variant":"700","font-size":"30px","text-transform":"none","line-height":"1.2","font-backup":"","font-weight":700,"font-style":"normal"},"highlight_post_category_bgcolor":"#e27b60","highlight_post_hover_color":"#95432d"},"theme_mods_bosa-pro-child":{"0":false,"custom_css_post_id":27,"header_image_slider":[],"social_media_links":[{"icon":"fab fa-facebook","link":"#","target":true},{"icon":"fab fa-google","link":"#","target":true},{"icon":"fab fa-twitter","link":"#","target":true},{"icon":"fab fa-instagram","link":"#","target":true},{"icon":"fab fa-pinterest","link":"#","target":true}],"main_banner_buttons":[{"text":"Read More","link":"#","type":"button-primary"}],"coming_maintenance_buttons":[{"maintenance_btn_type":"button-primary","maintenance_btn_bg_color":"#e27b60","maintenance_btn_border_color":"#ffffff","maintenance_btn_text_color":"#ffffff","maintenance_btn_hover_color":"#95432d","maintenance_btn_text":"learn more","maintenance_btn_link":"#","maintenance_btn_target":true,"maintenance_btn_radius":0}],"coming_maintenance_image_slider":[],"header_layout":"header_two","site_title_color":"#333333","site_tagline_color":"#7f7f7f","bottom_header_text_color":"#383838","site_primary_color":"#e27b60","site_hover_color":"#95432d","header_image_height":"100","logo_width":"170","main_menu_font_control":{"font-family":"Lora","font-size":"17px","text-transform":"none","variant":"600","line-height":"1.5","font-backup":"","font-weight":600,"font-style":"normal"},"blog_page_title_font_control":{"font-family":"Lora","variant":"600","font-size":"20px","text-transform":"capitalize","font-backup":"","font-weight":600,"font-style":"normal"},"nav_menu_locations":{"menu-1":3,"menu-2":6},"advanced_import_setup_complete":1603278742,"site_title_color_transparent_header":"#ffffff","header_button_background_color":"#e27b60","header_button_text":"Book Table","header_button_link":"#","content_color_transparent_header":"#e3e2e2","disable_notification_bar":true,"footer_text":"Copyright \u00a9 2021<a href=\"https:\/\/demo.bosathemes.com\/bosa\/restaurant\" title=\"Bosa Restaurant \"> Bosa Restaurant<\/a> .  Theme: <a href=\"https:\/\/bosathemes.com\/\" target=\"_blank\" title=\"Bosa\" rel=\"author\">Bosa<\/a> By KeonThemes.","main_slider_controls":"banner","main_slider_height":"650","banner_title":"Experience the true taste of food","banner_subtitle":"Corporis dolorum magnam leo aliquid aliquam reiciendis facilisis phasellus, sed proin dictumst porro, mi, consequat, perspiciatis, wisi impedit, nihil scelerisque.","banner_image":83,"banner_image_overlay_opacity":"5","main_banner_content_alignment":"center","highlight_posts_columns":"two_columns","highlight_posts_category":"","highlight_posts_posts_number":"2","highlight_posts_height":"240","highlight_posts_overlay_opacity":"5","site_title_font_control":{"font-family":"Lora","variant":"700","font-size":"26px","text-transform":"none","font-backup":"","font-weight":700,"font-style":"normal"},"general_title_font_control":{"font-family":"Lora","text-transform":"none","font-backup":"","variant":"700","font-weight":700,"font-style":"normal"},"page_title_font_control":{"font-family":"Lora","variant":"700","font-size":"35px","text-transform":"capitalize","font-backup":"","font-weight":700,"font-style":"normal"},"section_title_font_control":{"font-family":"Lora","variant":"700","font-size":"30px","text-transform":"none","font-backup":"","font-weight":700,"font-style":"normal"},"footer_image":72,"social_icons_size":"20","bottom_footer_background_color":"","bottom_footer_text_color":"#b4b4b4","bottom_footer_text_link_color":"#ffffff","bottom_footer_text_link_hover_color":"#95432d","top_footer_background_color":"#060f14","footer_image_size":"pattern","custom_logo":168,"disable_site_title":true,"disable_site_tagline":true,"header_separate_logo":165,"header_button_repeater":[{"header_btn_type":""}],"preloader_animation":"animation_custom","bottom_header_text_link_hover_color":"#95432d","main_slider_font_control":{"font-family":"Lora","variant":"700","font-size":"60px","text-transform":"uppercase","line-height":"1.4","font-backup":"","font-weight":700,"font-style":"normal"},"highlight_posts_font_control":{"font-family":"Lora","variant":"700","font-size":"20px","text-transform":"uppercase","line-height":"1.4","font-backup":"","font-weight":700,"font-style":"normal"},"feature_posts_title_font_control":{"font-family":"Lora","variant":"700","font-size":"20px","text-transform":"none","line-height":"1.3","font-backup":"","font-weight":700,"font-style":"normal"},"blog_post_title_font_control":{"font-family":"Lora","variant":"700","font-size":"22px","text-transform":"none","line-height":"1.4","font-backup":"","font-weight":700,"font-style":"normal"},"archive_post_layout":"list-reverse","feature_posts_overlay_opacity":"3","feature_posts_posts_number":"3","feature_posts_height":"250","feature_posts_font_control":{"font-family":"Lora","variant":"600","font-size":"18px","text-transform":"uppercase","line-height":"1.4","font-backup":"","font-weight":600,"font-style":"normal"},"highlight_posts_title_font_control":{"font-family":"Lora","variant":"600","font-size":"22px","text-transform":"none","line-height":"1.4","font-backup":"","font-weight":600,"font-style":"normal"},"sidebar_widget_title_font_control":{"font-family":"Lora","variant":"600","font-size":"15px","text-transform":"uppercase","line-height":"1.4","font-backup":"","font-weight":600,"font-style":"normal"},"disable_highlight_posts_dots":true,"highlight_posts_section_title_desc_alignment":"center","highlight_posts_slides_show":"2","footer_style_font_control":{"font-family":"Lora","variant":"600","font-size":"15px","text-transform":"none","line-height":"1.6","font-backup":"","font-weight":600,"font-style":"normal"},"notification_button_repeater":[{"noti_btn_type":"button-outline","noti_btn_bg_color":"#e27b60","noti_btn_border_color":"#ffffff","noti_btn_text_color":"#ffffff","noti_btn_hover_color":"#95432d","noti_btn_text":"View More","noti_btn_link":"#","noti_btn_target":true,"noti_btn_radius":0}],"main_slider_button_repeater":[{"slider_btn_type":"button-primary","slider_btn_bg_color":"#e27b60","slider_btn_border_color":"#ffffff","slider_btn_text_color":"#ffffff","slider_btn_hover_color":"#e27b60","slider_btn_text":"Learn More","slider_btn_radius":0}],"main_banner_buttons_repeater":[{"banner_btn_type":"button-primary","banner_btn_bg_color":"#e27b60","banner_btn_border_color":"#ffffff","banner_btn_text_color":"#ffffff","banner_btn_hover_color":"#95432d","banner_btn_text":"Learn More","banner_btn_link":"#","banner_btn_target":true,"banner_btn_radius":0}],"blog_page_button_repeater":[{"blog_btn_type":"button-primary","blog_btn_bg_color":"#e27b60","blog_btn_border_color":"#1a1a1a","blog_btn_text_color":"#ffffff","blog_btn_hover_color":"#e27b60","blog_btn_text":"View More","blog_btn_radius":0}],"transparent_header_button_repeater":[{"transparent_header_btn_type":"button-primary","transparent_header_home_btn_bg_color":"#e27b60","transparent_header_home_btn_border_color":"#ffffff","transparent_header_home_btn_text_color":"#ffffff","transparent_header_btn_bg_color":"#eb5a3e","transparent_header_btn_border_color":"#1a1a1a","transparent_header_btn_text_color":"#ffffff","transparent_header_btn_hover_color":"#95432d","transparent_header_btn_text":"book table","transparent_header_btn_link":"#","transparent_header_btn_target":true,"transparent_header_btn_radius":0}],"disable_hamburger_menu_icon":true,"transparent_header_top_background_color":"rgba(226,123,96,0.5)","top_header_background_color":"#e27b60","top_header_text_color":"#f2f2f2","top_hover_color_transparent_header":"#dd8e78","content_hover_color_transparent_header":"#dd8e78","top_header_text_link_hover_color":"#95432d","header_buttons_font_control":{"font-family":"Open Sans","variant":"600","font-size":"14px","text-transform":"capitalize","line-height":"1.3","font-backup":"","font-weight":600,"font-style":"normal"},"bottom_footer_area_top_padding":"40","bottom_footer_area_bottom_padding":"40","footer_layout":"footer_one","bottom_footer_image":"https:\/\/demo.bosathemes.com\/bosa\/restaurant\/wp-content\/uploads\/sites\/17\/2020\/10\/bosa-restaurant-logo.png","bottom_footer_image_width":"270","bottom_footer_image_link":"https:\/\/demo.bosathemes.com\/bosa\/restaurant","preloader_custom_image":300,"preloader_custom_image_width":"200","main_slider_title_font_control":{"font-family":"Lora","variant":"700","font-size":"60px","text-transform":"uppercase","line-height":"1.4","font-backup":"","font-weight":700,"font-style":"normal"},"main_banner_subtitle_font_control":{"font-family":"Open Sans","variant":"regular","font-size":"16px","text-transform":"initial","line-height":"1.8","font-backup":"","font-weight":400,"font-style":"normal"},"main_banner_button_font_control":{"font-family":"Open Sans","variant":"600","font-size":"15px","text-transform":"capitalize","line-height":"1.5","font-backup":"","font-weight":600,"font-style":"normal"},"bottom_header_background_color":"rgba(255,255,255,0)","contact_address":"Rock Street, San Francisco","contact_phone":"+ 1987 123456","contact_email":"yourmail@email.com","transparent_header_top_header_color":"#f2f2f2","highlight_posts_cat_font_control":{"font-family":"Poppins","variant":"regular","font-size":"12px","text-transform":"uppercase","line-height":"1","font-backup":"","font-weight":400,"font-style":"normal"},"post_title_position":"below_feature_image","page_title_position":"below_feature_image","disable_sticky_sidebar":false,"notification_bar_buttons_font_control":{"font-family":"Open Sans","variant":"regular","font-size":"13px","text-transform":"capitalize","line-height":"1","font-backup":"","font-weight":400,"font-style":"normal"},"top_footer_widget_link_hover_color":"#95432d","separate_hover_color_for_main_slider":"#e4baae","main_slider_button_font_control":{"font-family":"Open Sans","variant":"600","font-size":"15px","text-transform":"capitalize","line-height":"1.5","font-backup":"","font-weight":600,"font-style":"normal"},"hide_post_button":true,"maintenance_buttons_font_control":{"font-family":"Open Sans","variant":"600","font-size":"16px","text-transform":"capitalize","line-height":"1.5","font-backup":"","font-weight":600,"font-style":"normal"},"hide_featured_posts_category":true,"main_banner_title_font_control":{"font-family":"Lora","variant":"600","font-size":"50px","text-transform":"uppercase","line-height":"1.4","font-backup":"","font-weight":600,"font-style":"normal"},"highlight_posts_section_title_font_control":{"font-family":"Lora","variant":"700","font-size":"30px","text-transform":"none","line-height":"1.2","font-backup":"","font-weight":700,"font-style":"normal"},"highlight_post_category_bgcolor":"#e27b60","highlight_post_hover_color":"#95432d"},"woocommerce_shop_page_id":"192","woocommerce_shop_page_id-child":"192"}}