{"widget_positions":{"wp_inactive_widgets":[],"right-sidebar":["bosa_pro_author_widget-2","bosa_pro_latest_post-2","media_image-2","categories-3","media_gallery-2"],"menu-sidebar":["categories-4","bosa_pro_latest_post-4"],"left-sidebar":["archives-2","categories-2","meta-2"],"woocommerce-right-sidebar":["woocommerce_product_search-2","woocommerce_price_filter-2","woocommerce_product_categories-2","media_gallery-3"],"woocommerce-left-sidebar":[],"footer-sidebar-1":[],"footer-sidebar-2":[],"footer-sidebar-3":[],"footer-sidebar-4":[],"array_version":3},"widget_options":{"bosa_pro_author_widget":{"2":{"title":"About director","page_id":146,"full-square-thumb":false,"page_title":true,"excerpt_count":"20","sub_title":"Restaurant Manager","social_title":null,"social_desc":null,"social_menu_icon_1":"fab fa-facebook","social_menu_link_1":"#","social_menu_icon_2":"fab fa-twitter","social_menu_link_2":"#","social_menu_icon_3":"fab fa-instagram","social_menu_link_3":"#","social_menu_icon_4":"","social_menu_link_4":"","social_menu_icon_5":"","social_menu_link_5":"","social_menu_icon_6":"","social_menu_link_6":"","social_menu_icon_7":"","social_menu_link_7":"","social_menu_icon_8":"","social_menu_link_8":"","social_menu_icon_9":"","social_menu_link_9":""},"_multiwidget":1},"bosa_pro_latest_post":{"2":{"title":"Recent posts","per_page":"3","show_date_comment":true,"layout":"left"},"_multiwidget":1,"4":{"title":"Latest Posts","per_page":"5","show_date_comment":true,"layout":"left"}},"media_image":{"2":{"size":"full","width":369,"height":451,"caption":"","alt":"","link_type":"custom","link_url":"#","image_classes":"","link_classes":"","link_rel":"","link_target_blank":false,"image_title":"Advertisement","attachment_id":149,"url":"https:\/\/demo.bosathemes.com\/bosa\/restaurant\/wp-content\/uploads\/sites\/17\/2020\/10\/bosa-restaurant-img56.png","title":"Advertisement"},"_multiwidget":1},"categories":{"2":{"title":"","count":0,"hierarchical":0,"dropdown":0},"3":{"title":"Categories","count":0,"hierarchical":0,"dropdown":0},"4":{"title":"Categories","count":1,"hierarchical":0,"dropdown":0},"_multiwidget":1},"media_gallery":{"2":{"title":"Gallery","ids":[141,140,75,76,74,77],"columns":3,"size":"thumbnail","link_type":"post","orderby_random":false},"3":{"title":"Gallery","ids":[207,206,205,204,203,202],"columns":3,"size":"thumbnail","link_type":"post","orderby_random":false},"_multiwidget":1},"archives":{"2":{"title":"","count":0,"dropdown":0},"_multiwidget":1},"meta":{"2":{"title":""},"_multiwidget":1},"woocommerce_product_search":{"2":{"title":"Search product"},"_multiwidget":1},"woocommerce_price_filter":{"2":{"title":"Filter by price"},"_multiwidget":1},"woocommerce_product_categories":{"2":{"title":"Product categories","orderby":"name","dropdown":0,"count":1,"hierarchical":0,"show_children_only":0,"hide_empty":1,"max_depth":""},"_multiwidget":1}}}