[
 {
        "title": "Agency 1",
        "is_pro": "false",
        "pro_url": "https://keonthemes.com/downloads/gutener-pro",
        "type": "normal",
        "author": "Keon Themes",
        "keywords": ["agency","agency 1","multipurpose"],
        "categories": ["agency"],
        "template_url": {
                        "content": "https://gitlab.com/aemov/keon-toolset-demos/-/raw/master/gutener/demo/agency/agency1/content.json",
                        "options": "https://gitlab.com/aemov/keon-toolset-demos/-/raw/master/gutener/demo/agency/agency1/options.json",
                        "widgets": "https://gitlab.com/aemov/keon-toolset-demos/-/raw/master/gutener/demo/agency/agency1/widgets.json"
        },
        "screenshot_url": "https://gitlab.com/aemov/keon-toolset-demos/-/raw/master/gutener/screenshots/demo8/gutener-agency1-760-460.jpg",
        "demo_url": "https://demo.keonthemes.com/gutener/demo8/",
        "plugins": [
                    {
                      "name": "Contact Form 7",
                      "slug": "contact-form-7",
                      "main_file": "wp-contact-form-7.php"
                     },
                     {
                      "name": "Gutentor",
                      "slug": "gutentor"
                     },
                     {
                      "name": "Mailchimp for WordPress",
                      "slug": "mailchimp-for-wp"
                     },
                     {
                      "name": "WooCommerce",
                      "slug": "woocommerce"
                        }
                    ]
    },
    {
        "title": "Agency 2",
        "is_pro": "false",
        "pro_url": "https://keonthemes.com/downloads/gutener-pro",
        "type": "normal",
        "author": "Keon Themes",
        "keywords": ["agency","agency 2","multipurpose"],
        "categories": ["agency"],
        "template_url": {
                        "content": "https://gitlab.com/aemov/keon-toolset-demos/-/raw/master/gutener/demo/agency/agency2/content.json",
                        "options": "https://gitlab.com/aemov/keon-toolset-demos/-/raw/master/gutener/demo/agency/agency2/options.json",
                        "widgets": "https://gitlab.com/aemov/keon-toolset-demos/-/raw/master/gutener/demo/agency/agency2/widgets.json"
        },
        "screenshot_url": "https://gitlab.com/aemov/keon-toolset-demos/-/raw/master/gutener/screenshots/demo115/gutener-agency2-760-460.jpg",
        "demo_url": "https://demo.keonthemes.com/gutener/demo115/",
        "plugins": [
                    {
                      "name": "Contact Form 7",
                      "slug": "contact-form-7",
                      "main_file": "wp-contact-form-7.php"
                     },
                     {
                      "name": "Gutentor",
                      "slug": "gutentor"
                     },
                     {
                      "name": "Mailchimp for WordPress",
                      "slug": "mailchimp-for-wp"
                     },
                     {
                      "name": "WooCommerce",
                      "slug": "woocommerce"
                        }
                    ]
    },
    {
        "title": "Blog 1",
        "is_pro": "false",
        "pro_url": "https://keonthemes.com/downloads/gutener-pro",
        "type": "normal",
        "author": "Keon Themes",
        "keywords": ["blog","blog 1","multipurpose"],
        "categories": ["blog"],
        "template_url": {
                        "content": "https://gitlab.com/aemov/keon-toolset-demos/-/raw/master/gutener/demo/blog/blog1/content.json",
                        "options": "https://gitlab.com/aemov/keon-toolset-demos/-/raw/master/gutener/demo/blog/blog1/options.json",
                        "widgets": "https://gitlab.com/aemov/keon-toolset-demos/-/raw/master/gutener/demo/blog/blog1/widgets.json"
        },
        "screenshot_url": "https://gitlab.com/aemov/keon-toolset-demos/-/raw/master/gutener/screenshots/demo2/gutener-blog1-760-460.jpg",
        "demo_url": "https://demo.keonthemes.com/gutener/demo2/",
        "plugins": [
                    {
                      "name": "Contact Form 7",
                      "slug": "contact-form-7",
                      "main_file": "wp-contact-form-7.php"
                     },
                     {
                      "name": "Gutentor",
                      "slug": "gutentor"
                     },
                     {
                      "name": "Mailchimp for WordPress",
                      "slug": "mailchimp-for-wp"
                     },
                     {
                      "name": "Smash Balloon Instagram Feed",
                      "slug": "instagram-feed"
                     },
                     {
                      "name": "AddToAny Share Buttons",
                      "slug": "add-to-any"
                        }
                    ]
    },
    {
        "title": "Blog 2",
        "is_pro": "false",
        "pro_url": "https://keonthemes.com/downloads/gutener-pro",
        "type": "normal",
        "author": "Keon Themes",
        "keywords": ["blog","blog 2","multipurpose"],
        "categories": ["blog"],
        "template_url": {
                        "content": "https://gitlab.com/aemov/keon-toolset-demos/-/raw/master/gutener/demo/blog/blog2/content.json",
                        "options": "https://gitlab.com/aemov/keon-toolset-demos/-/raw/master/gutener/demo/blog/blog2/options.json",
                        "widgets": "https://gitlab.com/aemov/keon-toolset-demos/-/raw/master/gutener/demo/blog/blog2/widgets.json"
        },
        "screenshot_url": "https://gitlab.com/aemov/keon-toolset-demos/-/raw/master/gutener/screenshots/demo201/gutener-blog2-760-460.jpg",
        "demo_url": "https://demo.keonthemes.com/gutener/demo201/",
        "plugins": [
                    {
                      "name": "Contact Form 7",
                      "slug": "contact-form-7",
                      "main_file": "wp-contact-form-7.php"
                     },
                     {
                      "name": "Gutentor",
                      "slug": "gutentor"
                     },
                     {
                      "name": "Mailchimp for WordPress",
                      "slug": "mailchimp-for-wp"
                     },
                     {
                      "name": "Smash Balloon Instagram Feed",
                      "slug": "instagram-feed"
                     },
                     {
                      "name": "AddToAny Share Buttons",
                      "slug": "add-to-any"
                        }
                    ]
    },
    {
        "title": "Blog 3",
        "is_pro": "false",
        "pro_url": "https://keonthemes.com/downloads/gutener-pro",
        "type": "normal",
        "author": "Keon Themes",
        "keywords": ["blog","blog 3","multipurpose"],
        "categories": ["blog"],
        "template_url": {
                        "content": "https://gitlab.com/aemov/keon-toolset-demos/-/raw/master/gutener/demo/blog/blog3/content.json",
                        "options": "https://gitlab.com/aemov/keon-toolset-demos/-/raw/master/gutener/demo/blog/blog3/options.json",
                        "widgets": "https://gitlab.com/aemov/keon-toolset-demos/-/raw/master/gutener/demo/blog/blog3/widgets.json"
        },
        "screenshot_url": "https://gitlab.com/aemov/keon-toolset-demos/-/raw/master/gutener/screenshots/demo202/gutener-blog3-760-460.jpg",
        "demo_url": "https://demo.keonthemes.com/gutener/demo202/",
        "plugins": [
                    {
                      "name": "Contact Form 7",
                      "slug": "contact-form-7",
                      "main_file": "wp-contact-form-7.php"
                     },
                     {
                      "name": "Gutentor",
                      "slug": "gutentor"
                     },
                     {
                      "name": "Mailchimp for WordPress",
                      "slug": "mailchimp-for-wp"
                     },
                     {
                      "name": "Smash Balloon Instagram Feed",
                      "slug": "instagram-feed"
                     },
                     {
                      "name": "AddToAny Share Buttons",
                      "slug": "add-to-any"
                        }
                    ]
    },
    {
        "title": "Blog 4",
        "is_pro": "false",
        "pro_url": "https://keonthemes.com/downloads/gutener-pro",
        "type": "normal",
        "author": "Keon Themes",
        "keywords": ["blog","blog 4","multipurpose"],
        "categories": ["blog"],
        "template_url": {
                        "content": "https://gitlab.com/aemov/keon-toolset-demos/-/raw/master/gutener/demo/blog/blog4/content.json",
                        "options": "https://gitlab.com/aemov/keon-toolset-demos/-/raw/master/gutener/demo/blog/blog4/options.json",
                        "widgets": "https://gitlab.com/aemov/keon-toolset-demos/-/raw/master/gutener/demo/blog/blog4/widgets.json"
        },
        "screenshot_url": "https://gitlab.com/aemov/keon-toolset-demos/-/raw/master/gutener/screenshots/demo203/gutener-blog4-760-460.jpg",
        "demo_url": "https://demo.keonthemes.com/gutener/demo203/",
        "plugins": [
                    {
                      "name": "Contact Form 7",
                      "slug": "contact-form-7",
                      "main_file": "wp-contact-form-7.php"
                     },
                     {
                      "name": "Gutentor",
                      "slug": "gutentor"
                     },
                     {
                      "name": "Mailchimp for WordPress",
                      "slug": "mailchimp-for-wp"
                     },
                     {
                      "name": "Smash Balloon Instagram Feed",
                      "slug": "instagram-feed"
                     },
                     {
                      "name": "AddToAny Share Buttons",
                      "slug": "add-to-any"
                        }
                    ]
    },
    {
        "title": "Blog 5",
        "is_pro": "false",
        "pro_url": "https://keonthemes.com/downloads/gutener-pro",
        "type": "normal",
        "author": "Keon Themes",
        "keywords": ["blog","blog 5","multipurpose"],
        "categories": ["blog"],
        "template_url": {
                        "content": "https://gitlab.com/aemov/keon-toolset-demos/-/raw/master/gutener/demo/blog/blog5/content.json",
                        "options": "https://gitlab.com/aemov/keon-toolset-demos/-/raw/master/gutener/demo/blog/blog5/options.json",
                        "widgets": "https://gitlab.com/aemov/keon-toolset-demos/-/raw/master/gutener/demo/blog/blog5/widgets.json"
        },
        "screenshot_url": "https://gitlab.com/aemov/keon-toolset-demos/-/raw/master/gutener/screenshots/demo204/gutener-blog5-760-460.jpg",
        "demo_url": "https://demo.keonthemes.com/gutener/demo204/",
        "plugins": [
                    {
                      "name": "Contact Form 7",
                      "slug": "contact-form-7",
                      "main_file": "wp-contact-form-7.php"
                     },
                     {
                      "name": "Gutentor",
                      "slug": "gutentor"
                     },
                     {
                      "name": "Mailchimp for WordPress",
                      "slug": "mailchimp-for-wp"
                     },
                     {
                      "name": "Smash Balloon Instagram Feed",
                      "slug": "instagram-feed"
                     },
                     {
                      "name": "AddToAny Share Buttons",
                      "slug": "add-to-any"
                        }
                    ]
    },
    {
        "title": "Blog 6",
        "is_pro": "false",
        "pro_url": "https://keonthemes.com/downloads/gutener-pro",
        "type": "normal",
        "author": "Keon Themes",
        "keywords": ["blog","blog 6","multipurpose"],
        "categories": ["blog"],
        "template_url": {
                        "content": "https://gitlab.com/aemov/keon-toolset-demos/-/raw/master/gutener/demo/blog/blog6/content.json",
                        "options": "https://gitlab.com/aemov/keon-toolset-demos/-/raw/master/gutener/demo/blog/blog6/options.json",
                        "widgets": "https://gitlab.com/aemov/keon-toolset-demos/-/raw/master/gutener/demo/blog/blog6/widgets.json"
        },
        "screenshot_url": "https://gitlab.com/aemov/keon-toolset-demos/-/raw/master/gutener/screenshots/demo205/gutener-blog6-760-460.jpg",
        "demo_url": "https://demo.keonthemes.com/gutener/demo205/",
        "plugins": [
                    {
                      "name": "Contact Form 7",
                      "slug": "contact-form-7",
                      "main_file": "wp-contact-form-7.php"
                     },
                     {
                      "name": "Gutentor",
                      "slug": "gutentor"
                     },
                     {
                      "name": "Mailchimp for WordPress",
                      "slug": "mailchimp-for-wp"
                     },
                     {
                      "name": "AddToAny Share Buttons",
                      "slug": "add-to-any"
                        }
                    ]
    },
    {
        "title": "Blog 7",
        "is_pro": "false",
        "pro_url": "https://keonthemes.com/downloads/gutener-pro",
        "type": "normal",
        "author": "Keon Themes",
        "keywords": ["blog","blog 7","multipurpose"],
        "categories": ["blog"],
        "template_url": {
                        "content": "https://gitlab.com/aemov/keon-toolset-demos/-/raw/master/gutener/demo/blog/blog7/content.json",
                        "options": "https://gitlab.com/aemov/keon-toolset-demos/-/raw/master/gutener/demo/blog/blog7/options.json",
                        "widgets": "https://gitlab.com/aemov/keon-toolset-demos/-/raw/master/gutener/demo/blog/blog7/widgets.json"
        },
        "screenshot_url": "https://gitlab.com/aemov/keon-toolset-demos/-/raw/master/gutener/screenshots/demo206/gutener-blog7-760-460.jpg",
        "demo_url": "https://demo.keonthemes.com/gutener/demo206/",
        "plugins": [
                    {
                      "name": "Contact Form 7",
                      "slug": "contact-form-7",
                      "main_file": "wp-contact-form-7.php"
                     },
                     {
                      "name": "Gutentor",
                      "slug": "gutentor"
                     },
                     {
                      "name": "Mailchimp for WordPress",
                      "slug": "mailchimp-for-wp"
                     },
                     {
                      "name": "AddToAny Share Buttons",
                      "slug": "add-to-any"
                        }
                    ]
    },
    {
        "title": "Blog 8",
        "is_pro": "false",
        "pro_url": "https://keonthemes.com/downloads/gutener-pro",
        "type": "normal",
        "author": "Keon Themes",
        "keywords": ["blog","blog 8","multipurpose"],
        "categories": ["blog"],
        "template_url": {
                        "content": "https://gitlab.com/aemov/keon-toolset-demos/-/raw/master/gutener/demo/blog/blog8/content.json",
                        "options": "https://gitlab.com/aemov/keon-toolset-demos/-/raw/master/gutener/demo/blog/blog8/options.json",
                        "widgets": "https://gitlab.com/aemov/keon-toolset-demos/-/raw/master/gutener/demo/blog/blog8/widgets.json"
        },
        "screenshot_url": "https://gitlab.com/aemov/keon-toolset-demos/-/raw/master/gutener/screenshots/demo208/gutener-blog8-760-460.jpg",
        "demo_url": "https://demo.keonthemes.com/gutener/demo208/",
        "plugins": [
                    {
                      "name": "Contact Form 7",
                      "slug": "contact-form-7",
                      "main_file": "wp-contact-form-7.php"
                     },
                     {
                      "name": "Gutentor",
                      "slug": "gutentor"
                     },
                     {
                      "name": "Mailchimp for WordPress",
                      "slug": "mailchimp-for-wp"
                     },
                     {
                      "name": "AddToAny Share Buttons",
                      "slug": "add-to-any"
                        }
                    ]
    },
    {
        "title": "Blog 9",
        "is_pro": "false",
        "pro_url": "https://keonthemes.com/downloads/gutener-pro",
        "type": "normal",
        "author": "Keon Themes",
        "keywords": ["blog","blog 9","multipurpose"],
        "categories": ["blog"],
        "template_url": {
                        "content": "https://gitlab.com/aemov/keon-toolset-demos/-/raw/master/gutener/demo/blog/blog9/content.json",
                        "options": "https://gitlab.com/aemov/keon-toolset-demos/-/raw/master/gutener/demo/blog/blog9/options.json",
                        "widgets": "https://gitlab.com/aemov/keon-toolset-demos/-/raw/master/gutener/demo/blog/blog9/widgets.json"
        },
        "screenshot_url": "https://gitlab.com/aemov/keon-toolset-demos/-/raw/master/gutener/screenshots/demo209/gutener-blog9-760-460.jpg",
        "demo_url": "https://demo.keonthemes.com/gutener/demo209/",
        "plugins": [
                    {
                      "name": "Contact Form 7",
                      "slug": "contact-form-7",
                      "main_file": "wp-contact-form-7.php"
                     },
                     {
                      "name": "Gutentor",
                      "slug": "gutentor"
                     },
                     {
                      "name": "Mailchimp for WordPress",
                      "slug": "mailchimp-for-wp"
                     },
                     {
                      "name": "AddToAny Share Buttons",
                      "slug": "add-to-any"
                        }
                    ]
    },
    {
        "title": "Blog 10",
        "is_pro": "false",
        "pro_url": "https://keonthemes.com/downloads/gutener-pro",
        "type": "normal",
        "author": "Keon Themes",
        "keywords": ["blog","blog 10","multipurpose"],
        "categories": ["blog"],
        "template_url": {
                        "content": "https://gitlab.com/aemov/keon-toolset-demos/-/raw/master/gutener/demo/blog/blog10/content.json",
                        "options": "https://gitlab.com/aemov/keon-toolset-demos/-/raw/master/gutener/demo/blog/blog10/options.json",
                        "widgets": "https://gitlab.com/aemov/keon-toolset-demos/-/raw/master/gutener/demo/blog/blog10/widgets.json"
        },
        "screenshot_url": "https://gitlab.com/aemov/keon-toolset-demos/-/raw/master/gutener/screenshots/demo7/gutener-blog10-760-460.jpg",
        "demo_url": "https://demo.keonthemes.com/gutener/demo7/",
        "plugins": [
                    {
                      "name": "Contact Form 7",
                      "slug": "contact-form-7",
                      "main_file": "wp-contact-form-7.php"
                     },
                     {
                      "name": "Gutentor",
                      "slug": "gutentor"
                     },
                     {
                      "name": "Mailchimp for WordPress",
                      "slug": "mailchimp-for-wp"
                     },
                     {
                      "name": "AddToAny Share Buttons",
                      "slug": "add-to-any"
                        }
                    ]
    },
    {
        "title": "Blog 11",
        "is_pro": "false",
        "pro_url": "https://keonthemes.com/downloads/gutener-pro",
        "type": "normal",
        "author": "Keon Themes",
        "keywords": ["blog","blog 11","multipurpose"],
        "categories": ["blog"],
        "template_url": {
                        "content": "https://gitlab.com/aemov/keon-toolset-demos/-/raw/master/gutener/demo/blog/blog11/content.json",
                        "options": "https://gitlab.com/aemov/keon-toolset-demos/-/raw/master/gutener/demo/blog/blog11/options.json",
                        "widgets": "https://gitlab.com/aemov/keon-toolset-demos/-/raw/master/gutener/demo/blog/blog11/widgets.json"
        },
        "screenshot_url": "https://gitlab.com/aemov/keon-toolset-demos/-/raw/master/gutener/screenshots/demo210/gutener-blog11-760-460.jpg",
        "demo_url": "https://demo.keonthemes.com/gutener/demo210/",
        "plugins": [
                    {
                      "name": "Contact Form 7",
                      "slug": "contact-form-7",
                      "main_file": "wp-contact-form-7.php"
                     },
                     {
                      "name": "Gutentor",
                      "slug": "gutentor"
                     },
                     {
                      "name": "Mailchimp for WordPress",
                      "slug": "mailchimp-for-wp"
                     },
                     {
                      "name": "AddToAny Share Buttons",
                      "slug": "add-to-any"
                        }
                    ]
    },
    {
        "title": "Business 1",
        "is_pro": "false",
        "pro_url": "https://keonthemes.com/downloads/gutener-pro",
        "type": "normal",
        "author": "Keon Themes",
        "keywords": ["business","business 1","multipurpose"],
        "categories": ["business"],
        "template_url": {
                        "content": "https://gitlab.com/aemov/keon-toolset-demos/-/raw/master/gutener/demo/business/business1/content.json",
                        "options": "https://gitlab.com/aemov/keon-toolset-demos/-/raw/master/gutener/demo/business/business1/options.json",
                        "widgets": "https://gitlab.com/aemov/keon-toolset-demos/-/raw/master/gutener/demo/business/business1/widgets.json"
        },
        "screenshot_url": "https://gitlab.com/aemov/keon-toolset-demos/-/raw/master/gutener/screenshots/demo102/gutener-business1-760-460.jpg",
        "demo_url": "https://demo.keonthemes.com/gutener/demo102/",
        "plugins": [
                    {
                      "name": "Contact Form 7",
                      "slug": "contact-form-7",
                      "main_file": "wp-contact-form-7.php"
                     },
                     {
                      "name": "Gutentor",
                      "slug": "gutentor"
                     },
                     {
                      "name": "Mailchimp for WordPress",
                      "slug": "mailchimp-for-wp"
                     }
                    ]
    },
    {
        "title": "Business 2",
        "is_pro": "false",
        "pro_url": "https://keonthemes.com/downloads/gutener-pro",
        "type": "normal",
        "author": "Keon Themes",
        "keywords": ["business","business 2","multipurpose"],
        "categories": ["business"],
        "template_url": {
                        "content": "https://gitlab.com/aemov/keon-toolset-demos/-/raw/master/gutener/demo/business/business2/content.json",
                        "options": "https://gitlab.com/aemov/keon-toolset-demos/-/raw/master/gutener/demo/business/business2/options.json",
                        "widgets": "https://gitlab.com/aemov/keon-toolset-demos/-/raw/master/gutener/demo/business/business2/widgets.json"
        },
        "screenshot_url": "https://gitlab.com/aemov/keon-toolset-demos/-/raw/master/gutener/screenshots/demo108/gutener-business2-760-460.jpg",
        "demo_url": "https://demo.keonthemes.com/gutener/demo108/",
        "plugins": [
                    {
                      "name": "Contact Form 7",
                      "slug": "contact-form-7",
                      "main_file": "wp-contact-form-7.php"
                     },
                     {
                      "name": "Gutentor",
                      "slug": "gutentor"
                     },
                     {
                      "name": "Mailchimp for WordPress",
                      "slug": "mailchimp-for-wp"
                     }
                    ]
    },
    {
        "title": "Business 3",
        "is_pro": "false",
        "pro_url": "https://keonthemes.com/downloads/gutener-pro",
        "type": "normal",
        "author": "Keon Themes",
        "keywords": ["business","business 3","multipurpose"],
        "categories": ["business"],
        "template_url": {
                        "content": "https://gitlab.com/aemov/keon-toolset-demos/-/raw/master/gutener/demo/business/business3/content.json",
                        "options": "https://gitlab.com/aemov/keon-toolset-demos/-/raw/master/gutener/demo/business/business3/options.json",
                        "widgets": "https://gitlab.com/aemov/keon-toolset-demos/-/raw/master/gutener/demo/business/business3/widgets.json"
        },
        "screenshot_url": "https://gitlab.com/aemov/keon-toolset-demos/-/raw/master/gutener/screenshots/demo12/gutener-business3-760-460.jpg",
        "demo_url": "https://demo.keonthemes.com/gutener/demo12/",
        "plugins": [
                    {
                      "name": "Contact Form 7",
                      "slug": "contact-form-7",
                      "main_file": "wp-contact-form-7.php"
                     },
                     {
                      "name": "Gutentor",
                      "slug": "gutentor"
                     },
                     {
                      "name": "Mailchimp for WordPress",
                      "slug": "mailchimp-for-wp"
                     }
                    ]
    },
    {
        "title": "Business 4",
        "is_pro": "false",
        "pro_url": "https://keonthemes.com/downloads/gutener-pro",
        "type": "normal",
        "author": "Keon Themes",
        "keywords": ["business","business 4","multipurpose"],
        "categories": ["business"],
        "template_url": {
                        "content": "https://gitlab.com/aemov/keon-toolset-demos/-/raw/master/gutener/demo/business/business4/content.json",
                        "options": "https://gitlab.com/aemov/keon-toolset-demos/-/raw/master/gutener/demo/business/business4/options.json",
                        "widgets": "https://gitlab.com/aemov/keon-toolset-demos/-/raw/master/gutener/demo/business/business4/widgets.json"
        },
        "screenshot_url": "https://gitlab.com/aemov/keon-toolset-demos/-/raw/master/gutener/screenshots/demo13/gutener-business4-760-460.jpg",
        "demo_url": "https://demo.keonthemes.com/gutener/demo13/",
        "plugins": [
                    {
                      "name": "Contact Form 7",
                      "slug": "contact-form-7",
                      "main_file": "wp-contact-form-7.php"
                     },
                     {
                      "name": "Gutentor",
                      "slug": "gutentor"
                     }
                    ]
    },
    {
        "title": "Car Dealer",
        "is_pro": "false",
        "pro_url": "https://keonthemes.com/downloads/gutener-pro",
        "type": "normal",
        "author": "Keon Themes",
        "keywords": ["car","dealer","car dealer","multipurpose"],
        "categories": ["car-dealer"],
        "template_url": {
                        "content": "https://gitlab.com/aemov/keon-toolset-demos/-/raw/master/gutener/demo/car-dealer/content.json",
                        "options": "https://gitlab.com/aemov/keon-toolset-demos/-/raw/master/gutener/demo/car-dealer/options.json",
                        "widgets": "https://gitlab.com/aemov/keon-toolset-demos/-/raw/master/gutener/demo/car-dealer/widgets.json"
        },
        "screenshot_url": "https://gitlab.com/aemov/keon-toolset-demos/-/raw/master/gutener/screenshots/demo5/gutener-car-dealer-760-460.jpg",
        "demo_url": "https://demo.keonthemes.com/gutener/demo5/",
        "plugins": [
                    {
                      "name": "Contact Form 7",
                      "slug": "contact-form-7",
                      "main_file": "wp-contact-form-7.php"
                     },
                     {
                      "name": "Gutentor",
                      "slug": "gutentor"
                     },
                     {
                      "name": "Mailchimp for WordPress",
                      "slug": "mailchimp-for-wp"
                     }
                    ]
    },
    {
        "title": "Charity NGO 1",
        "is_pro": "false",
        "pro_url": "https://keonthemes.com/downloads/gutener-pro",
        "type": "normal",
        "author": "Keon Themes",
        "keywords": ["charity","ngo","charity ngo","multipurpose"],
        "categories": ["charity"],
        "template_url": {
                        "content": "https://gitlab.com/aemov/keon-toolset-demos/-/raw/master/gutener/demo/charity-ngo/charity-ngo1/content.json",
                        "options": "https://gitlab.com/aemov/keon-toolset-demos/-/raw/master/gutener/demo/charity-ngo/charity-ngo1/options.json",
                        "widgets": "https://gitlab.com/aemov/keon-toolset-demos/-/raw/master/gutener/demo/charity-ngo/charity-ngo1/widgets.json"
        },
        "screenshot_url": "https://gitlab.com/aemov/keon-toolset-demos/-/raw/master/gutener/screenshots/demo9/gutener-charity-NGO1-760-460.jpg",
        "demo_url": "https://demo.keonthemes.com/gutener/demo9/",
        "plugins": [
                    {
                      "name": "Contact Form 7",
                      "slug": "contact-form-7",
                      "main_file": "wp-contact-form-7.php"
                     },
                     {
                      "name": "Gutentor",
                      "slug": "gutentor"
                     },
                     {
                      "name": "Mailchimp for WordPress",
                      "slug": "mailchimp-for-wp"
                     }
                    ]
    },
    {
        "title": "Charity NGO 2",
        "is_pro": "false",
        "pro_url": "https://keonthemes.com/downloads/gutener-pro",
        "type": "normal",
        "author": "Keon Themes",
        "keywords": ["charity","ngo","charity ngo","multipurpose"],
        "categories": ["charity"],
        "template_url": {
                        "content": "https://gitlab.com/aemov/keon-toolset-demos/-/raw/master/gutener/demo/charity-ngo/charity-ngo2/content.json",
                        "options": "https://gitlab.com/aemov/keon-toolset-demos/-/raw/master/gutener/demo/charity-ngo/charity-ngo2/options.json",
                        "widgets": "https://gitlab.com/aemov/keon-toolset-demos/-/raw/master/gutener/demo/charity-ngo/charity-ngo2/widgets.json"
        },
        "screenshot_url": "https://gitlab.com/aemov/keon-toolset-demos/-/raw/master/gutener/screenshots/demo109/gutener-charity-NGO2-760-460.jpg",
        "demo_url": "https://demo.keonthemes.com/gutener/demo109/",
        "plugins": [
                    {
                      "name": "Contact Form 7",
                      "slug": "contact-form-7",
                      "main_file": "wp-contact-form-7.php"
                     },
                     {
                      "name": "Gutentor",
                      "slug": "gutentor"
                     },
                     {
                      "name": "Mailchimp for WordPress",
                      "slug": "mailchimp-for-wp"
                     }
                    ]
    },
    {
        "title": "Coming Soon",
        "is_pro": "false",
        "pro_url": "https://keonthemes.com/downloads/gutener-pro",
        "type": "normal",
        "author": "Keon Themes",
        "keywords": ["coming","soon","coming soon","multipurpose"],
        "categories": ["coming-soon"],
        "template_url": {
                        "content": "https://gitlab.com/aemov/keon-toolset-demos/-/raw/master/gutener/demo/coming-soon/content.json",
                        "options": "https://gitlab.com/aemov/keon-toolset-demos/-/raw/master/gutener/demo/coming-soon/options.json",
                        "widgets": "https://gitlab.com/aemov/keon-toolset-demos/-/raw/master/gutener/demo/coming-soon/widgets.json"
        },
        "screenshot_url": "https://gitlab.com/aemov/keon-toolset-demos/-/raw/master/gutener/screenshots/demo207/gutener-coming-soon-760-460.jpg",
        "demo_url": "https://demo.keonthemes.com/gutener/demo207/",
        "plugins": [
                    {
                      "name": "Contact Form 7",
                      "slug": "contact-form-7",
                      "main_file": "wp-contact-form-7.php"
                     },
                     {
                      "name": "Gutentor",
                      "slug": "gutentor"
                     },
                     {
                      "name": "Mailchimp for WordPress",
                      "slug": "mailchimp-for-wp"
                     },
                     {
                      "name": "AddToAny Share Buttons",
                      "slug": "add-to-any"
                        }
                    ]
    },
    {
        "title": "Construction",
        "is_pro": "false",
        "pro_url": "https://keonthemes.com/downloads/gutener-pro",
        "type": "normal",
        "author": "Keon Themes",
        "keywords": ["construction","multipurpose"],
        "categories": ["construction"],
        "template_url": {
                        "content": "https://gitlab.com/aemov/keon-toolset-demos/-/raw/master/gutener/demo/construction/content.json",
                        "options": "https://gitlab.com/aemov/keon-toolset-demos/-/raw/master/gutener/demo/construction/options.json",
                        "widgets": "https://gitlab.com/aemov/keon-toolset-demos/-/raw/master/gutener/demo/construction/widgets.json"
        },
        "screenshot_url": "https://gitlab.com/aemov/keon-toolset-demos/-/raw/master/gutener/screenshots/demo105/gutener-construction-760-460.jpg",
        "demo_url": "https://demo.keonthemes.com/gutener/demo105/",
        "plugins": [
                    {
                      "name": "Contact Form 7",
                      "slug": "contact-form-7",
                      "main_file": "wp-contact-form-7.php"
                     },
                     {
                      "name": "Gutentor",
                      "slug": "gutentor"
                     },
                     {
                      "name": "Mailchimp for WordPress",
                      "slug": "mailchimp-for-wp"
                     }
                    ]
    },
    {
        "title": "Consultancy",
        "is_pro": "false",
        "pro_url": "https://keonthemes.com/downloads/gutener-pro",
        "type": "normal",
        "author": "Keon Themes",
        "keywords": ["consultancy","multipurpose"],
        "categories": ["consultancy"],
        "template_url": {
                        "content": "https://gitlab.com/aemov/keon-toolset-demos/-/raw/master/gutener/demo/consultancy/content.json",
                        "options": "https://gitlab.com/aemov/keon-toolset-demos/-/raw/master/gutener/demo/consultancy/options.json",
                        "widgets": "https://gitlab.com/aemov/keon-toolset-demos/-/raw/master/gutener/demo/consultancy/widgets.json"
        },
        "screenshot_url": "https://gitlab.com/aemov/keon-toolset-demos/-/raw/master/gutener/screenshots/demo1/gutener-consultancy-760-460.jpg",
        "demo_url": "https://demo.keonthemes.com/gutener/demo1/",
        "plugins": [
                    {
                      "name": "Contact Form 7",
                      "slug": "contact-form-7",
                      "main_file": "wp-contact-form-7.php"
                     },
                     {
                      "name": "Gutentor",
                      "slug": "gutentor"
                     },
                     {
                      "name": "Mailchimp for WordPress",
                      "slug": "mailchimp-for-wp"
                     }
                    ]
    },
    {
        "title": "Corporate 1",
        "is_pro": "false",
        "pro_url": "https://keonthemes.com/downloads/gutener-pro",
        "type": "normal",
        "author": "Keon Themes",
        "keywords": ["corporate","corporate 1","multipurpose"],
        "categories": ["corporate"],
        "template_url": {
                        "content": "https://gitlab.com/aemov/keon-toolset-demos/-/raw/master/gutener/demo/corporate/corporate1/content.json",
                        "options": "https://gitlab.com/aemov/keon-toolset-demos/-/raw/master/gutener/demo/corporate/corporate1/options.json",
                        "widgets": "https://gitlab.com/aemov/keon-toolset-demos/-/raw/master/gutener/demo/corporate/corporate1/widgets.json"
        },
        "screenshot_url": "https://gitlab.com/aemov/keon-toolset-demos/-/raw/master/gutener/screenshots/demo107/gutener-corporate1-760-460.jpg",
        "demo_url": "https://demo.keonthemes.com/gutener/demo107/",
        "plugins": [
                    {
                      "name": "Contact Form 7",
                      "slug": "contact-form-7",
                      "main_file": "wp-contact-form-7.php"
                     },
                     {
                      "name": "Gutentor",
                      "slug": "gutentor"
                     }
                    ]
    },
    {
        "title": "Corporate 2",
        "is_pro": "false",
        "pro_url": "https://keonthemes.com/downloads/gutener-pro",
        "type": "normal",
        "author": "Keon Themes",
        "keywords": ["corporate","corporate 2","multipurpose"],
        "categories": ["corporate"],
        "template_url": {
                        "content": "https://gitlab.com/aemov/keon-toolset-demos/-/raw/master/gutener/demo/corporate/corporate2/content.json",
                        "options": "https://gitlab.com/aemov/keon-toolset-demos/-/raw/master/gutener/demo/corporate/corporate2/options.json",
                        "widgets": "https://gitlab.com/aemov/keon-toolset-demos/-/raw/master/gutener/demo/corporate/corporate2/widgets.json"
        },
        "screenshot_url": "https://gitlab.com/aemov/keon-toolset-demos/-/raw/master/gutener/screenshots/demo6/gutener-corporate2-760-460.jpg",
        "demo_url": "https://demo.keonthemes.com/gutener/demo6/",
        "plugins": [
                    {
                      "name": "Contact Form 7",
                      "slug": "contact-form-7",
                      "main_file": "wp-contact-form-7.php"
                     },
                     {
                      "name": "Gutentor",
                      "slug": "gutentor"
                     },
                     {
                      "name": "Mailchimp for WordPress",
                      "slug": "mailchimp-for-wp"
                     }
                    ]
    },
    {
        "title": "Corporate 3",
        "is_pro": "false",
        "pro_url": "https://keonthemes.com/downloads/gutener-pro",
        "type": "new",
        "author": "Keon Themes",
        "keywords": ["corporate","corporate 3","multipurpose"],
        "categories": ["corporate"],
        "template_url": {
                        "content": "https://gitlab.com/aemov/keon-toolset-demos/-/raw/master/gutener/demo/corporate/corporate3/content.json",
                        "options": "https://gitlab.com/aemov/keon-toolset-demos/-/raw/master/gutener/demo/corporate/corporate3/options.json",
                        "widgets": "https://gitlab.com/aemov/keon-toolset-demos/-/raw/master/gutener/demo/corporate/corporate3/widgets.json"
        },
        "screenshot_url": "https://gitlab.com/aemov/keon-toolset-demos/-/raw/master/gutener/screenshots/demo14/gutener-corporate3-760-460.jpg",
        "demo_url": "https://demo.keonthemes.com/gutener/demo14/",
        "plugins": [
                    {
                      "name": "Contact Form 7",
                      "slug": "contact-form-7",
                      "main_file": "wp-contact-form-7.php"
                     },
                     {
                      "name": "Gutentor",
                      "slug": "gutentor"
                     },
                     {
                      "name": "Mailchimp for WordPress",
                      "slug": "mailchimp-for-wp"
                     }
                    ]
    },
    {
        "title": "eCommerce",
        "is_pro": "false",
        "pro_url": "https://keonthemes.com/downloads/gutener-pro",
        "type": "normal",
        "author": "Keon Themes",
        "keywords": ["ecommerce","eCommerce","multipurpose"],
        "categories": ["ecommerce"],
        "template_url": {
                        "content": "https://gitlab.com/aemov/keon-toolset-demos/-/raw/master/gutener/demo/ecommerce/content.json",
                        "options": "https://gitlab.com/aemov/keon-toolset-demos/-/raw/master/gutener/demo/ecommerce/options.json",
                        "widgets": "https://gitlab.com/aemov/keon-toolset-demos/-/raw/master/gutener/demo/ecommerce/widgets.json"
        },
        "screenshot_url": "https://gitlab.com/aemov/keon-toolset-demos/-/raw/master/gutener/screenshots/demo110/gutener-ecommerce-760-460.jpg",
        "demo_url": "https://demo.keonthemes.com/gutener/demo110/",
        "plugins": [
                    {
                      "name": "Contact Form 7",
                      "slug": "contact-form-7",
                      "main_file": "wp-contact-form-7.php"
                     },
                     {
                      "name": "Gutentor",
                      "slug": "gutentor"
                     },
                     {
                      "name": "Mailchimp for WordPress",
                      "slug": "mailchimp-for-wp"
                     },
                     {
                      "name": "Woo Commerce",
                      "slug": "woocommerce"
                      }
                    ]
    },
    {
        "title": "Education",
        "is_pro": "false",
        "pro_url": "https://keonthemes.com/downloads/gutener-pro",
        "type": "normal",
        "author": "Keon Themes",
        "keywords": ["education","multipurpose"],
        "categories": ["education"],
        "template_url": {
                        "content": "https://gitlab.com/aemov/keon-toolset-demos/-/raw/master/gutener/demo/education/content.json",
                        "options": "https://gitlab.com/aemov/keon-toolset-demos/-/raw/master/gutener/demo/education/options.json",
                        "widgets": "https://gitlab.com/aemov/keon-toolset-demos/-/raw/master/gutener/demo/education/widgets.json"
        },
        "screenshot_url": "https://gitlab.com/aemov/keon-toolset-demos/-/raw/master/gutener/screenshots/demo104/gutener-education-760-460.jpg",
        "demo_url": "https://demo.keonthemes.com/gutener/demo104/",
        "plugins": [
                    {
                      "name": "Contact Form 7",
                      "slug": "contact-form-7",
                      "main_file": "wp-contact-form-7.php"
                     },
                     {
                      "name": "Gutentor",
                      "slug": "gutentor"
                     },
                     {
                      "name": "Mailchimp for WordPress",
                      "slug": "mailchimp-for-wp"
                     }
                    ]
    },
    {
        "title": "Event 1",
        "is_pro": "false",
        "pro_url": "https://keonthemes.com/downloads/gutener-pro",
        "type": "normal",
        "author": "Keon Themes",
        "keywords": ["event","event 1","multipurpose"],
        "categories": ["event"],
        "template_url": {
                        "content": "https://gitlab.com/aemov/keon-toolset-demos/-/raw/master/gutener/demo/event/event1/content.json",
                        "options": "https://gitlab.com/aemov/keon-toolset-demos/-/raw/master/gutener/demo/event/event1/options.json",
                        "widgets": "https://gitlab.com/aemov/keon-toolset-demos/-/raw/master/gutener/demo/event/event1/widgets.json"
        },
        "screenshot_url": "https://gitlab.com/aemov/keon-toolset-demos/-/raw/master/gutener/screenshots/demo113/gutener-event1-760-460.jpg",
        "demo_url": "https://demo.keonthemes.com/gutener/demo113/",
        "plugins": [
                    {
                      "name": "Contact Form 7",
                      "slug": "contact-form-7",
                      "main_file": "wp-contact-form-7.php"
                     },
                     {
                      "name": "Gutentor",
                      "slug": "gutentor"
                     },
                     {
                      "name": "Mailchimp for WordPress",
                      "slug": "mailchimp-for-wp"
                     }
                    ]
    },
    {
        "title": "Event 2",
        "is_pro": "false",
        "pro_url": "https://keonthemes.com/downloads/gutener-pro",
        "type": "normal",
        "author": "Keon Themes",
        "keywords": ["event","event 2","multipurpose"],
        "categories": ["event"],
        "template_url": {
                        "content": "https://gitlab.com/aemov/keon-toolset-demos/-/raw/master/gutener/demo/event/event2/content.json",
                        "options": "https://gitlab.com/aemov/keon-toolset-demos/-/raw/master/gutener/demo/event/event2/options.json",
                        "widgets": "https://gitlab.com/aemov/keon-toolset-demos/-/raw/master/gutener/demo/event/event2/widgets.json"
        },
        "screenshot_url": "https://gitlab.com/aemov/keon-toolset-demos/-/raw/master/gutener/screenshots/demo114/gutener-event2-760-460.jpg",
        "demo_url": "https://demo.keonthemes.com/gutener/demo114/",
        "plugins": [
                    {
                      "name": "Contact Form 7",
                      "slug": "contact-form-7",
                      "main_file": "wp-contact-form-7.php"
                     },
                     {
                      "name": "Gutentor",
                      "slug": "gutentor"
                     },
                     {
                      "name": "Mailchimp for WordPress",
                      "slug": "mailchimp-for-wp"
                     }
                    ]
    },
    {
        "title": "Finance",
        "is_pro": "false",
        "pro_url": "https://keonthemes.com/downloads/gutener-pro",
        "type": "normal",
        "author": "Keon Themes",
        "keywords": ["finance","multipurpose"],
        "categories": ["finance"],
        "template_url": {
                        "content": "https://gitlab.com/aemov/keon-toolset-demos/-/raw/master/gutener/demo/finance/content.json",
                        "options": "https://gitlab.com/aemov/keon-toolset-demos/-/raw/master/gutener/demo/finance/options.json",
                        "widgets": "https://gitlab.com/aemov/keon-toolset-demos/-/raw/master/gutener/demo/finance/widgets.json"
        },
        "screenshot_url": "https://gitlab.com/aemov/keon-toolset-demos/-/raw/master/gutener/screenshots/demo101/gutener-finance-760-460.jpg",
        "demo_url": "https://demo.keonthemes.com/gutener/demo101/",
        "plugins": [
                    {
                      "name": "Contact Form 7",
                      "slug": "contact-form-7",
                      "main_file": "wp-contact-form-7.php"
                     },
                     {
                      "name": "Gutentor",
                      "slug": "gutentor"
                     },
                     {
                      "name": "Mailchimp for WordPress",
                      "slug": "mailchimp-for-wp"
                     }
                    ]
    },
    {
        "title": "Fitness",
        "is_pro": "false",
        "pro_url": "https://keonthemes.com/downloads/gutener-pro",
        "type": "normal",
        "author": "Keon Themes",
        "keywords": ["fitness","multipurpose"],
        "categories": ["fitness"],
        "template_url": {
                        "content": "https://gitlab.com/aemov/keon-toolset-demos/-/raw/master/gutener/demo/fitness/content.json",
                        "options": "https://gitlab.com/aemov/keon-toolset-demos/-/raw/master/gutener/demo/fitness/options.json",
                        "widgets": "https://gitlab.com/aemov/keon-toolset-demos/-/raw/master/gutener/demo/fitness/widgets.json"
        },
        "screenshot_url": "https://gitlab.com/aemov/keon-toolset-demos/-/raw/master/gutener/screenshots/demo4/gutener-fitness-760-460.jpg",
        "demo_url": "https://demo.keonthemes.com/gutener/demo4/",
        "plugins": [
                    {
                      "name": "Contact Form 7",
                      "slug": "contact-form-7",
                      "main_file": "wp-contact-form-7.php"
                     },
                     {
                      "name": "Gutentor",
                      "slug": "gutentor"
                     }
                    ]
    },
    {
        "title": "Magazine",
        "is_pro": "false",
        "pro_url": "https://keonthemes.com/downloads/gutener-pro",
        "type": "normal",
        "author": "Keon Themes",
        "keywords": ["magazine","multipurpose"],
        "categories": ["magazine"],
        "template_url": {
                        "content": "https://gitlab.com/aemov/keon-toolset-demos/-/raw/master/gutener/demo/magazine/content.json",
                        "options": "https://gitlab.com/aemov/keon-toolset-demos/-/raw/master/gutener/demo/magazine/options.json",
                        "widgets": "https://gitlab.com/aemov/keon-toolset-demos/-/raw/master/gutener/demo/magazine/widgets.json"
        },
        "screenshot_url": "https://gitlab.com/aemov/keon-toolset-demos/-/raw/master/gutener/screenshots/demo106/gutener-magazine-760-460.jpg",
        "demo_url": "https://demo.keonthemes.com/gutener/demo106/",
        "plugins": [
                    {
                      "name": "Contact Form 7",
                      "slug": "contact-form-7",
                      "main_file": "wp-contact-form-7.php"
                     },
                     {
                      "name": "Gutentor",
                      "slug": "gutentor"
                     },
                     {
                      "name": "Mailchimp for WordPress",
                      "slug": "mailchimp-for-wp"
                     }
                    ]
    },
    {
        "title": "Marketing",
        "is_pro": "false",
        "pro_url": "https://keonthemes.com/downloads/gutener-pro",
        "type": "normal",
        "author": "Keon Themes",
        "keywords": ["marketing","multipurpose"],
        "categories": ["marketing"],
        "template_url": {
                        "content": "https://gitlab.com/aemov/keon-toolset-demos/-/raw/master/gutener/demo/marketing/content.json",
                        "options": "https://gitlab.com/aemov/keon-toolset-demos/-/raw/master/gutener/demo/marketing/options.json",
                        "widgets": "https://gitlab.com/aemov/keon-toolset-demos/-/raw/master/gutener/demo/marketing/widgets.json"
        },
        "screenshot_url": "https://gitlab.com/aemov/keon-toolset-demos/-/raw/master/gutener/screenshots/demo3/gutener-marketing-760-460.jpg",
        "demo_url": "https://demo.keonthemes.com/gutener/demo3/",
        "plugins": [
                    {
                      "name": "Contact Form 7",
                      "slug": "contact-form-7",
                      "main_file": "wp-contact-form-7.php"
                     },
                     {
                      "name": "Gutentor",
                      "slug": "gutentor"
                     },
                     {
                      "name": "Mailchimp for WordPress",
                      "slug": "mailchimp-for-wp"
                     }
                    ]
    },
    {
        "title": "Medical 1",
        "is_pro": "false",
        "pro_url": "https://keonthemes.com/downloads/gutener-pro",
        "type": "normal",
        "author": "Keon Themes",
        "keywords": ["medical","medical 1","multipurpose"],
        "categories": ["medical"],
        "template_url": {
                        "content": "https://gitlab.com/aemov/keon-toolset-demos/-/raw/master/gutener/demo/medical/medical1/content.json",
                        "options": "https://gitlab.com/aemov/keon-toolset-demos/-/raw/master/gutener/demo/medical/medical1/options.json",
                        "widgets": "https://gitlab.com/aemov/keon-toolset-demos/-/raw/master/gutener/demo/medical/medical1/widgets.json"
        },
        "screenshot_url": "https://gitlab.com/aemov/keon-toolset-demos/-/raw/master/gutener/screenshots/demo103/gutener-medical1-760-460.jpg",
        "demo_url": "https://demo.keonthemes.com/gutener/demo103/",
        "plugins": [
                    {
                      "name": "Contact Form 7",
                      "slug": "contact-form-7",
                      "main_file": "wp-contact-form-7.php"
                     },
                     {
                      "name": "Gutentor",
                      "slug": "gutentor"
                     },
                     {
                      "name": "Mailchimp for WordPress",
                      "slug": "mailchimp-for-wp"
                     }
                    ]
    },
    {
        "title": "Medical 2",
        "is_pro": "false",
        "pro_url": "https://keonthemes.com/downloads/gutener-pro",
        "type": "normal",
        "author": "Keon Themes",
        "keywords": ["medical","medical 2","multipurpose"],
        "categories": ["medical"],
        "template_url": {
                        "content": "https://gitlab.com/aemov/keon-toolset-demos/-/raw/master/gutener/demo/medical/medical2/content.json",
                        "options": "https://gitlab.com/aemov/keon-toolset-demos/-/raw/master/gutener/demo/medical/medical2/options.json",
                        "widgets": "https://gitlab.com/aemov/keon-toolset-demos/-/raw/master/gutener/demo/medical/medical2/widgets.json"
        },
        "screenshot_url": "https://gitlab.com/aemov/keon-toolset-demos/-/raw/master/gutener/screenshots/demo11/gutener-medical2-760-460.jpg",
        "demo_url": "https://demo.keonthemes.com/gutener/demo11/",
        "plugins": [
                    {
                      "name": "Contact Form 7",
                      "slug": "contact-form-7",
                      "main_file": "wp-contact-form-7.php"
                     },
                     {
                      "name": "Gutentor",
                      "slug": "gutentor"
                     }
                    ]
    },
    {
        "title": "Music",
        "is_pro": "false",
        "pro_url": "https://keonthemes.com/downloads/gutener-pro",
        "type": "normal",
        "author": "Keon Themes",
        "keywords": ["music","multipurpose"],
        "categories": ["music"],
        "template_url": {
                        "content": "https://gitlab.com/aemov/keon-toolset-demos/-/raw/master/gutener/demo/music/content.json",
                        "options": "https://gitlab.com/aemov/keon-toolset-demos/-/raw/master/gutener/demo/music/options.json",
                        "widgets": "https://gitlab.com/aemov/keon-toolset-demos/-/raw/master/gutener/demo/music/widgets.json"
        },
        "screenshot_url": "https://gitlab.com/aemov/keon-toolset-demos/-/raw/master/gutener/screenshots/demo111/gutener-music-760-460.jpg",
        "demo_url": "https://demo.keonthemes.com/gutener/demo111/",
        "plugins": [
                    {
                      "name": "Contact Form 7",
                      "slug": "contact-form-7",
                      "main_file": "wp-contact-form-7.php"
                     },
                     {
                      "name": "Gutentor",
                      "slug": "gutentor"
                     }
                    ]
    },
    {
        "title": "Online Courses 1",
        "is_pro": "false",
        "pro_url": "https://keonthemes.com/downloads/gutener-pro",
        "type": "normal",
        "author": "Keon Themes",
        "keywords": ["online","online 1","courses","courses 1","online courses 1","multipurpose"],
        "categories": ["online-courses"],
        "template_url": {
                        "content": "https://gitlab.com/aemov/keon-toolset-demos/-/raw/master/gutener/demo/online-courses/online-courses1/content.json",
                        "options": "https://gitlab.com/aemov/keon-toolset-demos/-/raw/master/gutener/demo/online-courses/online-courses1/options.json",
                        "widgets": "https://gitlab.com/aemov/keon-toolset-demos/-/raw/master/gutener/demo/online-courses/online-courses1/widgets.json"
        },
        "screenshot_url": "https://gitlab.com/aemov/keon-toolset-demos/-/raw/master/gutener/screenshots/demo10/gutener-online-courses1-760-460.jpg",
        "demo_url": "https://demo.keonthemes.com/gutener/demo10/",
        "plugins": [
                    {
                      "name": "Contact Form 7",
                      "slug": "contact-form-7",
                      "main_file": "wp-contact-form-7.php"
                     },
                     {
                      "name": "Gutentor",
                      "slug": "gutentor"
                     },
                     {
                      "name": "Mailchimp for WordPress",
                      "slug": "mailchimp-for-wp"
                     },
                     {
                      "name": "WooCommerce",
                      "slug": "woocommerce"
                        }
                    ]
    },
    {
        "title": "Online Courses 2",
        "is_pro": "false",
        "pro_url": "https://keonthemes.com/downloads/gutener-pro",
        "type": "normal",
        "author": "Keon Themes",
        "keywords": ["online","online 2","courses","courses 2","online courses 2","multipurpose"],
        "categories": ["online-courses"],
        "template_url": {
                        "content": "https://gitlab.com/aemov/keon-toolset-demos/-/raw/master/gutener/demo/online-courses/online-courses2/content.json",
                        "options": "https://gitlab.com/aemov/keon-toolset-demos/-/raw/master/gutener/demo/online-courses/online-courses2/options.json",
                        "widgets": "https://gitlab.com/aemov/keon-toolset-demos/-/raw/master/gutener/demo/online-courses/online-courses2/widgets.json"
        },
        "screenshot_url": "https://gitlab.com/aemov/keon-toolset-demos/-/raw/master/gutener/screenshots/demo112/gutener-online-courses2-760-460.jpg",
        "demo_url": "https://demo.keonthemes.com/gutener/demo112/",
        "plugins": [
                    {
                      "name": "Contact Form 7",
                      "slug": "contact-form-7",
                      "main_file": "wp-contact-form-7.php"
                     },
                     {
                      "name": "Gutentor",
                      "slug": "gutentor"
                     },
                     {
                      "name": "Mailchimp for WordPress",
                      "slug": "mailchimp-for-wp"
                     },
                     {
                      "name": "WooCommerce",
                      "slug": "woocommerce"
                        }
                    ]
    },
    {
        "title": "Photography",
        "is_pro": "false",
        "pro_url": "https://keonthemes.com/downloads/gutener-pro",
        "type": "normal",
        "author": "Keon Themes",
        "keywords": ["photography","multipurpose"],
        "categories": ["photography"],
        "template_url": {
                        "content": "https://gitlab.com/aemov/keon-toolset-demos/-/raw/master/gutener/demo/photography/content.json",
                        "options": "https://gitlab.com/aemov/keon-toolset-demos/-/raw/master/gutener/demo/photography/options.json",
                        "widgets": "https://gitlab.com/aemov/keon-toolset-demos/-/raw/master/gutener/demo/photography/widgets.json"
        },
        "screenshot_url": "https://gitlab.com/aemov/keon-toolset-demos/-/raw/master/gutener/screenshots/demo116/gutener-photography-760-460.jpg",
        "demo_url": "https://demo.keonthemes.com/gutener/demo116/",
        "plugins": [
                    {
                      "name": "Contact Form 7",
                      "slug": "contact-form-7",
                      "main_file": "wp-contact-form-7.php"
                     },
                     {
                      "name": "Gutentor",
                      "slug": "gutentor"
                     },
                     {
                      "name": "Mailchimp for WordPress",
                      "slug": "mailchimp-for-wp"
                     }
                    ]
    },
    {
        "title": "Portfolio",
        "is_pro": "false",
        "pro_url": "https://keonthemes.com/downloads/gutener-pro",
        "type": "normal",
        "author": "Keon Themes",
        "keywords": ["portfolio","multipurpose"],
        "categories": ["portfolio"],
        "template_url": {
                        "content": "https://gitlab.com/aemov/keon-toolset-demos/-/raw/master/gutener/demo/portfolio/content.json",
                        "options": "https://gitlab.com/aemov/keon-toolset-demos/-/raw/master/gutener/demo/portfolio/options.json",
                        "widgets": "https://gitlab.com/aemov/keon-toolset-demos/-/raw/master/gutener/demo/portfolio/widgets.json"
        },
        "screenshot_url": "https://gitlab.com/aemov/keon-toolset-demos/-/raw/master/gutener/screenshots/demo117/gutener-portfolio2-760-460.jpg",
        "demo_url": "https://demo.keonthemes.com/gutener/demo117/",
        "plugins": [
                    {
                      "name": "Contact Form 7",
                      "slug": "contact-form-7",
                      "main_file": "wp-contact-form-7.php"
                     },
                     {
                      "name": "Gutentor",
                      "slug": "gutentor"
                     }
                    ]
    }
]
