{
	"gutener-pro": ["Business 3", "Corporate 3", "Portfolio", "Business 4", "Agency 1", "Agency 2", "Charity NGO 1", "Charity NGO 2", "Business 1", "Business 2", "Corporate 1", 
					"Corporate 2", "Online Courses 1","Online Courses 2", "Car Dealer", "Construction", "Photography", "Coming Soon", "Music",
					"Magazine", "Blog 1", "eCommerce", "Fitness", "Event 1", "Event 2", "Finance", "Blog 3", "Blog 5", "Medical 1",
					"Medical 2", "Education", "Blog 2", "Blog 4", "Consultancy", "Blog 6", "Blog 7", "Blog 8", "Blog 9", "Blog 10", "Blog 11",
					"Marketing"					
					],
	"gutener-pro-child": ["Business 3", "Corporate 3", "Portfolio", "Business 4", "Agency 1", "Agency 2", "Charity NGO 1", "Charity NGO 2", "Business 1", "Business 2", "Corporate 1", 
					"Corporate 2", "Online Courses 1","Online Courses 2", "Car Dealer", "Construction", "Photography", "Coming Soon", "Music",
					"Magazine", "Blog 1", "eCommerce", "Fitness", "Event 1", "Event 2", "Finance", "Blog 3", "Blog 5", "Medical 1",
					"Medical 2", "Education", "Blog 2", "Blog 4", "Consultancy", "Blog 6", "Blog 7", "Blog 8", "Blog 9", "Blog 10", "Blog 11",
					"Marketing"					
					],
	"gutener": ["Business 3", "Corporate 3", {"pro":"Portfolio"}, "Business 4", "Agency 1", {"pro":"Agency 2"}, "Charity NGO 1", {"pro":"Charity NGO 2"}, {"pro":"Business 1"}, {"pro":"Business 2"}, "Corporate 1", 
					{"pro":"Corporate 2"}, "Online Courses 1",{"pro":"Online Courses 2"}, {"pro":"Car Dealer"}, {"pro":"Construction"}, {"pro":"Photography"}, {"pro":"Coming Soon"}, {"pro":"Music"},
					{"pro":"Magazine"}, "Blog 1", "eCommerce", "Fitness", {"pro":"Event 1"}, {"pro":"Event 2"}, {"pro":"Finance"}, {"pro":"Blog 3"}, {"pro":"Blog 5"}, {"pro":"Medical 1"},
					"Medical 2", {"pro":"Education"}, "Blog 2", "Blog 4", "Consultancy", "Blog 6", "Blog 7", "Blog 8", "Blog 9", "Blog 10", "Blog 11",
					"Marketing"],
	"gutener-charity-ngo": ["Business 3", "Charity NGO 1", {"pro":"Charity NGO 2"}, "Business 4", {"pro":"Portfolio"}, "Agency 1", {"pro":"Agency 2"}, {"pro":"Business 1"}, {"pro":"Business 2"}, "Corporate 1", 
					{"pro":"Corporate 2"}, "Online Courses 1",{"pro":"Online Courses 2"}, {"pro":"Car Dealer"}, {"pro":"Construction"}, {"pro":"Photography"}, {"pro":"Coming Soon"}, {"pro":"Music"},
					{"pro":"Magazine"}, "Blog 1", "eCommerce", "Fitness", {"pro":"Event 1"}, {"pro":"Event 2"}, {"pro":"Finance"}, {"pro":"Blog 3"}, {"pro":"Blog 5"}, {"pro":"Medical 1"},
					"Medical 2", {"pro":"Education"}, "Blog 2", "Blog 4", "Consultancy", "Blog 6", "Blog 7", "Blog 8", "Blog 9", "Blog 10", "Blog 11",
					"Marketing"],
	"gutener-medical": ["Medical 2", {"pro":"Medical 1"}, {"pro":"Portfolio"}, {"pro":"Agency 2"}, {"pro":"Charity NGO 2"}, {"pro":"Business 1"}, {"pro":"Business 2"}, 
					{"pro":"Corporate 2"}, {"pro":"Online Courses 2"}, {"pro":"Car Dealer"}, {"pro":"Construction"}, {"pro":"Photography"}, {"pro":"Coming Soon"}, {"pro":"Music"},
					{"pro":"Magazine"}, {"pro":"Event 1"}, {"pro":"Event 2"}, {"pro":"Finance"}, {"pro":"Blog 3"}, {"pro":"Blog 5"},
					{"pro":"Education"}],
	"blog-gutener": ["Blog 11", {"pro":"Blog 3"}, {"pro":"Portfolio"}, {"pro":"Blog 5"}, {"pro":"Agency 2"}, {"pro":"Charity NGO 2"}, {"pro":"Business 1"}, {"pro":"Business 2"}, 
					{"pro":"Corporate 2"}, {"pro":"Online Courses 2"}, {"pro":"Car Dealer"}, {"pro":"Construction"}, {"pro":"Photography"}, {"pro":"Coming Soon"}, {"pro":"Music"},
					{"pro":"Magazine"}, {"pro":"Event 1"}, {"pro":"Event 2"}, {"pro":"Finance"}, {"pro":"Medical 1"}, {"pro":"Education"}],
	"gutener-consultancy": ["Consultancy", {"pro":"Portfolio"}, {"pro":"Agency 2"}, {"pro":"Charity NGO 2"}, {"pro":"Business 1"}, {"pro":"Business 2"}, 
					{"pro":"Corporate 2"}, {"pro":"Online Courses 2"}, {"pro":"Car Dealer"}, {"pro":"Construction"}, {"pro":"Photography"}, {"pro":"Coming Soon"}, {"pro":"Music"},
					{"pro":"Magazine"}, {"pro":"Event 1"}, {"pro":"Event 2"}, {"pro":"Finance"}, {"pro":"Medical 1"}, {"pro":"Blog 3"}, {"pro":"Blog 5"},
					{"pro":"Education"}],
	"gutener-business": ["Business 4", {"pro":"Business 1"}, {"pro":"Business 2"}, {"pro":"Portfolio"}, {"pro":"Agency 2"}, {"pro":"Charity NGO 2"}, 
					{"pro":"Corporate 2"}, {"pro":"Online Courses 2"}, {"pro":"Car Dealer"}, {"pro":"Construction"}, {"pro":"Photography"}, {"pro":"Coming Soon"}, {"pro":"Music"},
					{"pro":"Magazine"}, {"pro":"Event 1"}, {"pro":"Event 2"}, {"pro":"Finance"}, {"pro":"Medical 1"}, {"pro":"Blog 3"}, {"pro":"Blog 5"},
					{"pro":"Education"}],
	"gutener-corporate": ["Corporate 3", {"pro":"Corporate 2"}, {"pro":"Portfolio"}, {"pro":"Agency 2"}, {"pro":"Charity NGO 2"}, {"pro":"Business 1"}, {"pro":"Business 2"}, 
					{"pro":"Online Courses 2"}, {"pro":"Car Dealer"}, {"pro":"Construction"}, {"pro":"Photography"}, {"pro":"Coming Soon"}, {"pro":"Music"},
					{"pro":"Magazine"}, {"pro":"Event 1"}, {"pro":"Event 2"}, {"pro":"Finance"}, {"pro":"Medical 1"}, {"pro":"Blog 3"}, {"pro":"Blog 5"},
					{"pro":"Education"}]
}	
