{
	"gutener-pro": ["About 1", "About 2", "Agency 1", "Agency 2", "Business 1", "Business 2", "Business 3", "Business 4", "Car Dealer", "Charity NGO 1",
					"Charity NGO 2", "Coming Soon", "Construction", "Contact 1", "Contact 2", "Consultancy", "Corporate 1", "Corporate 2",  "Corporate 3",
					"eCommerce", "Education", "Event 1", "Event 2", "Finance", "Fitness", "Magazine", "Marketing",
					"Medical 1", "Medical 2", "Music", "Online Courses 1", "Online Courses 2", "Photography", "Portfolio 1", "Portfolio 2", "Services 1", 
					"Services 2", "Team 1"],
	"gutener-pro-child": ["About 1", "About 2", "Agency 1", "Agency 2", "Business 1", "Business 2", "Business 3", "Business 4", "Car Dealer", "Charity NGO 1",
					"Charity NGO 2", "Coming Soon", "Construction", "Contact 1", "Contact 2", "Consultancy", "Corporate 1", "Corporate 2", "Corporate 3",
					"eCommerce", "Education", "Event 1", "Event 2", "Finance", "Fitness", "Magazine", "Marketing",
					"Medical 1", "Medical 2", "Music", "Online Courses 1", "Online Courses 2", "Photography", "Portfolio 1", "Portfolio 2", "Services 1", 
					"Services 2", "Team 1"],
	"gutener": ["About 1", {"pro":"About 2"}, "Agency 1", {"pro":"Agency 2"}, {"pro":"Business 1"}, {"pro":"Business 2"}, "Business 3", "Business 4", {"pro":"Car Dealer"}, "Charity NGO 1",
					{"pro":"Charity NGO 2"}, {"pro":"Coming Soon"}, {"pro":"Construction"}, "Contact 1", {"pro":"Contact 2"}, "Consultancy", "Corporate 1", {"pro":"Corporate 2"}, "Corporate 3",
					"eCommerce", {"pro":"Education"}, "Event 1", {"pro":"Event 2"}, {"pro":"Finance"}, "Fitness", {"pro":"Magazine"}, "Marketing",
					{"pro":"Medical 1"}, "Medical 2", {"pro":"Music"}, "Online Courses 1", {"pro":"Online Courses 2"}, {"pro":"Photography"}, {"pro":"Portfolio 1"}, {"pro":"Portfolio 2"}, "Services 1", 
					{"pro":"Services 2"}, {"pro":"Team 1"}],
	"gutener-charity-ngo": ["About 1", {"pro":"About 2"}, "Agency 1", {"pro":"Agency 2"}, {"pro":"Business 1"}, {"pro":"Business 2"}, "Business 3", "Business 4", {"pro":"Car Dealer"}, "Charity NGO 1",
					{"pro":"Charity NGO 2"}, {"pro":"Coming Soon"}, {"pro":"Construction"}, "Contact 1", {"pro":"Contact 2"}, "Consultancy", "Corporate 1", {"pro":"Corporate 2"},
					"eCommerce", {"pro":"Education"}, "Event 1", {"pro":"Event 2"}, {"pro":"Finance"}, "Fitness", {"pro":"Magazine"}, "Marketing",
					{"pro":"Medical 1"}, "Medical 2", {"pro":"Music"}, "Online Courses 1", {"pro":"Online Courses 2"}, {"pro":"Photography"}, {"pro":"Portfolio 1"}, {"pro":"Portfolio 2"}, "Services 1", 
					{"pro":"Services 2"}, {"pro":"Team 1"}],
	"gutener-medical": [{"pro":"About 2"}, {"pro":"Agency 2"}, {"pro":"Business 1"}, {"pro":"Business 2"}, {"pro":"Car Dealer"},
					{"pro":"Charity NGO 2"}, {"pro":"Coming Soon"}, {"pro":"Construction"}, {"pro":"Contact 2"}, {"pro":"Corporate 2"},
					{"pro":"Education"}, {"pro":"Event 2"}, {"pro":"Finance"}, {"pro":"Magazine"},
					{"pro":"Medical 1"}, "Medical 2", {"pro":"Music"}, {"pro":"Online Courses 2"}, {"pro":"Photography"}, {"pro":"Portfolio 1"}, {"pro":"Portfolio 2"},
					{"pro":"Services 2"}, {"pro":"Team 1"}],
	"blog-gutener": [{"pro":"About 2"}, {"pro":"Agency 2"}, {"pro":"Business 1"}, {"pro":"Business 2"}, {"pro":"Car Dealer"},
					{"pro":"Charity NGO 2"}, {"pro":"Coming Soon"}, {"pro":"Construction"}, {"pro":"Contact 2"}, {"pro":"Corporate 2"},
					{"pro":"Education"}, {"pro":"Event 2"}, {"pro":"Finance"}, {"pro":"Magazine"},
					{"pro":"Medical 1"}, {"pro":"Music"}, {"pro":"Online Courses 2"}, {"pro":"Photography"}, {"pro":"Portfolio 1"}, {"pro":"Portfolio 2"},
					{"pro":"Services 2"}, {"pro":"Team 1"}],
	"gutener-consultancy": [{"pro":"About 2"}, {"pro":"Agency 2"}, {"pro":"Business 1"}, {"pro":"Business 2"}, {"pro":"Car Dealer"},
					{"pro":"Charity NGO 2"}, {"pro":"Coming Soon"}, {"pro":"Construction"}, {"pro":"Contact 2"}, "Consultancy", {"pro":"Corporate 2"},
					{"pro":"Education"}, {"pro":"Event 2"}, {"pro":"Finance"}, {"pro":"Magazine"},
					{"pro":"Medical 1"}, {"pro":"Music"}, {"pro":"Online Courses 2"}, {"pro":"Photography"}, {"pro":"Portfolio 1"}, {"pro":"Portfolio 2"},
					{"pro":"Services 2"}, {"pro":"Team 1"}],
	"gutener-business": [{"pro":"About 2"}, {"pro":"Agency 2"}, {"pro":"Business 1"}, {"pro":"Business 2"}, "Business 4", {"pro":"Car Dealer"},
					{"pro":"Charity NGO 2"}, {"pro":"Coming Soon"}, {"pro":"Construction"}, {"pro":"Contact 2"}, {"pro":"Corporate 2"},
					{"pro":"Education"}, {"pro":"Event 2"}, {"pro":"Finance"}, {"pro":"Magazine"},
					{"pro":"Medical 1"}, {"pro":"Music"}, {"pro":"Online Courses 2"}, {"pro":"Photography"}, {"pro":"Portfolio 1"}, {"pro":"Portfolio 2"},
					{"pro":"Services 2"}, {"pro":"Team 1"}],
	"gutener-corporate": [{"pro":"About 2"}, {"pro":"Agency 2"}, {"pro":"Business 1"}, {"pro":"Business 2"}, {"pro":"Car Dealer"},
					{"pro":"Charity NGO 2"}, {"pro":"Coming Soon"}, {"pro":"Construction"}, {"pro":"Contact 2"}, {"pro":"Corporate 2"}, "Corporate 3",
					{"pro":"Education"}, {"pro":"Event 2"}, {"pro":"Finance"}, {"pro":"Magazine"},
					{"pro":"Medical 1"}, {"pro":"Music"}, {"pro":"Online Courses 2"}, {"pro":"Photography"}, {"pro":"Portfolio 1"}, {"pro":"Portfolio 2"},
					{"pro":"Services 2"}, {"pro":"Team 1"}]
}