[ 
  {
    "title": "About 1",
    "is_pro": false,
    "pro_url": "https://keonthemes.com/downloads/gutener-pro",
    "type": "template",
    "author": "Keon Themes",
    "keywords": ["about", "about 1"],
    "categories": ["about"],
    "template_url": "https://gitlab.com/aemov/keon-toolset-demos/-/raw/master/gutener/templates/gutener-about1.json",
    "screenshot_url": "https://gitlab.com/aemov/keon-toolset-demos/-/raw/master/gutener/screenshots/demo8/gutener-agency1-about-760-460.jpg",
    "demo_url": "https://demo.keonthemes.com/gutener/demo8/about-us"
  },
  {
    "title": "About 2",
    "is_pro": false,
    "pro_url": "https://keonthemes.com/downloads/gutener-pro",
    "type": "template",
    "author": "Keon Themes",
    "keywords": ["about", "about 2"],
    "categories": ["about"],
    "template_url": "https://gitlab.com/aemov/keon-toolset-demos/-/raw/master/gutener/templates/gutener-about2.json",
    "screenshot_url": "https://gitlab.com/aemov/keon-toolset-demos/-/raw/master/gutener/screenshots/demo115/gutener-agency2-about-760-460.jpg",
    "demo_url": "https://demo.keonthemes.com/gutener/demo115/about-us"
  },  
  {
    "title": "Agency 1",
    "is_pro": false,
    "pro_url": "https://keonthemes.com/downloads/gutener-pro",
    "type": "template",
    "author": "Keon Themes",
    "keywords": ["agency", "agency 1"],
    "categories": ["agency"],
    "template_url": "https://gitlab.com/aemov/keon-toolset-demos/-/raw/master/gutener/templates/gutener-agency1.json",
    "screenshot_url": "https://gitlab.com/aemov/keon-toolset-demos/-/raw/master/gutener/screenshots/demo8/gutener-agency1-760-460.jpg",
    "demo_url": "https://demo.keonthemes.com/gutener/demo8/"
  },
  {
    "title": "Agency 2",
    "is_pro": false,
    "pro_url": "https://keonthemes.com/downloads/gutener-pro",
    "type": "template",
    "author": "Keon Themes",
    "keywords": ["agency", "agency 2"],
    "categories": ["agency"],
    "template_url": "includes/template-data/templates/gutener-agency2.json",
    "screenshot_url": "https://gitlab.com/aemov/keon-toolset-demos/-/raw/master/gutener/screenshots/demo115/gutener-agency2-760-460.jpg",
    "demo_url": "https://demo.keonthemes.com/gutener/demo115/"
  },
  {
    "title": "Business 1",
    "is_pro": false,
    "pro_url": "https://keonthemes.com/downloads/gutener-pro",
    "type": "template",
    "author": "Keon Themes",
    "keywords": ["business", "business 1"],
    "categories": ["business"],
    "template_url": "https://gitlab.com/aemov/keon-toolset-demos/-/raw/master/gutener/templates/gutener-business1.json",
    "screenshot_url": "https://gitlab.com/aemov/keon-toolset-demos/-/raw/master/gutener/screenshots/demo102/gutener-business1-760-460.jpg",
    "demo_url": "https://demo.keonthemes.com/gutener/demo102/"
  },
  {
    "title": "Business 2",
    "is_pro": false,
    "pro_url": "https://keonthemes.com/downloads/gutener-pro",
    "type": "template",
    "author": "Keon Themes",
    "keywords": ["business", "business 2"],
    "categories": ["business"],
    "template_url": "https://gitlab.com/aemov/keon-toolset-demos/-/raw/master/gutener/templates/gutener-business2.json",
    "screenshot_url": "https://gitlab.com/aemov/keon-toolset-demos/-/raw/master/gutener/screenshots/demo108/gutener-business2-760-460.jpg",
    "demo_url": "https://demo.keonthemes.com/gutener/demo108/"
  },
  {
    "title": "Business 3",
    "is_pro": false,
    "pro_url": "https://keonthemes.com/downloads/gutener-pro",
    "type": "template",
    "author": "Keon Themes",
    "keywords": ["business", "business 3"],
    "categories": ["business"],
    "template_url": "https://gitlab.com/aemov/keon-toolset-demos/-/raw/master/gutener/templates/gutener-business3.json",
    "screenshot_url": "https://gitlab.com/aemov/keon-toolset-demos/-/raw/master/gutener/screenshots/demo12/gutener-business3-760-460.jpg",
    "demo_url": "https://demo.keonthemes.com/gutener/demo12/"
  },
  {
    "title": "Business 4",
    "is_pro": false,
    "pro_url": "https://keonthemes.com/downloads/gutener-pro",
    "type": "template",
    "author": "Keon Themes",
    "keywords": ["business", "business 4"],
    "categories": ["business"],
    "template_url": "https://gitlab.com/aemov/keon-toolset-demos/-/raw/master/gutener/templates/gutener-business4.json",
    "screenshot_url": "https://gitlab.com/aemov/keon-toolset-demos/-/raw/master/gutener/screenshots/demo13/gutener-business4-760-460.jpg",
    "demo_url": "https://demo.keonthemes.com/gutener/demo13/"
  },
  {
    "title": "Car Dealer",
    "is_pro": false,
    "pro_url": "https://keonthemes.com/downloads/gutener-pro",
    "type": "template",
    "author": "Keon Themes",
    "keywords": ["car", "dealer", "car dealer"],
    "categories": ["car-dealer"],
    "template_url": "https://gitlab.com/aemov/keon-toolset-demos/-/raw/master/gutener/templates/gutener-car-dealer.json",
    "screenshot_url": "https://gitlab.com/aemov/keon-toolset-demos/-/raw/master/gutener/screenshots/demo5/gutener-car-dealer-760-460.jpg",
    "demo_url": "https://demo.keonthemes.com/gutener/demo5/"
  },
  {
    "title": "Charity NGO 1",
    "is_pro": false,
    "pro_url": "https://keonthemes.com/downloads/gutener-pro",
    "type": "template",
    "author": "Keon Themes",
    "keywords": ["charity", "charity 1", "ngo", "ngo 1", "charity ngo"],
    "categories": ["charity-NGO"],
    "template_url": "https://gitlab.com/aemov/keon-toolset-demos/-/raw/master/gutener/templates/gutener-charity-ngo1.json",
    "screenshot_url": "https://gitlab.com/aemov/keon-toolset-demos/-/raw/master/gutener/screenshots/demo9/gutener-charity-NGO1-760-460.jpg",
    "demo_url": "https://demo.keonthemes.com/gutener/demo9/"
  },
  {
    "title": "Charity NGO 2",
    "is_pro": false,
    "pro_url": "https://keonthemes.com/downloads/gutener-pro",
    "type": "template",
    "author": "Keon Themes",
    "keywords": ["charity", "charity 2", "ngo", "ngo 2", "charity ngo"],
    "categories": ["charity-NGO"],
    "template_url": "https://gitlab.com/aemov/keon-toolset-demos/-/raw/master/gutener/templates/gutener-charity-ngo2.json",
    "screenshot_url": "https://gitlab.com/aemov/keon-toolset-demos/-/raw/master/gutener/screenshots/demo109/gutener-charity-NGO2-760-460.jpg",
    "demo_url": "https://demo.keonthemes.com/gutener/demo109/"
  },
  {
    "title": "Coming Soon",
    "is_pro": false,
    "pro_url": "https://keonthemes.com/downloads/gutener-pro",
    "type": "template",
    "author": "Keon Themes",
    "keywords": ["coming", "soon", "coming soon"],
    "categories": ["coming-soon"],
    "template_url": "https://gitlab.com/aemov/keon-toolset-demos/-/raw/master/gutener/templates/gutener-coming-soon.json",
    "screenshot_url": "https://gitlab.com/aemov/keon-toolset-demos/-/raw/master/gutener/screenshots/demo207/gutener-coming-soon-760-460.jpg",
    "demo_url": "https://demo.keonthemes.com/gutener/demo207/"
  },
  {
    "title": "Construction",
    "is_pro": false,
    "pro_url": "https://keonthemes.com/downloads/gutener-pro",
    "type": "template",
    "author": "Keon Themes",
    "keywords": ["construction", "construction 1"],
    "categories": ["construction"],
    "template_url": "https://gitlab.com/aemov/keon-toolset-demos/-/raw/master/gutener/templates/gutener-construction.json",
    "screenshot_url": "https://gitlab.com/aemov/keon-toolset-demos/raw/master/gutener/screenshots/demo105/gutener-construction-760-460.jpg",
    "demo_url": "https://demo.keonthemes.com/gutener/demo105/"
  },
  {
    "title": "Contact 1",
    "is_pro": false,
    "pro_url": "https://keonthemes.com/downloads/gutener-pro",
    "type": "template",
    "author": "Keon Themes",
    "keywords": ["contact", "contact 1"],
    "categories": ["contact"],
    "template_url": "https://gitlab.com/aemov/keon-toolset-demos/-/raw/master/gutener/templates/gutener-contact1.json",
    "screenshot_url": "https://gitlab.com/aemov/keon-toolset-demos/-/raw/master/gutener/screenshots/demo8/gutener-agency1-contact-760-460.jpg",
    "demo_url": "https://demo.keonthemes.com/gutener/demo8/contact"
  },
  {
    "title": "Contact 2",
    "is_pro": false,
    "pro_url": "https://keonthemes.com/downloads/gutener-pro",
    "type": "template",
    "author": "Keon Themes",
    "keywords": ["contact", "contact 1"],
    "categories": ["contact"],
    "template_url": "https://gitlab.com/aemov/keon-toolset-demos/-/raw/master/gutener/templates/gutener-contact2.json",
    "screenshot_url": "https://gitlab.com/aemov/keon-toolset-demos/-/raw/master/gutener/screenshots/demo115/gutener-agency2-contact-760-460.jpg",
    "demo_url": "https://demo.keonthemes.com/gutener/demo115/contact"
  },
  {
    "title": "Consultancy",
    "is_pro": false,
    "pro_url": "https://keonthemes.com/downloads/gutener-pro",
    "type": "template",
    "author": "Keon Themes",
    "keywords": ["consultancy", "consultancy 1"],
    "categories": ["consultancy"],
    "template_url": "https://gitlab.com/aemov/keon-toolset-demos/-/raw/master/gutener/templates/gutener-consultancy.json",
    "screenshot_url": "https://gitlab.com/aemov/keon-toolset-demos/-/raw/master/gutener/screenshots/demo1/gutener-consultancy-760-460.jpg",
    "demo_url": "https://demo.keonthemes.com/gutener/demo1/"
  },
  {
    "title": "Corporate 1",
    "is_pro": false,
    "pro_url": "https://keonthemes.com/downloads/gutener-pro",
    "type": "template",
    "author": "Keon Themes",
    "keywords": ["corporate", "corporate 1"],
    "categories": ["corporate"],
    "template_url": "https://gitlab.com/aemov/keon-toolset-demos/-/raw/master/gutener/templates/gutener-corporate1.json",
    "screenshot_url": "https://gitlab.com/aemov/keon-toolset-demos/-/raw/master/gutener/screenshots/demo107/gutener-corporate1-760-460.jpg",
    "demo_url": "https://demo.keonthemes.com/gutener/demo107/"
  },
  {
    "title": "Corporate 2",
    "is_pro": false,
    "pro_url": "https://keonthemes.com/downloads/gutener-pro",
    "type": "template",
    "author": "Keon Themes",
    "keywords": ["corporate", "corporate 2"],
    "categories": ["corporate"],
    "template_url": "https://gitlab.com/aemov/keon-toolset-demos/-/raw/master/gutener/templates/gutener-corporate2.json",
    "screenshot_url": "https://gitlab.com/aemov/keon-toolset-demos/-/raw/master/gutener/screenshots/demo6/gutener-corporate2-760-460.jpg",
    "demo_url": "https://demo.keonthemes.com/gutener/demo6/"
  },
  {
    "title": "Corporate 3",
    "is_pro": false,
    "pro_url": "https://keonthemes.com/downloads/gutener-pro",
    "type": "template",
    "author": "Keon Themes",
    "keywords": ["corporate", "corporate 3"],
    "categories": ["corporate"],
    "template_url": "https://gitlab.com/aemov/keon-toolset-demos/-/raw/master/gutener/templates/gutener-corporate3.json",
    "screenshot_url": "https://gitlab.com/aemov/keon-toolset-demos/-/raw/master/gutener/screenshots/demo14/gutener-corporate3-760-460.jpg",
    "demo_url": "https://demo.keonthemes.com/gutener/demo14/"
  },
  {
    "title": "eCommerce",
    "is_pro": false,
    "pro_url": "https://keonthemes.com/downloads/gutener-pro",
    "type": "template",
    "author": "Keon Themes",
    "keywords": ["ecommerce", "ecommerce 1"],
    "categories": ["ecommerce"],
    "template_url": "https://gitlab.com/aemov/keon-toolset-demos/-/raw/master/gutener/templates/gutener-ecommerce.json",
    "screenshot_url": "https://gitlab.com/aemov/keon-toolset-demos/-/raw/master/gutener/screenshots/demo110/gutener-ecommerce-760-460.jpg",
    "demo_url": "https://demo.keonthemes.com/gutener/demo110/"
  },
  {
    "title": "Education",
    "is_pro": false,
    "pro_url": "https://keonthemes.com/downloads/gutener-pro",
    "type": "template",
    "author": "Keon Themes",
    "keywords": ["education", "education 1"],
    "categories": ["education"],
    "template_url": "https://gitlab.com/aemov/keon-toolset-demos/-/raw/master/gutener/templates/gutener-education.json",
    "screenshot_url": "https://gitlab.com/aemov/keon-toolset-demos/-/raw/master/gutener/screenshots/demo104/gutener-education-760-460.jpg",
    "demo_url": "https://demo.keonthemes.com/gutener/demo104/"
  },
  {
    "title": "Event 1",
    "is_pro": false,
    "pro_url": "https://keonthemes.com/downloads/gutener-pro",
    "type": "template",
    "author": "Keon Themes",
    "keywords": ["event", "event 1"],
    "categories": ["event"],
    "template_url": "https://gitlab.com/aemov/keon-toolset-demos/-/raw/master/gutener/templates/gutener-event1.json",
    "screenshot_url": "https://gitlab.com/aemov/keon-toolset-demos/-/raw/master/gutener/screenshots/demo113/gutener-event1-760-460.jpg",
    "demo_url": "https://demo.keonthemes.com/gutener/demo113/"
  },
  {
    "title": "Event 2",
    "is_pro": false,
    "pro_url": "https://keonthemes.com/downloads/gutener-pro",
    "type": "template",
    "author": "Keon Themes",
    "keywords": ["event", "event 2"],
    "categories": ["event"],
    "template_url": "https://gitlab.com/aemov/keon-toolset-demos/-/raw/master/gutener/templates/gutener-event2.json",
    "screenshot_url": "https://gitlab.com/aemov/keon-toolset-demos/-/raw/master/gutener/screenshots/demo114/gutener-event2-760-460.jpg",
    "demo_url": "https://demo.keonthemes.com/gutener/demo114/"
  },
  {
    "title": "Finance",
    "is_pro": false,
    "pro_url": "https://keonthemes.com/downloads/gutener-pro",
    "type": "template",
    "author": "Keon Themes",
    "keywords": ["finance", "finance 1"],
    "categories": ["finance"],
    "template_url": "https://gitlab.com/aemov/keon-toolset-demos/-/raw/master/gutener/templates/gutener-finance.json",
    "screenshot_url": "https://gitlab.com/aemov/keon-toolset-demos/-/raw/master/gutener/screenshots/demo101/gutener-finance-760-460.jpg",
    "demo_url": "https://demo.keonthemes.com/gutener/demo101/"
  },
  {
    "title": "Fitness",
    "is_pro": false,
    "pro_url": "https://keonthemes.com/downloads/gutener-pro",
    "type": "template",
    "author": "Keon Themes",
    "keywords": ["fitness", "fitness 1"],
    "categories": ["fitness"],
    "template_url": "https://gitlab.com/aemov/keon-toolset-demos/-/raw/master/gutener/templates/gutener-fitness.json",
    "screenshot_url": "https://gitlab.com/aemov/keon-toolset-demos/-/raw/master/gutener/screenshots/demo4/gutener-fitness-760-460.jpg",
    "demo_url": "https://demo.keonthemes.com/gutener/demo4/"
  },
  {
    "title": "Magazine",
    "is_pro": false,
    "pro_url": "https://keonthemes.com/downloads/gutener-pro",
    "type": "template",
    "author": "Keon Themes",
    "keywords": ["magazine", "magazine 1"],
    "categories": ["magazine"],
    "template_url": "https://gitlab.com/aemov/keon-toolset-demos/-/raw/master/gutener/templates/gutener-magazine.json",
    "screenshot_url": "https://gitlab.com/aemov/keon-toolset-demos/-/raw/master/gutener/screenshots/demo106/gutener-magazine-760-460.jpg",
    "demo_url": "https://demo.keonthemes.com/gutener/demo106/"
  },
  {
    "title": "Marketing",
    "is_pro": false,
    "pro_url": "https://keonthemes.com/downloads/gutener-pro",
    "type": "template",
    "author": "Keon Themes",
    "keywords": ["marketing", "marketing 1"],
    "categories": ["marketing"],
    "template_url": "https://gitlab.com/aemov/keon-toolset-demos/-/raw/master/gutener/templates/gutener-marketing.json",
    "screenshot_url": "https://gitlab.com/aemov/keon-toolset-demos/-/raw/master/gutener/screenshots/demo3/gutener-marketing-760-460.jpg",
    "demo_url": "https://demo.keonthemes.com/gutener/demo3/"
  },
  {
    "title": "Medical 1",
    "is_pro": false,
    "pro_url": "https://keonthemes.com/downloads/gutener-pro",
    "type": "template",
    "author": "Keon Themes",
    "keywords": ["medical", "medical 1"],
    "categories": ["medical"],
    "template_url": "https://gitlab.com/aemov/keon-toolset-demos/-/raw/master/gutener/templates/gutener-medical1.json",
    "screenshot_url": "https://gitlab.com/aemov/keon-toolset-demos/-/raw/master/gutener/screenshots/demo103/gutener-medical1-760-460.jpg",
    "demo_url": "https://demo.keonthemes.com/gutener/demo103/"
  },
  {
    "title": "Medical 2",
    "is_pro": false,
    "pro_url": "https://keonthemes.com/downloads/gutener-pro",
    "type": "template",
    "author": "Keon Themes",
    "keywords": ["medical", "medical 2"],
    "categories": ["medical"],
    "template_url": "https://gitlab.com/aemov/keon-toolset-demos/-/raw/master/gutener/templates/gutener-medical2.json",
    "screenshot_url": "https://gitlab.com/aemov/keon-toolset-demos/-/raw/master/gutener/screenshots/demo11/gutener-medical2-760-460.jpg",
    "demo_url": "https://demo.keonthemes.com/gutener/demo11/"
  },
  {
    "title": "Music",
    "is_pro": false,
    "pro_url": "https://keonthemes.com/downloads/gutener-pro",
    "type": "template",
    "author": "Keon Themes",
    "keywords": ["music", "music 1"],
    "categories": ["music"],
    "template_url": "https://gitlab.com/aemov/keon-toolset-demos/-/raw/master/gutener/templates/gutener-music.json",
    "screenshot_url": "https://gitlab.com/aemov/keon-toolset-demos/-/raw/master/gutener/screenshots/demo111/gutener-music-760-460.jpg",
    "demo_url": "https://demo.keonthemes.com/gutener/demo111/"
  },
  {
    "title": "Online Courses 1",
    "is_pro": false,
    "pro_url": "https://keonthemes.com/downloads/gutener-pro",
    "type": "template",
    "author": "Keon Themes",
    "keywords": ["online", "online 1", "courses",  "courses 1", "online courses", "online courses 1"],
    "categories": ["online-courses"],
    "template_url": "https://gitlab.com/aemov/keon-toolset-demos/-/raw/master/gutener/templates/gutener-online-courses1.json",
    "screenshot_url": "https://gitlab.com/aemov/keon-toolset-demos/-/raw/master/gutener/screenshots/demo10/gutener-online-courses1-760-460.jpg",
    "demo_url": "https://demo.keonthemes.com/gutener/demo10/"
  },
  {
    "title": "Online Courses 2",
    "is_pro": false,
    "pro_url": "https://keonthemes.com/downloads/gutener-pro",
    "type": "template",
    "author": "Keon Themes",
    "keywords": ["online", "online 2", "courses",  "courses 1", "online courses", "online courses 2"],
    "categories": ["online-courses"],
    "template_url": "https://gitlab.com/aemov/keon-toolset-demos/-/raw/master/gutener/templates/gutener-online-courses2.json",
    "screenshot_url": "https://gitlab.com/aemov/keon-toolset-demos/-/raw/master/gutener/screenshots/demo112/gutener-online-courses2-760-460.jpg",
    "demo_url": "https://demo.keonthemes.com/gutener/demo112/"
  },
  {
    "title": "Photography",
    "is_pro": false,
    "pro_url": "https://keonthemes.com/downloads/gutener-pro",
    "type": "template",
    "author": "Keon Themes",
    "keywords": ["photography", "photography 1"],
    "categories": ["photography"],
    "template_url": "https://gitlab.com/aemov/keon-toolset-demos/-/raw/master/gutener/templates/gutener-photography.json",
    "screenshot_url": "https://gitlab.com/aemov/keon-toolset-demos/-/raw/master/gutener/screenshots/demo116/gutener-photography-760-460.jpg",
    "demo_url": "https://demo.keonthemes.com/gutener/demo116"
  },
  {
    "title": "Portfolio 1",
    "is_pro": false,
    "pro_url": "https://keonthemes.com/downloads/gutener-pro",
    "type": "template",
    "author": "Keon Themes",
    "keywords": ["portfolio", "portfolio 1"],
    "categories": ["portfolio"],
    "template_url": "https://gitlab.com/aemov/keon-toolset-demos/-/raw/master/gutener/templates/gutener-portfolio1.json",
    "screenshot_url": "https://gitlab.com/aemov/keon-toolset-demos/-/raw/master/gutener/screenshots/demo115/gutener-agency2-portfolio-760-460.jpg",
    "demo_url": "https://demo.keonthemes.com/gutener/demo115/portfolio"
  },
  {
    "title": "Portfolio 2",
    "is_pro": false,
    "pro_url": "https://keonthemes.com/downloads/gutener-pro",
    "type": "template",
    "author": "Keon Themes",
    "keywords": ["portfolio", "portfolio 2"],
    "categories": ["portfolio"],
    "template_url": "https://gitlab.com/aemov/keon-toolset-demos/-/raw/master/gutener/templates/gutener-portfolio2.json",
    "screenshot_url": "https://gitlab.com/aemov/keon-toolset-demos/-/raw/master/gutener/screenshots/demo117/gutener-portfolio2-760-460.jpg",
    "demo_url": "https://demo.keonthemes.com/gutener/demo117"
  },
  {
    "title": "Services 1",
    "is_pro": false,
    "pro_url": "https://keonthemes.com/downloads/gutener-pro",
    "type": "template",
    "author": "Keon Themes",
    "keywords": ["services", "services 1"],
    "categories": ["services"],
    "template_url": "https://gitlab.com/aemov/keon-toolset-demos/-/raw/master/gutener/templates/gutener-services1.json",
    "screenshot_url": "https://gitlab.com/aemov/keon-toolset-demos/-/raw/master/gutener/screenshots/demo8/gutener-agency1-services-760-460.jpg",
    "demo_url": "https://demo.keonthemes.com/gutener/demo8/services"
  },
  {
    "title": "Services 2",
    "is_pro": false,
    "pro_url": "https://keonthemes.com/downloads/gutener-pro",
    "type": "template",
    "author": "Keon Themes",
    "keywords": ["services", "services 2"],
    "categories": ["services"],
    "template_url": "https://gitlab.com/aemov/keon-toolset-demos/-/raw/master/gutener/templates/gutener-services2.json",
    "screenshot_url": "https://gitlab.com/aemov/keon-toolset-demos/-/raw/master/gutener/screenshots/demo115/gutener-agency2-services-760-460.jpg",
    "demo_url": "https://demo.keonthemes.com/gutener/demo115/services"
  },
  {
    "title": "Team 1",
    "is_pro": false,
    "pro_url": "https://keonthemes.com/downloads/gutener-pro",
    "type": "template",
    "author": "Keon Themes",
    "keywords": ["team", "team 1"],
    "categories": ["team"],
    "template_url": "https://gitlab.com/aemov/keon-toolset-demos/-/raw/master/gutener/templates/gutener-team1.json",
    "screenshot_url": "https://gitlab.com/aemov/keon-toolset-demos/-/raw/master/gutener/screenshots/demo115/gutener-agency2-team-760-460.jpg",
    "demo_url": "https://demo.keonthemes.com/gutener/demo115/team"
  }
]
