{"menu":{"menu-2":22,"menu-1":21},"options":{"blogname":"Bosa Event","blogname-child":"Bosa Event","blogdescription":"Bosa Is Perfect Theme for your Business","blogdescription-child":"Bosa Is Perfect Theme for your Business","posts_per_page":"10","posts_per_page-child":"10","date_format":"F j, Y","date_format-child":"F j, Y","time_format":"g:i a","time_format-child":"g:i a","show_on_front":"page","show_on_front-child":"page","thumbnail_size_w":"150","thumbnail_size_w-child":"150","thumbnail_size_h":"150","thumbnail_size_h-child":"150","thumbnail_crop":"1","thumbnail_crop-child":"1","medium_size_w":"300","medium_size_w-child":"300","medium_size_h":"300","medium_size_h-child":"300","avatar_default":"mystery","avatar_default-child":"mystery","large_size_w":"1024","large_size_w-child":"1024","large_size_h":"1024","large_size_h-child":"1024","page_for_posts":"28","page_for_posts-child":"28","page_on_front":"45","page_on_front-child":"45","medium_large_size_w":"768","medium_large_size_w-child":"768","medium_large_size_h":"0","medium_large_size_h-child":"0","theme_mods_bosa-pro":{"0":false,"custom_css_post_id":12,"header_button_repeater":[{"header_btn_type":"button-primary","header_btn_bg_color":"#ff7c49","header_btn_border_color":"#1a1a1a","header_btn_text_color":"#ffffff","header_btn_hover_color":"#086abd","header_btn_text":"Buy A Ticket","header_btn_link":"#","header_btn_target":true,"header_btn_radius":"3"}],"transparent_header_button_repeater":[{"transparent_header_btn_type":"button-primary","transparent_header_home_btn_bg_color":"#f94743","transparent_header_home_btn_border_color":"#ffffff","transparent_header_home_btn_text_color":"#ffffff","transparent_header_btn_bg_color":"#f94743","transparent_header_btn_border_color":"#1a1a1a","transparent_header_btn_text_color":"#ffffff","transparent_header_btn_hover_color":"#fe7148","transparent_header_btn_text":"Buy A Ticket","transparent_header_btn_link":"#","transparent_header_btn_target":true,"transparent_header_btn_radius":"3"}],"header_image_slider":[{"slider_item":""}],"notification_button_repeater":[{"noti_btn_type":"button-outline","noti_btn_bg_color":"#eb5a3e","noti_btn_border_color":"#ffffff","noti_btn_text_color":"#ffffff","noti_btn_hover_color":"#086abd","noti_btn_text":"View More","noti_btn_link":"#","noti_btn_target":true,"noti_btn_radius":0}],"social_media_links":[{"icon":"fab fa-facebook","link":"#","target":true},{"icon":"fab fa-twitter","link":"#","target":true},{"icon":"fab fa-instagram","link":"#","target":true},{"icon":"fab fa-youtube","link":"#","target":true},{"icon":"fab fa-google","link":"#","target":true}],"main_slider_button_repeater":[{"slider_btn_type":"button-outline","slider_btn_bg_color":"#eb5a3e","slider_btn_border_color":"#ffffff","slider_btn_text_color":"#ffffff","slider_btn_hover_color":"#f94743","slider_btn_text":"Learn More","slider_btn_radius":"4"}],"main_banner_buttons_repeater":[{"banner_btn_type":"button-outline","banner_btn_bg_color":"#eb5a3e","banner_btn_border_color":"#ffffff","banner_btn_text_color":"#ffffff","banner_btn_hover_color":"#086abd","banner_btn_text":"Learn More","banner_btn_link":"#","banner_btn_target":true,"banner_btn_radius":0}],"blog_page_button_repeater":[{"blog_btn_type":"button-primary","blog_btn_bg_color":"#fe7148","blog_btn_border_color":"#1a1a1a","blog_btn_text_color":"#ffffff","blog_btn_hover_color":"#f94743","blog_btn_text":"View More","blog_btn_radius":"4"}],"coming_maintenance_buttons":[{"maintenance_btn_type":"button-outline","maintenance_btn_bg_color":"#eb5a3e","maintenance_btn_border_color":"#ffffff","maintenance_btn_text_color":"#ffffff","maintenance_btn_hover_color":"#086abd","maintenance_btn_text":"Button Text","maintenance_btn_link":"#","maintenance_btn_target":true,"maintenance_btn_radius":0}],"coming_maintenance_image_slider":[{"slider_item":""}],"footer_widget_layout":"footer_widget_layout_six","footer_widget_area_top_padding":"70","top_footer_background_color":"rgba(35,23,105,0)","top_footer_widget_title_color":"#101010","top_footer_widget_link_color":"#333333","top_footer_widget_content_color":"#333333","footer_layout":"footer_eight","bottom_footer_background_color":"rgba(35,23,105,0)","bottom_footer_image_width":"170","footer_image":227,"footer_image_size":"cover","bottom_footer_text_color":"#101010","bottom_footer_text_link_color":"#333333","social_icons_size":"18","header_layout":"header_two","header_buttons_font_control":{"font-family":"Poppins","variant":"500","font-size":"16px","text-transform":"none","line-height":"1.4","font-backup":"","font-weight":500,"font-style":"normal"},"header_image_height":"100","contact_phone":"+ 1987 123456","contact_email":"yourmail@email.com","contact_address":"London Eye, London, United Kingdom","site_title_color":"#101010","site_tagline_color":"#333333","top_header_text_color":"#dbdbdb","bottom_header_text_color":"#101010","top_header_background_color":"#231769","top_hover_color_transparent_header":"#fe7148","transparent_header_top_background_color":"rgba(38,36,60,0.6)","transparent_header_bottom_background_color":"rgba(38,36,60,0.6)","top_header_text_link_hover_color":"#fe7148","bottom_header_text_link_hover_color":"#fe7148","sub_menu_link_hover_color":"#fe7148","content_hover_color_transparent_header":"#fe7148","notification_bar_background_color":"#101010","disable_notification_bar":true,"main_slider_layout":"main_slider_two","main_slider_height":"550","slider_posts_number":"4","advanced_import_setup_complete":1616043817,"background_color_main_slider":"rgba(18,15,78,0.95)","separate_hover_color_for_main_slider":"#f94743","main_slider_title_font_control":{"font-family":"Poppins","variant":"600","font-size":"44px","text-transform":"uppercase","line-height":"1.4","font-backup":"","font-weight":600,"font-style":"normal"},"main_slider_cat_font_control":{"font-family":"Poppins","variant":"regular","font-size":"15px","text-transform":"uppercase","line-height":"1.6","font-backup":"","font-weight":400,"font-style":"normal"},"main_slider_excerpt_font_control":{"font-family":"Rubik","variant":"regular","font-size":"15px","text-transform":"initial","line-height":"1.8","font-backup":"","font-weight":400,"font-style":"normal"},"main_slider_button_font_control":{"font-family":"Poppins","variant":"500","font-size":"17px","text-transform":"capitalize","line-height":"1.6","font-backup":"","font-weight":500,"font-style":"normal"},"feature_posts_section_layouts":"feature_one","featured_post_title_color":"#ffffff","feature_posts_posts_number":"3","featured_post_hover_color":"#f94743","disable_feature_posts_section_title":false,"feature_posts_section_title_font_control":{"font-family":"Poppins","variant":"700","font-size":"30px","text-transform":"none","line-height":"1.2","font-backup":"","font-weight":700,"font-style":"normal"},"feature_posts_height":"300","feature_posts_title_alignment":"align-bottom","blog_post_cat_font_control":{"font-family":"Rubik","variant":"regular","font-size":"13px","text-transform":"uppercase","line-height":"1.6","font-backup":"","font-weight":400,"font-style":"normal"},"blog_post_hover_color":"#f94743","blog_post_excerpt_font_control":{"font-family":"Rubik","variant":"regular","font-size":"15px","text-transform":"initial","line-height":"1.8","font-backup":"","font-weight":400,"font-style":"normal"},"hide_post_button":false,"blog_post_button_font_control":{"font-family":"Poppins","variant":"600","font-size":"14px","text-transform":"capitalize","line-height":"2","font-backup":"","font-weight":600,"font-style":"normal"},"highlight_posts_section_title":"You May Also Like This","highlight_posts_section_layouts":"highlighted_two","highlight_post_meta_icon_color":"#fe7148","blog_post_category_color":"#fe7148","blog_post_meta_icon_color":"#fe7148","site_description_font_control":{"font-family":"Rubik","variant":"regular","font-size":"14px","text-transform":"none","font-backup":"","font-weight":400,"font-style":"normal"},"main_menu_description_font_control":{"font-family":"Rubik","font-size":"11px","text-transform":"none","variant":"regular","line-height":"1.3","font-backup":"","font-weight":400,"font-style":"normal"},"body_font_control":{"font-family":"Rubik","variant":"regular","font-size":"15px","font-backup":"","font-weight":400,"font-style":"normal"},"logo_width":"170","main_menu_font_control":{"font-family":"Poppins","font-size":"15px","text-transform":"uppercase","variant":"600","line-height":"1.5","font-backup":"","font-weight":600,"font-style":"normal"},"main_slider_content_alignment":"left","hide_slider_category":false,"hide_slider_date":true,"hide_slider_author":true,"hide_slider_comment":true,"slider_excerpt_length":"15","hide_slider_excerpt":false,"custom_logo":269,"disable_site_title":true,"disable_site_tagline":true,"header_separate_logo":271,"transparent_header_top_header_color":"#dbdbdb","top_footer_widget_link_hover_color":"#fe7148","bottom_footer_text_link_hover_color":"#fe7148","bottom_footer_image":269,"featured_posts_cat_font_control":{"font-family":"Poppins","variant":"regular","font-size":"13px","text-transform":"uppercase","line-height":"1","font-backup":"","font-weight":400,"font-style":"normal"},"disable_latest_posts_section_title":false,"latest_posts_section_title":"Our Latest Posts","latest_posts_section_title_font_control":{"font-family":"Poppins","variant":"700","font-size":"30px","text-transform":"none","line-height":"1.2","font-backup":"","font-weight":700,"font-style":"normal"},"highlight_post_title_color":"#101010","highlight_post_category_color":"#fe7148","highlight_post_hover_color":"#f94743","disable_mobile_search_icon":true,"site_heading_text_color":"#101010","site_primary_color":"#f94743","site_hover_color":"#ff7849","preloader_custom_image_width":"50","preloader_animation":"animation_four","bottom_footer_image_link":"https:\/\/demo.bosathemes.com\/bosa\/event","disable_sticky_sidebar":false,"disable_fixed_header":true,"fixed_header_separate_logo":269,"fixed_header_logo_width":"270"},"theme_mods_bosa-pro-child":{"0":false,"custom_css_post_id":12,"header_button_repeater":[{"header_btn_type":"button-primary","header_btn_bg_color":"#ff7c49","header_btn_border_color":"#1a1a1a","header_btn_text_color":"#ffffff","header_btn_hover_color":"#086abd","header_btn_text":"Buy A Ticket","header_btn_link":"#","header_btn_target":true,"header_btn_radius":"3"}],"transparent_header_button_repeater":[{"transparent_header_btn_type":"button-primary","transparent_header_home_btn_bg_color":"#f94743","transparent_header_home_btn_border_color":"#ffffff","transparent_header_home_btn_text_color":"#ffffff","transparent_header_btn_bg_color":"#f94743","transparent_header_btn_border_color":"#1a1a1a","transparent_header_btn_text_color":"#ffffff","transparent_header_btn_hover_color":"#fe7148","transparent_header_btn_text":"Buy A Ticket","transparent_header_btn_link":"#","transparent_header_btn_target":true,"transparent_header_btn_radius":"3"}],"header_image_slider":[{"slider_item":""}],"notification_button_repeater":[{"noti_btn_type":"button-outline","noti_btn_bg_color":"#eb5a3e","noti_btn_border_color":"#ffffff","noti_btn_text_color":"#ffffff","noti_btn_hover_color":"#086abd","noti_btn_text":"View More","noti_btn_link":"#","noti_btn_target":true,"noti_btn_radius":0}],"social_media_links":[{"icon":"fab fa-facebook","link":"#","target":true},{"icon":"fab fa-twitter","link":"#","target":true},{"icon":"fab fa-instagram","link":"#","target":true},{"icon":"fab fa-youtube","link":"#","target":true},{"icon":"fab fa-google","link":"#","target":true}],"main_slider_button_repeater":[{"slider_btn_type":"button-outline","slider_btn_bg_color":"#eb5a3e","slider_btn_border_color":"#ffffff","slider_btn_text_color":"#ffffff","slider_btn_hover_color":"#f94743","slider_btn_text":"Learn More","slider_btn_radius":"4"}],"main_banner_buttons_repeater":[{"banner_btn_type":"button-outline","banner_btn_bg_color":"#eb5a3e","banner_btn_border_color":"#ffffff","banner_btn_text_color":"#ffffff","banner_btn_hover_color":"#086abd","banner_btn_text":"Learn More","banner_btn_link":"#","banner_btn_target":true,"banner_btn_radius":0}],"blog_page_button_repeater":[{"blog_btn_type":"button-primary","blog_btn_bg_color":"#fe7148","blog_btn_border_color":"#1a1a1a","blog_btn_text_color":"#ffffff","blog_btn_hover_color":"#f94743","blog_btn_text":"View More","blog_btn_radius":"4"}],"coming_maintenance_buttons":[{"maintenance_btn_type":"button-outline","maintenance_btn_bg_color":"#eb5a3e","maintenance_btn_border_color":"#ffffff","maintenance_btn_text_color":"#ffffff","maintenance_btn_hover_color":"#086abd","maintenance_btn_text":"Button Text","maintenance_btn_link":"#","maintenance_btn_target":true,"maintenance_btn_radius":0}],"coming_maintenance_image_slider":[{"slider_item":""}],"footer_widget_layout":"footer_widget_layout_six","footer_widget_area_top_padding":"70","top_footer_background_color":"rgba(35,23,105,0)","top_footer_widget_title_color":"#101010","top_footer_widget_link_color":"#333333","top_footer_widget_content_color":"#333333","footer_layout":"footer_eight","bottom_footer_background_color":"rgba(35,23,105,0)","bottom_footer_image_width":"170","footer_image":227,"footer_image_size":"cover","bottom_footer_text_color":"#101010","bottom_footer_text_link_color":"#333333","social_icons_size":"18","header_layout":"header_two","header_buttons_font_control":{"font-family":"Poppins","variant":"500","font-size":"16px","text-transform":"none","line-height":"1.4","font-backup":"","font-weight":500,"font-style":"normal"},"header_image_height":"100","contact_phone":"+ 1987 123456","contact_email":"yourmail@email.com","contact_address":"London Eye, London, United Kingdom","site_title_color":"#101010","site_tagline_color":"#333333","top_header_text_color":"#dbdbdb","bottom_header_text_color":"#101010","top_header_background_color":"#231769","top_hover_color_transparent_header":"#fe7148","transparent_header_top_background_color":"rgba(38,36,60,0.6)","transparent_header_bottom_background_color":"rgba(38,36,60,0.6)","top_header_text_link_hover_color":"#fe7148","bottom_header_text_link_hover_color":"#fe7148","sub_menu_link_hover_color":"#fe7148","content_hover_color_transparent_header":"#fe7148","notification_bar_background_color":"#101010","disable_notification_bar":true,"main_slider_layout":"main_slider_two","main_slider_height":"550","slider_posts_number":"4","nav_menu_locations":{"menu-2":22,"menu-1":21},"advanced_import_setup_complete":1616043817,"background_color_main_slider":"rgba(18,15,78,0.95)","separate_hover_color_for_main_slider":"#f94743","main_slider_title_font_control":{"font-family":"Poppins","variant":"600","font-size":"44px","text-transform":"uppercase","line-height":"1.4","font-backup":"","font-weight":600,"font-style":"normal"},"main_slider_cat_font_control":{"font-family":"Poppins","variant":"regular","font-size":"15px","text-transform":"uppercase","line-height":"1.6","font-backup":"","font-weight":400,"font-style":"normal"},"main_slider_excerpt_font_control":{"font-family":"Rubik","variant":"regular","font-size":"15px","text-transform":"initial","line-height":"1.8","font-backup":"","font-weight":400,"font-style":"normal"},"main_slider_button_font_control":{"font-family":"Poppins","variant":"500","font-size":"17px","text-transform":"capitalize","line-height":"1.6","font-backup":"","font-weight":500,"font-style":"normal"},"feature_posts_section_layouts":"feature_one","featured_post_title_color":"#ffffff","feature_posts_posts_number":"3","featured_post_hover_color":"#f94743","disable_feature_posts_section_title":false,"feature_posts_section_title_font_control":{"font-family":"Poppins","variant":"700","font-size":"30px","text-transform":"none","line-height":"1.2","font-backup":"","font-weight":700,"font-style":"normal"},"feature_posts_height":"300","feature_posts_title_alignment":"align-bottom","blog_post_cat_font_control":{"font-family":"Rubik","variant":"regular","font-size":"13px","text-transform":"uppercase","line-height":"1.6","font-backup":"","font-weight":400,"font-style":"normal"},"blog_post_hover_color":"#f94743","blog_post_excerpt_font_control":{"font-family":"Rubik","variant":"regular","font-size":"15px","text-transform":"initial","line-height":"1.8","font-backup":"","font-weight":400,"font-style":"normal"},"hide_post_button":false,"blog_post_button_font_control":{"font-family":"Poppins","variant":"600","font-size":"14px","text-transform":"capitalize","line-height":"2","font-backup":"","font-weight":600,"font-style":"normal"},"highlight_posts_section_title":"You May Also Like This","highlight_posts_section_layouts":"highlighted_two","highlight_post_meta_icon_color":"#fe7148","blog_post_category_color":"#fe7148","blog_post_meta_icon_color":"#fe7148","site_description_font_control":{"font-family":"Rubik","variant":"regular","font-size":"14px","text-transform":"none","font-backup":"","font-weight":400,"font-style":"normal"},"main_menu_description_font_control":{"font-family":"Rubik","font-size":"11px","text-transform":"none","variant":"regular","line-height":"1.3","font-backup":"","font-weight":400,"font-style":"normal"},"body_font_control":{"font-family":"Rubik","variant":"regular","font-size":"15px","font-backup":"","font-weight":400,"font-style":"normal"},"logo_width":"170","main_menu_font_control":{"font-family":"Poppins","font-size":"15px","text-transform":"uppercase","variant":"600","line-height":"1.5","font-backup":"","font-weight":600,"font-style":"normal"},"main_slider_content_alignment":"left","hide_slider_category":false,"hide_slider_date":true,"hide_slider_author":true,"hide_slider_comment":true,"slider_excerpt_length":"15","hide_slider_excerpt":false,"custom_logo":269,"disable_site_title":true,"disable_site_tagline":true,"header_separate_logo":271,"transparent_header_top_header_color":"#dbdbdb","top_footer_widget_link_hover_color":"#fe7148","bottom_footer_text_link_hover_color":"#fe7148","bottom_footer_image":269,"featured_posts_cat_font_control":{"font-family":"Poppins","variant":"regular","font-size":"13px","text-transform":"uppercase","line-height":"1","font-backup":"","font-weight":400,"font-style":"normal"},"disable_latest_posts_section_title":false,"latest_posts_section_title":"Our Latest Posts","latest_posts_section_title_font_control":{"font-family":"Poppins","variant":"700","font-size":"30px","text-transform":"none","line-height":"1.2","font-backup":"","font-weight":700,"font-style":"normal"},"highlight_post_title_color":"#101010","highlight_post_category_color":"#fe7148","highlight_post_hover_color":"#f94743","disable_mobile_search_icon":true,"site_heading_text_color":"#101010","site_primary_color":"#f94743","site_hover_color":"#ff7849","preloader_custom_image_width":"50","preloader_animation":"animation_four","bottom_footer_image_link":"https:\/\/demo.bosathemes.com\/bosa\/event","disable_sticky_sidebar":false,"disable_fixed_header":true,"fixed_header_separate_logo":269,"fixed_header_logo_width":"270"},"woocommerce_shop_page_id":"6","woocommerce_shop_page_id-child":"6"}}