{"widget_positions":{"wp_inactive_widgets":[],"right-sidebar":["search-2","bosa_pro_latest_post-3","categories-3","media_gallery-2"],"menu-sidebar":["search-3","text-5","bosa_pro_latest_post-4"],"left-sidebar":[],"woocommerce-right-sidebar":["woocommerce_price_filter-2","woocommerce_product_categories-2","media_gallery-3"],"woocommerce-left-sidebar":[],"footer-sidebar-1":["text-3"],"footer-sidebar-2":["bosa_pro_latest_post-2"],"footer-sidebar-3":["text-4"],"footer-sidebar-4":[],"array_version":3},"widget_options":{"search":{"2":{"title":""},"3":{"title":"Search"},"_multiwidget":1},"bosa_pro_latest_post":{"2":{"title":"Latest Posts","category":0,"per_page":"2","show_date_comment":true,"layout":"left"},"3":{"title":"Latest Posts","category":0,"per_page":"5","show_date_comment":true,"layout":"right"},"4":{"title":"Latest Posts","category":0,"per_page":"4","show_date_comment":true,"layout":"left"},"_multiwidget":1},"categories":{"3":{"title":"Categories","count":1,"hierarchical":0,"dropdown":0},"_multiwidget":1},"media_gallery":{"2":{"title":"Gallery","ids":[71,83,82,81,80,79],"columns":3,"size":"thumbnail","link_type":"post","orderby_random":false},"3":{"title":"Gallery","ids":[262,261,260,259,258,257],"columns":3,"size":"thumbnail","link_type":"post","orderby_random":false},"_multiwidget":1},"text":{"1":[],"3":{"title":"About Bosa Event","text":"Porta primis, at feugiat sociosqu quisquam potenti omnis ad porta convallis non numquam? Nam? Wisi, corporis adipiscing, elit, cupiditate varius! Praesent molestie pellentesque vitae ut ullamcorper corrupti.\u00a0 officiis, fringilla ridiculus, malesuada nibh molestiae.","filter":true,"visual":true},"4":{"title":"Venue Location","text":"<h4 class=\"date\">20- 22 February , 2021<\/h4>\r\n<address>51 Francis Street, London Eye, London, United Kingdom<\/address><a href=\"#\">VIEW MAP LOCATION<\/a>","filter":true,"visual":true},"5":{"title":"About Bosa Event","text":"Porta primis, at feugiat sociosqu quisquam potenti omnis ad porta convallis non numquam? Nam? Wisi, corporis adipiscing, elit, cupiditate varius.","filter":true,"visual":true},"_multiwidget":1},"woocommerce_price_filter":{"2":{"title":"Filter by price"},"_multiwidget":1},"woocommerce_product_categories":{"2":{"title":"Product categories","orderby":"name","dropdown":0,"count":1,"hierarchical":0,"show_children_only":0,"hide_empty":0,"max_depth":""},"_multiwidget":1}}}