{"menu":{"menu-2":20,"menu-1":19},"options":{"blogname":"Gutener Event","blogname-child":"Gutener Event","blogdescription":"Just another Gutener Demos site","blogdescription-child":"Just another Gutener Demos site","posts_per_page":"10","posts_per_page-child":"10","date_format":"F j, Y","date_format-child":"F j, Y","time_format":"g:i a","time_format-child":"g:i a","show_on_front":"page","show_on_front-child":"page","thumbnail_size_w":"150","thumbnail_size_w-child":"150","thumbnail_size_h":"150","thumbnail_size_h-child":"150","thumbnail_crop":"1","thumbnail_crop-child":"1","medium_size_w":"300","medium_size_w-child":"300","medium_size_h":"300","medium_size_h-child":"300","avatar_default":"mystery","avatar_default-child":"mystery","large_size_w":"700","large_size_w-child":"700","large_size_h":"700","large_size_h-child":"700","page_for_posts":"48","page_for_posts-child":"48","page_on_front":"5","page_on_front-child":"5","medium_large_size_w":"768","medium_large_size_w-child":"768","medium_large_size_h":"0","medium_large_size_h-child":"0","woocommerce_shop_page_id":"","woocommerce_shop_page_id-child":"","theme_mods_gutener-pro":{"0":false,"sidebars_widgets":{"time":1592391595,"data":{"wp_inactive_widgets":[],"sidebar-1":["search-2","recent-posts-2","recent-comments-2"],"sidebar-2":["archives-2","categories-2","meta-2"]}},"custom_css_post_id":37,"header_image_slider":[],"social_media_links":[{"icon":"fab fa-facebook","link":"#"},{"icon":"fab fa-twitter","link":"#"},{"icon":"fab fa-instagram","link":"#"},{"icon":"fab fa-youtube","link":"#"},{"icon":"fab fa-google","link":"#"}],"main_banner_buttons":[{"text":"Button Text","link":"#","type":"button-outline"}],"coming_maintenance_buttons":[{"text":"Button Text","link":"#","type":"button-outline"}],"coming_maintenance_image_slider":[],"site_hover_color":"#f40051","blog_post_category_color":"#f53f7b","logo_width":"210","disable_site_title":true,"disable_site_tagline":true,"header_layout":"header_four","header_image_height":"120","site_primary_color":"#f53f7b","header_icon_color":"#f53f7b","notification_bar_button_background_color":"#f53f7b","preloader_animation":"animation_three","top_footer_widget_title_color":"#212121","top_footer_widget_content_color":"#505050","footer_layout":"footer_nine","disable_main_slider":true,"custom_logo":144},"theme_mods_gutener-pro-child":{"0":false,"sidebars_widgets":{"time":1592391595,"data":{"wp_inactive_widgets":[],"sidebar-1":["search-2","recent-posts-2","recent-comments-2"],"sidebar-2":["archives-2","categories-2","meta-2"]}},"nav_menu_locations":{"menu-1":19,"menu-2":20},"custom_css_post_id":37,"header_image_slider":[],"social_media_links":[{"icon":"fab fa-facebook","link":"#"},{"icon":"fab fa-twitter","link":"#"},{"icon":"fab fa-instagram","link":"#"},{"icon":"fab fa-youtube","link":"#"},{"icon":"fab fa-google","link":"#"}],"main_banner_buttons":[{"text":"Button Text","link":"#","type":"button-outline"}],"coming_maintenance_buttons":[{"text":"Button Text","link":"#","type":"button-outline"}],"coming_maintenance_image_slider":[],"site_hover_color":"#f40051","blog_post_category_color":"#f53f7b","logo_width":"210","disable_site_title":true,"disable_site_tagline":true,"header_layout":"header_four","header_image_height":"120","site_primary_color":"#f53f7b","header_icon_color":"#f53f7b","notification_bar_button_background_color":"#f53f7b","preloader_animation":"animation_three","top_footer_widget_title_color":"#212121","top_footer_widget_content_color":"#505050","footer_layout":"footer_nine","disable_main_slider":true,"custom_logo":144}}}