{"menu":{"menu-2":30,"menu-1":2,"menu-3":18},"options":{"blogname":"Bosa News Blog","blogname-child":"Bosa News Blog","blogdescription":"Multipurpose WordPress Theme","blogdescription-child":"Multipurpose WordPress Theme","posts_per_page":"8","posts_per_page-child":"8","date_format":"F j, Y","date_format-child":"F j, Y","time_format":"g:i a","time_format-child":"g:i a","show_on_front":"posts","show_on_front-child":"posts","thumbnail_size_w":"150","thumbnail_size_w-child":"150","thumbnail_size_h":"150","thumbnail_size_h-child":"150","thumbnail_crop":"1","thumbnail_crop-child":"1","medium_size_w":"300","medium_size_w-child":"300","medium_size_h":"300","medium_size_h-child":"300","avatar_default":"mystery","avatar_default-child":"mystery","large_size_w":"1024","large_size_w-child":"1024","large_size_h":"1024","large_size_h-child":"1024","page_for_posts":"0","page_for_posts-child":"0","page_on_front":"0","page_on_front-child":"0","medium_large_size_w":"768","medium_large_size_w-child":"768","medium_large_size_h":"0","medium_large_size_h-child":"0","theme_mods_bosa-pro":{"0":false,"custom_css_post_id":-1,"header_layout":"header_twelve","header_button_repeater":[{"header_btn_type":"button-outline","header_btn_bg_color":"#eb5a3e","header_btn_border_color":"#1a1a1a","header_btn_text_color":"#1a1a1a","header_btn_hover_color":"#086abd","header_btn_text":"Get a Quote","header_btn_link":"#","header_btn_target":true,"header_btn_radius":0}],"transparent_header_button_repeater":[{"transparent_header_btn_type":"button-outline","transparent_header_home_btn_bg_color":"#eb5a3e","transparent_header_home_btn_border_color":"#ffffff","transparent_header_home_btn_text_color":"#ffffff","transparent_header_btn_bg_color":"#eb5a3e","transparent_header_btn_border_color":"#1a1a1a","transparent_header_btn_text_color":"#1a1a1a","transparent_header_btn_hover_color":"#086abd","transparent_header_btn_text":"Get a Quote","transparent_header_btn_link":"#","transparent_header_btn_target":true,"transparent_header_btn_radius":0}],"header_image_slider":[],"notification_button_repeater":[{"noti_btn_type":"button-primary","noti_btn_bg_color":"#ff483a","noti_btn_border_color":"#ffffff","noti_btn_text_color":"#ffffff","noti_btn_hover_color":"#086abd","noti_btn_text":"View Info","noti_btn_link":"#","noti_btn_target":true,"noti_btn_radius":0}],"social_media_links":[{"icon":"fab fa-facebook","link":"#","target":true},{"icon":"fab fa-twitter","link":"#","target":true},{"icon":"fab fa-instagram","link":"#","target":true},{"icon":"fab fa-google","link":"#","target":true},{"icon":"fab fa-youtube","link":"#","target":true},{"icon":"fab fa-pinterest","link":"#","target":true}],"main_slider_button_repeater":[{"slider_btn_type":"button-primary","slider_btn_bg_color":"#ff483a","slider_btn_border_color":"#ffffff","slider_btn_text_color":"#ffffff","slider_btn_hover_color":"#086abd","slider_btn_text":"Learn More","slider_btn_radius":0}],"main_banner_buttons_repeater":[{"banner_btn_type":"button-outline","banner_btn_bg_color":"#eb5a3e","banner_btn_border_color":"#ffffff","banner_btn_text_color":"#ffffff","banner_btn_hover_color":"#086abd","banner_btn_text":"Learn More","banner_btn_link":"#","banner_btn_target":true,"banner_btn_radius":0}],"blog_page_button_repeater":[{"blog_btn_type":"button-primary","blog_btn_bg_color":"#ff483a","blog_btn_border_color":"#1a1a1a","blog_btn_text_color":"#ffffff","blog_btn_hover_color":"#086abd","blog_btn_text":"View More","blog_btn_radius":0}],"coming_maintenance_buttons":[{"maintenance_btn_type":"button-outline","maintenance_btn_bg_color":"#eb5a3e","maintenance_btn_border_color":"#ffffff","maintenance_btn_text_color":"#ffffff","maintenance_btn_hover_color":"#086abd","maintenance_btn_text":"Button Text","maintenance_btn_link":"#","maintenance_btn_target":true,"maintenance_btn_radius":0}],"coming_maintenance_image_slider":[],"header_advertisement_banner":229,"header_image_height":"150","mid_header_background_color":"","bottom_header_background_color":"#151515","bottom_header_text_color":"#ffffff","site_primary_color":"#ff483a","header_home_icon_bg_color":"#ff483a","feature_posts_height":"350","disable_feature_posts_section_title":false,"feature_posts_section_title":"Featured Story","disable_latest_posts_section_title":false,"latest_posts_section_title":"Recent Story","highlight_posts_section_title":"You may have missed","archive_post_layout":"grid","feature_posts_columns":"three_columns","main_menu_description_font_control":{"font-family":"Open Sans","font-size":"11px","text-transform":"none","variant":"regular","line-height":"1.3","font-backup":"","font-weight":400,"font-style":"normal"},"page_title_font_control":{"font-family":"Montserrat","variant":"600","font-size":"48px","text-transform":"none","font-backup":"","font-weight":600,"font-style":"normal"},"feature_posts_category":"27","feature_posts_image_size":"norepeat","feature_posts_title_alignment":"align-bottom","disable_feature_title_divider":false,"disable_top_header_border":true,"top_header_background_color":"#fafafa","logo_width":"180","site_title_font_control":{"font-family":"Montserrat","variant":"700","font-size":"36px","text-transform":"none","font-backup":"","font-weight":700,"font-style":"normal"},"sidebar_settings":"right-left","notification_bar_background_color":"#414141","notification_bar_title_color":"#ffffff","main_slider_height":"550","main_slider_layout":"main_slider_two","slider_post_title_color":"#151515","slider_post_category_color":"#ff483a","slider_post_meta_color":"#656565","background_color_main_slider":"#fafafa","slider_post_text_color":"#333333","separate_hover_color_for_main_slider":"#086abd","notification_bar_image_height":"40","disable_sticky_notification_bar":true,"slider_category":"26","main_slider_image_size":"cover","main_slider_content_alignment":"left","main_slider_title_font_control":{"font-family":"Montserrat","variant":"600","font-size":"42px","text-transform":"none","line-height":"1.2","font-backup":"","font-weight":600,"font-style":"normal"},"disable_slider_dots":false,"main_menu_font_control":{"font-family":"Open Sans","font-size":"15px","text-transform":"uppercase","variant":"600","line-height":"1.5","font-backup":"","font-weight":600,"font-style":"normal"},"footer_widget_layout":"footer_widget_layout_one","footer_widget_area_top_padding":"80","footer_widget_area_bottom_padding":"80","top_footer_background_color":"#151515","top_footer_widget_title_color":"#ffffff","disable_footer_widget_title_border":true,"disable_footer_widget_list_item_border":false,"top_footer_widget_link_color":"#cccccc","top_footer_widget_content_color":"#878787","footer_layout":"footer_eight","bottom_footer_background_color":"#181818","bottom_footer_image":167,"bottom_footer_image_width":"295","bottom_footer_text_color":"#868686","bottom_footer_text_link_color":"#cccccc","disable_footer_border":false,"bottom_footer_image_link":"#","social_icons_size":"20","disable_feature_posts_section_description":false,"feature_posts_section_title_desc_alignment":"center","latest_posts_section_title_desc_alignment":"left","feature_posts_section_description":"Corporis commodo eligendi sit doloribus scelerisque.","feature_posts_font_control":{"font-family":"Montserrat","variant":"600","font-size":"14px","text-transform":"uppercase","line-height":"1.4","font-backup":"","font-weight":600,"font-style":"normal"},"section_title_font_control":{"font-family":"Poppins","variant":"600","font-size":"28px","text-transform":"none","font-backup":"","font-weight":600,"font-style":"normal"},"disable_latest_posts_section_description":false,"latest_posts_section_description":"","feature_posts_section_layouts":"feature_two","disable_instagram":false,"enable_instagram_homepage":true,"insta_shortcode":"[instagram-feed showheader=false num=16 cols=7 showfollow=false showbutton=false]","featured_post_title_color":"#151515","featured_post_category_color":"#ff483a","featured_post_meta_color":"#656565","feature_posts_overlay_opacity":"9","feature_posts_section_title_font_control":{"font-family":"Montserrat","variant":"600","font-size":"24px","text-transform":"uppercase","line-height":"1.2","font-backup":"","font-weight":600,"font-style":"normal"},"latest_posts_section_title_font_control":{"font-family":"Montserrat","variant":"600","font-size":"24px","text-transform":"uppercase","line-height":"1.2","font-backup":"","font-weight":600,"font-style":"normal"},"highlight_posts_section_title_font_control":{"font-family":"Montserrat","variant":"600","font-size":"20px","text-transform":"uppercase","line-height":"1.2","font-backup":"","font-weight":600,"font-style":"normal"},"highlight_posts_section_title_desc_alignment":"left","disable_instagram_section_title":false,"instagram_section_title_desc_alignment":"text-left","hide_featured_posts_author":true,"hide_author":true,"hide_blog_page_excerpt":false,"post_excerpt_length":"10","hide_post_button":false,"blog_post_category_color":"#ff483a","notification_bar_title":"LATEST UPDATE: Coronavirus disease (COVID-19) outbreak updates & resource materials.","notification_bar_image":107,"notification_bar_image_size":"pattern","notification_bar_title_font_control":{"font-family":"Open Sans","variant":"600","font-size":"13px","text-transform":"none","line-height":"1.3","font-backup":"","font-weight":600,"font-style":"normal"},"notification_bar_image_overlay_opacity":"1","notification_bar_buttons_font_control":{"font-family":"Open Sans","variant":"600","font-size":"11px","text-transform":"none","line-height":"1","font-backup":"","font-weight":600,"font-style":"normal"},"disable_fixed_header":false,"blog_post_title_font_control":{"font-family":"Montserrat","variant":"500","font-size":"18px","text-transform":"none","line-height":"1.4","font-backup":"","font-weight":500,"font-style":"normal"},"blog_post_excerpt_font_control":{"font-family":"Open Sans","variant":"regular","font-size":"15px","text-transform":"initial","line-height":"1.8","font-backup":"","font-weight":400,"font-style":"normal"},"main_slider_meta_font_control":{"font-family":"Montserrat","variant":"regular","font-size":"13px","text-transform":"capitalize","line-height":"1.6","font-backup":"","font-weight":400,"font-style":"normal"},"featured_posts_cat_font_control":{"font-family":"Montserrat","variant":"500","font-size":"12px","text-transform":"capitalize","line-height":"1","font-backup":"","font-weight":500,"font-style":"normal"},"featured_posts_meta_font_control":{"font-family":"Montserrat","variant":"500","font-size":"12px","text-transform":"capitalize","line-height":"1.6","font-backup":"","font-weight":500,"font-style":"normal"},"general_title_font_control":{"font-family":"Montserrat","variant":"500","text-transform":"none","font-backup":"","font-weight":500,"font-style":"normal"},"blog_post_meta_font_control":{"font-family":"Montserrat","variant":"regular","font-size":"13px","text-transform":"capitalize","line-height":"1.6","font-backup":"","font-weight":400,"font-style":"normal"},"footer_widget_title_font_control":{"font-family":"Montserrat","variant":"500","font-size":"18px","text-transform":"none","line-height":"1.4","font-backup":"","font-weight":500,"font-style":"normal"},"footer_style_font_control":{"font-family":"Montserrat","variant":"500","font-size":"14px","text-transform":"none","line-height":"1.6","font-backup":"","font-weight":500,"font-style":"normal"},"custom_logo":211,"disable_site_title":true,"disable_site_tagline":true,"sidebar_widget_title_font_control":{"font-family":"Poppins","variant":"500","font-size":"15px","text-transform":"uppercase","line-height":"1.4","font-backup":"","font-weight":500,"font-style":"normal"},"highlight_posts_slides_show":"4","highlight_posts_posts_number":"6","highlight_posts_cat_font_control":{"font-family":"Montserrat","variant":"regular","font-size":"12px","text-transform":"capitalize","line-height":"1","font-backup":"","font-weight":400,"font-style":"normal"},"highlight_posts_title_font_control":{"font-family":"Montserrat","variant":"500","font-size":"16px","text-transform":"none","line-height":"1.4","font-backup":"","font-weight":500,"font-style":"normal"},"hide_highlight_posts_author":false,"hide_highlight_posts_comment":true,"hide_highlight_posts_image":false,"bottom_header_text_link_hover_color":"#3c9efb","main_slider_cat_font_control":{"font-family":"Open Sans","variant":"regular","font-size":"15px","text-transform":"uppercase","line-height":"1.6","font-backup":"","font-weight":400,"font-style":"normal"},"main_slider_excerpt_font_control":{"font-family":"Open Sans","variant":"regular","font-size":"16px","text-transform":"initial","line-height":"1.8","font-backup":"","font-weight":400,"font-style":"normal"},"hide_featured_posts_date":false,"hide_featured_posts_comment":true,"highlight_posts_category":"","header_advertisement_banner_link":"http:\/\/bosathemes.com\/pricing","footer_text":"<div class=\"site-info\">\n\tCopyright \u00a9 2021<a href=\"https:\/\/demo.bosathemes.com\/bosa\/education\" title=\"Bosa Education \"> Bosa News Blog<\/a> .  Theme: <a href=\"https:\/\/bosathemes.com\/\" target=\"_blank\" title=\"Bosa\" rel=\"author\">Bosa<\/a> By KeonThemes.<\/div>","disable_sidebar_woocommerce_page":false,"disable_sticky_sidebar":false},"theme_mods_bosa-pro-child":{"0":false,"nav_menu_locations":{"menu-1":2,"menu-3":18,"menu-2":30},"custom_css_post_id":-1,"header_layout":"header_twelve","header_button_repeater":[{"header_btn_type":"button-outline","header_btn_bg_color":"#eb5a3e","header_btn_border_color":"#1a1a1a","header_btn_text_color":"#1a1a1a","header_btn_hover_color":"#086abd","header_btn_text":"Get a Quote","header_btn_link":"#","header_btn_target":true,"header_btn_radius":0}],"transparent_header_button_repeater":[{"transparent_header_btn_type":"button-outline","transparent_header_home_btn_bg_color":"#eb5a3e","transparent_header_home_btn_border_color":"#ffffff","transparent_header_home_btn_text_color":"#ffffff","transparent_header_btn_bg_color":"#eb5a3e","transparent_header_btn_border_color":"#1a1a1a","transparent_header_btn_text_color":"#1a1a1a","transparent_header_btn_hover_color":"#086abd","transparent_header_btn_text":"Get a Quote","transparent_header_btn_link":"#","transparent_header_btn_target":true,"transparent_header_btn_radius":0}],"header_image_slider":[],"notification_button_repeater":[{"noti_btn_type":"button-primary","noti_btn_bg_color":"#ff483a","noti_btn_border_color":"#ffffff","noti_btn_text_color":"#ffffff","noti_btn_hover_color":"#086abd","noti_btn_text":"View Info","noti_btn_link":"#","noti_btn_target":true,"noti_btn_radius":0}],"social_media_links":[{"icon":"fab fa-facebook","link":"#","target":true},{"icon":"fab fa-twitter","link":"#","target":true},{"icon":"fab fa-instagram","link":"#","target":true},{"icon":"fab fa-google","link":"#","target":true},{"icon":"fab fa-youtube","link":"#","target":true},{"icon":"fab fa-pinterest","link":"#","target":true}],"main_slider_button_repeater":[{"slider_btn_type":"button-primary","slider_btn_bg_color":"#ff483a","slider_btn_border_color":"#ffffff","slider_btn_text_color":"#ffffff","slider_btn_hover_color":"#086abd","slider_btn_text":"Learn More","slider_btn_radius":0}],"main_banner_buttons_repeater":[{"banner_btn_type":"button-outline","banner_btn_bg_color":"#eb5a3e","banner_btn_border_color":"#ffffff","banner_btn_text_color":"#ffffff","banner_btn_hover_color":"#086abd","banner_btn_text":"Learn More","banner_btn_link":"#","banner_btn_target":true,"banner_btn_radius":0}],"blog_page_button_repeater":[{"blog_btn_type":"button-primary","blog_btn_bg_color":"#ff483a","blog_btn_border_color":"#1a1a1a","blog_btn_text_color":"#ffffff","blog_btn_hover_color":"#086abd","blog_btn_text":"View More","blog_btn_radius":0}],"coming_maintenance_buttons":[{"maintenance_btn_type":"button-outline","maintenance_btn_bg_color":"#eb5a3e","maintenance_btn_border_color":"#ffffff","maintenance_btn_text_color":"#ffffff","maintenance_btn_hover_color":"#086abd","maintenance_btn_text":"Button Text","maintenance_btn_link":"#","maintenance_btn_target":true,"maintenance_btn_radius":0}],"coming_maintenance_image_slider":[],"header_advertisement_banner":229,"header_image_height":"150","mid_header_background_color":"","bottom_header_background_color":"#151515","bottom_header_text_color":"#ffffff","site_primary_color":"#ff483a","header_home_icon_bg_color":"#ff483a","feature_posts_height":"350","disable_feature_posts_section_title":false,"feature_posts_section_title":"Featured Story","disable_latest_posts_section_title":false,"latest_posts_section_title":"Recent Story","highlight_posts_section_title":"You may have missed","archive_post_layout":"grid","feature_posts_columns":"three_columns","main_menu_description_font_control":{"font-family":"Open Sans","font-size":"11px","text-transform":"none","variant":"regular","line-height":"1.3","font-backup":"","font-weight":400,"font-style":"normal"},"page_title_font_control":{"font-family":"Montserrat","variant":"600","font-size":"48px","text-transform":"none","font-backup":"","font-weight":600,"font-style":"normal"},"feature_posts_category":"27","feature_posts_image_size":"norepeat","feature_posts_title_alignment":"align-bottom","disable_feature_title_divider":false,"disable_top_header_border":true,"top_header_background_color":"#fafafa","logo_width":"180","site_title_font_control":{"font-family":"Montserrat","variant":"700","font-size":"36px","text-transform":"none","font-backup":"","font-weight":700,"font-style":"normal"},"sidebar_settings":"right-left","notification_bar_background_color":"#414141","notification_bar_title_color":"#ffffff","main_slider_height":"550","main_slider_layout":"main_slider_two","slider_post_title_color":"#151515","slider_post_category_color":"#ff483a","slider_post_meta_color":"#656565","background_color_main_slider":"#fafafa","slider_post_text_color":"#333333","separate_hover_color_for_main_slider":"#086abd","notification_bar_image_height":"40","disable_sticky_notification_bar":true,"slider_category":"26","main_slider_image_size":"cover","main_slider_content_alignment":"left","main_slider_title_font_control":{"font-family":"Montserrat","variant":"600","font-size":"42px","text-transform":"none","line-height":"1.2","font-backup":"","font-weight":600,"font-style":"normal"},"disable_slider_dots":false,"main_menu_font_control":{"font-family":"Open Sans","font-size":"15px","text-transform":"uppercase","variant":"600","line-height":"1.5","font-backup":"","font-weight":600,"font-style":"normal"},"footer_widget_layout":"footer_widget_layout_one","footer_widget_area_top_padding":"80","footer_widget_area_bottom_padding":"80","top_footer_background_color":"#151515","top_footer_widget_title_color":"#ffffff","disable_footer_widget_title_border":true,"disable_footer_widget_list_item_border":false,"top_footer_widget_link_color":"#cccccc","top_footer_widget_content_color":"#878787","footer_layout":"footer_eight","bottom_footer_background_color":"#181818","bottom_footer_image":167,"bottom_footer_image_width":"295","bottom_footer_text_color":"#868686","bottom_footer_text_link_color":"#cccccc","disable_footer_border":false,"bottom_footer_image_link":"#","social_icons_size":"20","disable_feature_posts_section_description":false,"feature_posts_section_title_desc_alignment":"center","latest_posts_section_title_desc_alignment":"left","feature_posts_section_description":"Corporis commodo eligendi sit doloribus scelerisque.","feature_posts_font_control":{"font-family":"Montserrat","variant":"600","font-size":"14px","text-transform":"uppercase","line-height":"1.4","font-backup":"","font-weight":600,"font-style":"normal"},"section_title_font_control":{"font-family":"Poppins","variant":"600","font-size":"28px","text-transform":"none","font-backup":"","font-weight":600,"font-style":"normal"},"disable_latest_posts_section_description":false,"latest_posts_section_description":"","feature_posts_section_layouts":"feature_two","disable_instagram":false,"enable_instagram_homepage":true,"insta_shortcode":"[instagram-feed showheader=false num=16 cols=7 showfollow=false showbutton=false]","featured_post_title_color":"#151515","featured_post_category_color":"#ff483a","featured_post_meta_color":"#656565","feature_posts_overlay_opacity":"9","feature_posts_section_title_font_control":{"font-family":"Montserrat","variant":"600","font-size":"24px","text-transform":"uppercase","line-height":"1.2","font-backup":"","font-weight":600,"font-style":"normal"},"latest_posts_section_title_font_control":{"font-family":"Montserrat","variant":"600","font-size":"24px","text-transform":"uppercase","line-height":"1.2","font-backup":"","font-weight":600,"font-style":"normal"},"highlight_posts_section_title_font_control":{"font-family":"Montserrat","variant":"600","font-size":"20px","text-transform":"uppercase","line-height":"1.2","font-backup":"","font-weight":600,"font-style":"normal"},"highlight_posts_section_title_desc_alignment":"left","disable_instagram_section_title":false,"instagram_section_title_desc_alignment":"text-left","hide_featured_posts_author":true,"hide_author":true,"hide_blog_page_excerpt":false,"post_excerpt_length":"10","hide_post_button":false,"blog_post_category_color":"#ff483a","notification_bar_title":"LATEST UPDATE: Coronavirus disease (COVID-19) outbreak updates & resource materials.","notification_bar_image":107,"notification_bar_image_size":"pattern","notification_bar_title_font_control":{"font-family":"Open Sans","variant":"600","font-size":"13px","text-transform":"none","line-height":"1.3","font-backup":"","font-weight":600,"font-style":"normal"},"notification_bar_image_overlay_opacity":"1","notification_bar_buttons_font_control":{"font-family":"Open Sans","variant":"600","font-size":"11px","text-transform":"none","line-height":"1","font-backup":"","font-weight":600,"font-style":"normal"},"disable_fixed_header":false,"blog_post_title_font_control":{"font-family":"Montserrat","variant":"500","font-size":"18px","text-transform":"none","line-height":"1.4","font-backup":"","font-weight":500,"font-style":"normal"},"blog_post_excerpt_font_control":{"font-family":"Open Sans","variant":"regular","font-size":"15px","text-transform":"initial","line-height":"1.8","font-backup":"","font-weight":400,"font-style":"normal"},"main_slider_meta_font_control":{"font-family":"Montserrat","variant":"regular","font-size":"13px","text-transform":"capitalize","line-height":"1.6","font-backup":"","font-weight":400,"font-style":"normal"},"featured_posts_cat_font_control":{"font-family":"Montserrat","variant":"500","font-size":"12px","text-transform":"capitalize","line-height":"1","font-backup":"","font-weight":500,"font-style":"normal"},"featured_posts_meta_font_control":{"font-family":"Montserrat","variant":"500","font-size":"12px","text-transform":"capitalize","line-height":"1.6","font-backup":"","font-weight":500,"font-style":"normal"},"general_title_font_control":{"font-family":"Montserrat","variant":"500","text-transform":"none","font-backup":"","font-weight":500,"font-style":"normal"},"blog_post_meta_font_control":{"font-family":"Montserrat","variant":"regular","font-size":"13px","text-transform":"capitalize","line-height":"1.6","font-backup":"","font-weight":400,"font-style":"normal"},"footer_widget_title_font_control":{"font-family":"Montserrat","variant":"500","font-size":"18px","text-transform":"none","line-height":"1.4","font-backup":"","font-weight":500,"font-style":"normal"},"footer_style_font_control":{"font-family":"Montserrat","variant":"500","font-size":"14px","text-transform":"none","line-height":"1.6","font-backup":"","font-weight":500,"font-style":"normal"},"custom_logo":211,"disable_site_title":true,"disable_site_tagline":true,"sidebar_widget_title_font_control":{"font-family":"Poppins","variant":"500","font-size":"15px","text-transform":"uppercase","line-height":"1.4","font-backup":"","font-weight":500,"font-style":"normal"},"highlight_posts_slides_show":"4","highlight_posts_posts_number":"6","highlight_posts_cat_font_control":{"font-family":"Montserrat","variant":"regular","font-size":"12px","text-transform":"capitalize","line-height":"1","font-backup":"","font-weight":400,"font-style":"normal"},"highlight_posts_title_font_control":{"font-family":"Montserrat","variant":"500","font-size":"16px","text-transform":"none","line-height":"1.4","font-backup":"","font-weight":500,"font-style":"normal"},"hide_highlight_posts_author":false,"hide_highlight_posts_comment":true,"hide_highlight_posts_image":false,"bottom_header_text_link_hover_color":"#3c9efb","main_slider_cat_font_control":{"font-family":"Open Sans","variant":"regular","font-size":"15px","text-transform":"uppercase","line-height":"1.6","font-backup":"","font-weight":400,"font-style":"normal"},"main_slider_excerpt_font_control":{"font-family":"Open Sans","variant":"regular","font-size":"16px","text-transform":"initial","line-height":"1.8","font-backup":"","font-weight":400,"font-style":"normal"},"hide_featured_posts_date":false,"hide_featured_posts_comment":true,"highlight_posts_category":"","header_advertisement_banner_link":"http:\/\/bosathemes.com\/pricing","footer_text":"<div class=\"site-info\">\n\tCopyright \u00a9 2021<a href=\"https:\/\/demo.bosathemes.com\/bosa\/education\" title=\"Bosa Education \"> Bosa News Blog<\/a> .  Theme: <a href=\"https:\/\/bosathemes.com\/\" target=\"_blank\" title=\"Bosa\" rel=\"author\">Bosa<\/a> By KeonThemes.<\/div>","disable_sidebar_woocommerce_page":false,"disable_sticky_sidebar":false},"woocommerce_shop_page_id":"266","woocommerce_shop_page_id-child":"266"}}