{"widget_positions":{"wp_inactive_widgets":["search-2","recent-posts-2","recent-comments-2","categories-4"],"right-sidebar":["bosa_pro_latest_post-3","media_image-2","categories-8","media_video-2"],"menu-sidebar":["bosa_pro_author_widget-3","bosa_pro_latest_post-7","categories-2"],"left-sidebar":["bosa_pro_latest_post-6","media_image-3"],"woocommerce-right-sidebar":["woocommerce_price_filter-2","woocommerce_products-2"],"woocommerce-left-sidebar":["woocommerce_product_search-2","media_gallery-2","woocommerce_product_categories-2"],"footer-sidebar-1":["recent-posts-4"],"footer-sidebar-2":["recent-comments-4"],"footer-sidebar-3":["categories-7"],"footer-sidebar-4":["custom_html-3"],"array_version":3},"widget_options":{"search":{"2":{"title":""},"_multiwidget":1},"recent-posts":{"2":{"title":"","number":5},"4":{"title":"Latest Posts","number":3,"show_date":true},"_multiwidget":1},"recent-comments":{"2":{"title":"","number":5},"4":{"title":"Recent Comments","number":3},"_multiwidget":1},"categories":{"2":{"title":"","count":0,"hierarchical":0,"dropdown":0},"4":[],"7":{"title":"Categories","count":1,"hierarchical":0,"dropdown":0},"8":{"title":"Categories","count":1,"hierarchical":0,"dropdown":0},"_multiwidget":1},"bosa_pro_latest_post":{"3":{"title":"Editor\u2019s Picks","category":22,"per_page":"5","show_date_comment":false,"layout":"left"},"5":{"title":"Latest Posts","per_page":"5","show_date_comment":true,"layout":"left"},"6":{"title":"Trending Story","category":19,"per_page":"3","show_date_comment":true,"layout":"full"},"7":{"title":"Latest Posts","category":0,"per_page":"3","show_date_comment":true,"layout":"right"},"_multiwidget":1},"media_image":{"2":{"size":"full","width":227,"height":250,"caption":"","alt":"","link_type":"none","link_url":"http:\/\/bosathemes.com\/pricing","image_classes":"","link_classes":"","link_rel":"","link_target_blank":false,"image_title":"","attachment_id":233,"url":"https:\/\/demo.bosathemes.com\/bosa\/news-blog\/wp-content\/uploads\/sites\/27\/2021\/02\/bosa-pro-ads-227-250.jpg","title":"Advertisement"},"3":{"size":"full","width":227,"height":490,"caption":"","alt":"","link_type":"custom","link_url":"http:\/\/bosathemes.com\/pricing","image_classes":"","link_classes":"","link_rel":"","link_target_blank":false,"image_title":"Advertisement","attachment_id":235,"url":"https:\/\/demo.bosathemes.com\/bosa\/news-blog\/wp-content\/uploads\/sites\/27\/2021\/02\/bosa-pro-ads-227-490.jpg","title":"Advertisement"},"_multiwidget":1},"media_video":{"2":{"preload":"none","loop":true,"content":"","mp4":"","m4v":"","webm":"","ogv":"","flv":"","attachment_id":0,"url":"https:\/\/www.youtube.com\/watch?v=wAD81ICiqls&feature=emb_title","title":"Video News"},"_multiwidget":1},"bosa_pro_author_widget":{"3":{"title":"About Author","page_id":80,"full-square-thumb":true,"page_title":false,"excerpt_count":"20","sub_title":"News Blog Publisher","content_alignment":"left","social_title":null,"social_desc":null,"social_menu_icon_1":"fab fa-facebook","social_menu_link_1":"#","social_menu_icon_2":"fab fa-twitter","social_menu_link_2":"#","social_menu_icon_3":"fab fa-instagram","social_menu_link_3":"#","social_menu_icon_4":"fab fa-google","social_menu_link_4":"#","social_menu_icon_5":"fab fa-youtube","social_menu_link_5":"#","social_menu_icon_6":"fab fa-pinterest","social_menu_link_6":"#","social_menu_icon_7":"","social_menu_link_7":"","social_menu_icon_8":"","social_menu_link_8":"","social_menu_icon_9":"","social_menu_link_9":"","social_menu_icon_10":"","social_menu_link_10":""},"_multiwidget":1},"woocommerce_price_filter":{"2":{"title":"Filter by price"},"3":{"title":"Filter by price"},"_multiwidget":1},"woocommerce_products":{"2":{"title":"Products","number":6,"show":"","orderby":"date","order":"desc","hide_free":0,"show_hidden":0},"_multiwidget":1},"woocommerce_product_search":{"2":{"title":"Search"},"_multiwidget":1},"media_gallery":{"2":{"title":"Gallery","ids":[259,258,257,256,255,254],"columns":3,"size":"thumbnail","link_type":"post","orderby_random":false},"_multiwidget":1},"woocommerce_product_categories":{"2":{"title":"Product categories","orderby":"name","dropdown":0,"count":0,"hierarchical":0,"show_children_only":0,"hide_empty":0,"max_depth":""},"_multiwidget":1},"custom_html":{"3":{"title":"Disclaimer","content":"Repellendus aspernatur maxime ultrices reiciendis! Pellentesque laborum sociis? Beatae commodo faucibus, vitae! <strong>Tempus ipsam ante<\/strong> gravida culpa facilisi sollicitudin mattis id? Pede risus asperiores dapibus a, eveniet lobortis voluptate recusandae neque culpa cum magna."},"_multiwidget":1}}}