{"menu":{"menu-2":9,"menu-1":8},"options":{"blogname":"Bosa Fitness","blogname-child":"Bosa Fitness","blogdescription":"Bosa is the perfect theme for your Business.","blogdescription-child":"Bosa is the perfect theme for your Business.","posts_per_page":"10","posts_per_page-child":"10","date_format":"F j, Y","date_format-child":"F j, Y","time_format":"g:i a","time_format-child":"g:i a","show_on_front":"page","show_on_front-child":"page","thumbnail_size_w":"150","thumbnail_size_w-child":"150","thumbnail_size_h":"150","thumbnail_size_h-child":"150","thumbnail_crop":"1","thumbnail_crop-child":"1","medium_size_w":"300","medium_size_w-child":"300","medium_size_h":"300","medium_size_h-child":"300","avatar_default":"mystery","avatar_default-child":"mystery","large_size_w":"1024","large_size_w-child":"1024","large_size_h":"1024","large_size_h-child":"1024","page_for_posts":"285","page_for_posts-child":"285","page_on_front":"13","page_on_front-child":"13","medium_large_size_w":"768","medium_large_size_w-child":"768","medium_large_size_h":"0","medium_large_size_h-child":"0","theme_mods_bosa-pro":{"0":false,"custom_css_post_id":122,"header_layout":"header_two","header_button_repeater":[{"header_btn_bg_color":"#f63c25","header_btn_border_color":"#111111","header_btn_text_color":"#111111","header_btn_text":"Get a Quote","header_btn_target":true,"header_btn_link":"#","header_btn_type":"button-outline","header_btn_radius":0}],"header_image_slider":[{"slider_item":""}],"social_media_links":[{"icon":"fab fa-facebook","link":"#","target":true},{"icon":"fab fa-twitter","link":"#","target":true},{"icon":"fab fa-instagram","link":"#","target":true},{"icon":"fab fa-google","link":"#","target":true},{"icon":"fab fa-linkedin","link":"#","target":true}],"main_banner_buttons":[{"text":"Button Text","link":"#","type":"button-outline"}],"coming_maintenance_buttons":[{"maintenance_btn_type":"button-primary","maintenance_btn_bg_color":"#f63c25","maintenance_btn_border_color":"#ffffff","maintenance_btn_text_color":"#ffffff","maintenance_btn_hover_color":"#c40007","maintenance_btn_text":"Button Text","maintenance_btn_link":"#","maintenance_btn_target":true,"maintenance_btn_radius":0}],"coming_maintenance_image_slider":[],"site_title_color":"#111111","site_tagline_color":"#1e1e1e","bottom_header_text_color":"#111111","bottom_header_text_link_hover_color":"#c40007","header_separate_logo":853,"logo_width":"165","disable_site_title":true,"disable_site_tagline":true,"site_tagline_color_transparent_header":"#ffffff","header_image_height":"120","header_textcolor":"#111111","site_body_text_color":"#1e1e1e","site_heading_text_color":"#111111","site_primary_color":"#f63c25","site_hover_color":"#c40007","site_title_font_control":{"font-family":"Montserrat","variant":"600","font-size":"26px","text-transform":"none","font-backup":"","font-weight":600,"font-style":"normal"},"site_description_font_control":{"font-family":"Montserrat","variant":"regular","font-size":"14px","text-transform":"none","font-backup":"","font-weight":400,"font-style":"normal"},"main_menu_font_control":{"font-family":"Montserrat","font-size":"16px","text-transform":"uppercase","variant":"700","line-height":"1.5","font-backup":"","font-weight":700,"font-style":"normal"},"general_title_font_control":{"font-family":"Montserrat","variant":"600","text-transform":"uppercase","font-backup":"","font-weight":600,"font-style":"normal"},"page_title_font_control":{"font-family":"Montserrat","variant":"800","font-size":"35px","text-transform":"uppercase","font-backup":"","font-weight":800,"font-style":"normal"},"section_title_font_control":{"font-family":"Montserrat","variant":"700","font-size":"24px","text-transform":"uppercase","font-backup":"","font-weight":700,"font-style":"normal"},"footer_text":"Copyright \u00a9 2021<a href=\"https:\/\/demo.bosathemes.com\/bosa\/fitness\" title=\"Bosa Fitness\"> Bosa Fitness<\/a> .  Theme: <a href=\"https:\/\/bosathemes.com\/\" target=\"_blank\" title=\"Bosa\" rel=\"author\">Bosa<\/a> By KeonThemes.","top_footer_background_color":"rgba(18,18,18,0.25)","top_footer_widget_title_color":"#ffffff","top_footer_widget_link_color":"#cbcbcb","top_footer_widget_link_hover_color":"#ef898d","top_footer_widget_content_color":"#cbcbcb","footer_widget_title_font_control":{"font-family":"Montserrat","variant":"700","font-size":"16px","text-transform":"uppercase","line-height":"1.4","font-backup":"","font-weight":700,"font-style":"normal"},"footer_layout":"footer_six","bottom_footer_background_color":"rgba(22,22,22,0.52)","bottom_footer_text_color":"#cbcbcb","bottom_footer_text_link_color":"#ffffff","bottom_footer_text_link_hover_color":"#f1b6b8","footer_style_font_control":{"font-family":"Montserrat","variant":"500","font-size":"16px","text-transform":"none","line-height":"1.6","font-backup":"","font-weight":500,"font-style":"normal"},"footer_image":53,"disable_notification_bar":true,"archive_post_layout":"single","blog_post_title_color":"#111111","blog_post_category_color":"#f63c25","feature_posts_posts_number":"3","feature_posts_height":"270","feature_posts_font_control":{"font-family":"Montserrat","variant":"600","font-size":"17px","text-transform":"uppercase","line-height":"1.4","font-backup":"","font-weight":600,"font-style":"normal"},"disable_feature_title_divider":true,"feature_posts_section_layouts":"feature_one","feature_posts_category":"6","main_slider_height":"700","slider_width_controls":"full","slider_posts_number":"4","highlight_posts_section_title":"More Post To See","highlight_posts_section_title_desc_alignment":"left","highlight_posts_category":"5","highlight_posts_title_font_control":{"font-family":"Montserrat","variant":"700","font-size":"18px","text-transform":"uppercase","line-height":"1.4","font-backup":"","font-weight":700,"font-style":"normal"},"breadcrumbs_controls":"disable_in_all_pages","woocommerce_product_per_page":"9","preloader_animation":"animation_custom","preloader_custom_image_width":"120","preloader_custom_image":648,"blog_post_title_font_control":{"font-family":"Montserrat","variant":"700","font-size":"21px","text-transform":"uppercase","line-height":"1.4","font-backup":"","font-weight":700,"font-style":"normal"},"disable_header_button":false,"notification_button_repeater":[{"noti_btn_type":"button-outline","noti_btn_bg_color":"#f63c25","noti_btn_border_color":"#ffffff","noti_btn_text_color":"#ffffff","noti_btn_hover_color":"#c40007","noti_btn_text":"View More","noti_btn_link":"#","noti_btn_target":true,"noti_btn_radius":0}],"main_slider_button_repeater":[{"slider_btn_type":"button-primary","slider_btn_bg_color":"#f63c25","slider_btn_border_color":"#ffffff","slider_btn_text_color":"#ffffff","slider_btn_hover_color":"#c40007","slider_btn_text":"Learn More","slider_btn_radius":0}],"main_banner_buttons_repeater":[{"banner_btn_type":"button-primary","banner_btn_bg_color":"#f63c25","banner_btn_border_color":"#ffffff","banner_btn_text_color":"#ffffff","banner_btn_hover_color":"#c40007","banner_btn_text":"Learn More","banner_btn_link":"#","banner_btn_target":true,"banner_btn_radius":0}],"blog_page_button_repeater":[{"blog_btn_type":"button-primary","blog_btn_bg_color":"#f63c25","blog_btn_border_color":"#1a1a1a","blog_btn_text_color":"#ffffff","blog_btn_hover_color":"#c40007","blog_btn_text":"View More","blog_btn_radius":0}],"button_bg_color_transparent_header":"#ffffff","button_border_color_transparent_header":"#ffffff","top_header_text_link_hover_color":"#f5d5d6","top_header_text_color":"#ffffff","footer_widget_area_top_padding":"60","footer_widget_area_bottom_padding":"60","disable_hamburger_menu_icon":true,"footer_widget_layout":"footer_widget_layout_six","highlight_posts_cat_font_control":{"font-family":"Montserrat","variant":"regular","font-size":"12px","text-transform":"uppercase","line-height":"1","font-backup":"","font-weight":400,"font-style":"normal"},"highlight_posts_meta_font_control":{"font-family":"Montserrat","variant":"regular","font-size":"13px","text-transform":"capitalize","line-height":"1.6","font-backup":"","font-weight":400,"font-style":"normal"},"top_hover_color_transparent_header":"#f1b6b8","content_hover_color_transparent_header":"#f1b6b8","transparent_header_button_repeater":[{"transparent_header_btn_type":"button-outline","transparent_header_home_btn_bg_color":"#f63c25","transparent_header_home_btn_border_color":"#ffffff","transparent_header_home_btn_text_color":"#ffffff","transparent_header_btn_bg_color":"#f63c25","transparent_header_btn_border_color":"#1a1a1a","transparent_header_btn_text_color":"#1a1a1a","transparent_header_btn_hover_color":"#c40007","transparent_header_btn_text":"join now","transparent_header_btn_link":"#","transparent_header_btn_target":true,"transparent_header_btn_radius":0}],"social_icons_size":"18","top_header_background_color":"#f63c25","transparent_header_top_background_color":"rgba(0,0,0,0)","disable_fixed_header":true,"fixed_header_separate_logo":"https:\/\/demo.bosathemes.com\/bosa\/fitness\/wp-content\/uploads\/sites\/21\/2021\/01\/bosa-fitness-logo-red.png","fixed_header_logo_width":"165","header_buttons_font_control":{"font-family":"Montserrat","variant":"600","font-size":"14px","text-transform":"uppercase","line-height":"1","font-backup":"","font-weight":600,"font-style":"normal"},"contact_phone":"+ 1987 123456","contact_email":"yourmail@email.com","contact_address":"Rock Street, San Francisco","separate_hover_color_for_main_slider":"#f63c25","main_slider_cat_font_control":{"font-family":"Montserrat","variant":"regular","font-size":"15px","text-transform":"uppercase","line-height":"1.6","font-backup":"","font-weight":400,"font-style":"normal"},"main_slider_title_font_control":{"font-family":"Montserrat","variant":"700","font-size":"50px","text-transform":"uppercase","line-height":"1.4","font-backup":"","font-weight":700,"font-style":"normal"},"main_slider_meta_font_control":{"font-family":"Montserrat","variant":"regular","font-size":"13px","text-transform":"capitalize","line-height":"1.6","font-backup":"","font-weight":400,"font-style":"normal"},"main_slider_excerpt_font_control":{"font-family":"Montserrat","variant":"regular","font-size":"16px","text-transform":"initial","line-height":"1.8","font-backup":"","font-weight":400,"font-style":"normal"},"main_slider_button_font_control":{"font-family":"Montserrat","variant":"600","font-size":"15px","text-transform":"uppercase","line-height":"1.6","font-backup":"","font-weight":600,"font-style":"normal"},"blog_post_cat_font_control":{"font-family":"Montserrat","variant":"regular","font-size":"13px","text-transform":"uppercase","line-height":"1.6","font-backup":"","font-weight":400,"font-style":"normal"},"blog_post_meta_font_control":{"font-family":"Montserrat","variant":"500","font-size":"13px","text-transform":"capitalize","line-height":"1.6","font-backup":"","font-weight":500,"font-style":"normal"},"blog_post_excerpt_font_control":{"font-family":"Montserrat","variant":"regular","font-size":"15px","text-transform":"initial","line-height":"1.8","font-backup":"","font-weight":400,"font-style":"normal"},"body_font_control":{"font-family":"Montserrat","variant":"regular","font-size":"15px","font-backup":"","font-weight":400,"font-style":"normal"},"sidebar_widget_title_font_control":{"font-family":"Montserrat","variant":"700","font-size":"16px","text-transform":"uppercase","line-height":"1.4","font-backup":"","font-weight":700,"font-style":"normal"},"disable_sticky_sidebar":false,"sub_menu_link_hover_color":"#c40007","notification_bar_background_color":"#f63c25","main_slider_controls":"slider","hide_post_button":true,"custom_logo":852,"hide_featured_posts_date":true,"hide_featured_posts_author":true,"hide_featured_posts_comment":true,"featured_post_category_bgcolor":"#f63c25","featured_post_hover_color":"#b53034","featured_posts_cat_font_control":{"font-family":"Poppins","variant":"regular","font-size":"13px","text-transform":"uppercase","line-height":"1","font-backup":"","font-weight":400,"font-style":"normal"},"highlight_posts_section_title_font_control":{"font-family":"Montserrat","variant":"700","font-size":"26px","text-transform":"uppercase","line-height":"1.2","font-backup":"","font-weight":700,"font-style":"normal"},"highlight_post_category_bgcolor":"#f63c25","highlight_post_hover_color":"#c40007","feature_posts_title_alignment":"align-bottom"},"theme_mods_bosa-pro-child":{"0":false,"nav_menu_locations":{"menu-1":8,"menu-2":9},"custom_css_post_id":122,"header_layout":"header_two","header_button_repeater":[{"header_btn_bg_color":"#f63c25","header_btn_border_color":"#111111","header_btn_text_color":"#111111","header_btn_text":"Get a Quote","header_btn_target":true,"header_btn_link":"#","header_btn_type":"button-outline","header_btn_radius":0}],"header_image_slider":[{"slider_item":""}],"social_media_links":[{"icon":"fab fa-facebook","link":"#","target":true},{"icon":"fab fa-twitter","link":"#","target":true},{"icon":"fab fa-instagram","link":"#","target":true},{"icon":"fab fa-google","link":"#","target":true},{"icon":"fab fa-linkedin","link":"#","target":true}],"main_banner_buttons":[{"text":"Button Text","link":"#","type":"button-outline"}],"coming_maintenance_buttons":[{"maintenance_btn_type":"button-primary","maintenance_btn_bg_color":"#f63c25","maintenance_btn_border_color":"#ffffff","maintenance_btn_text_color":"#ffffff","maintenance_btn_hover_color":"#c40007","maintenance_btn_text":"Button Text","maintenance_btn_link":"#","maintenance_btn_target":true,"maintenance_btn_radius":0}],"coming_maintenance_image_slider":[],"site_title_color":"#111111","site_tagline_color":"#1e1e1e","bottom_header_text_color":"#111111","bottom_header_text_link_hover_color":"#c40007","header_separate_logo":853,"logo_width":"165","disable_site_title":true,"disable_site_tagline":true,"site_tagline_color_transparent_header":"#ffffff","header_image_height":"120","header_textcolor":"#111111","site_body_text_color":"#1e1e1e","site_heading_text_color":"#111111","site_primary_color":"#f63c25","site_hover_color":"#c40007","site_title_font_control":{"font-family":"Montserrat","variant":"600","font-size":"26px","text-transform":"none","font-backup":"","font-weight":600,"font-style":"normal"},"site_description_font_control":{"font-family":"Montserrat","variant":"regular","font-size":"14px","text-transform":"none","font-backup":"","font-weight":400,"font-style":"normal"},"main_menu_font_control":{"font-family":"Montserrat","font-size":"16px","text-transform":"uppercase","variant":"700","line-height":"1.5","font-backup":"","font-weight":700,"font-style":"normal"},"general_title_font_control":{"font-family":"Montserrat","variant":"600","text-transform":"uppercase","font-backup":"","font-weight":600,"font-style":"normal"},"page_title_font_control":{"font-family":"Montserrat","variant":"800","font-size":"35px","text-transform":"uppercase","font-backup":"","font-weight":800,"font-style":"normal"},"section_title_font_control":{"font-family":"Montserrat","variant":"700","font-size":"24px","text-transform":"uppercase","font-backup":"","font-weight":700,"font-style":"normal"},"footer_text":"Copyright \u00a9 2021<a href=\"https:\/\/demo.bosathemes.com\/bosa\/fitness\" title=\"Bosa Fitness\"> Bosa Fitness<\/a> .  Theme: <a href=\"https:\/\/bosathemes.com\/\" target=\"_blank\" title=\"Bosa\" rel=\"author\">Bosa<\/a> By KeonThemes.","top_footer_background_color":"rgba(18,18,18,0.25)","top_footer_widget_title_color":"#ffffff","top_footer_widget_link_color":"#cbcbcb","top_footer_widget_link_hover_color":"#ef898d","top_footer_widget_content_color":"#cbcbcb","footer_widget_title_font_control":{"font-family":"Montserrat","variant":"700","font-size":"16px","text-transform":"uppercase","line-height":"1.4","font-backup":"","font-weight":700,"font-style":"normal"},"footer_layout":"footer_six","bottom_footer_background_color":"rgba(22,22,22,0.52)","bottom_footer_text_color":"#cbcbcb","bottom_footer_text_link_color":"#ffffff","bottom_footer_text_link_hover_color":"#f1b6b8","footer_style_font_control":{"font-family":"Montserrat","variant":"500","font-size":"16px","text-transform":"none","line-height":"1.6","font-backup":"","font-weight":500,"font-style":"normal"},"footer_image":53,"disable_notification_bar":true,"archive_post_layout":"single","blog_post_title_color":"#111111","blog_post_category_color":"#f63c25","feature_posts_posts_number":"3","feature_posts_height":"270","feature_posts_font_control":{"font-family":"Montserrat","variant":"600","font-size":"17px","text-transform":"uppercase","line-height":"1.4","font-backup":"","font-weight":600,"font-style":"normal"},"disable_feature_title_divider":true,"feature_posts_section_layouts":"feature_one","feature_posts_category":"6","main_slider_height":"700","slider_width_controls":"full","slider_posts_number":"4","highlight_posts_section_title":"More Post To See","highlight_posts_section_title_desc_alignment":"left","highlight_posts_category":"5","highlight_posts_title_font_control":{"font-family":"Montserrat","variant":"700","font-size":"18px","text-transform":"uppercase","line-height":"1.4","font-backup":"","font-weight":700,"font-style":"normal"},"breadcrumbs_controls":"disable_in_all_pages","woocommerce_product_per_page":"9","preloader_animation":"animation_custom","preloader_custom_image_width":"120","preloader_custom_image":648,"blog_post_title_font_control":{"font-family":"Montserrat","variant":"700","font-size":"21px","text-transform":"uppercase","line-height":"1.4","font-backup":"","font-weight":700,"font-style":"normal"},"disable_header_button":false,"notification_button_repeater":[{"noti_btn_type":"button-outline","noti_btn_bg_color":"#f63c25","noti_btn_border_color":"#ffffff","noti_btn_text_color":"#ffffff","noti_btn_hover_color":"#c40007","noti_btn_text":"View More","noti_btn_link":"#","noti_btn_target":true,"noti_btn_radius":0}],"main_slider_button_repeater":[{"slider_btn_type":"button-primary","slider_btn_bg_color":"#f63c25","slider_btn_border_color":"#ffffff","slider_btn_text_color":"#ffffff","slider_btn_hover_color":"#c40007","slider_btn_text":"Learn More","slider_btn_radius":0}],"main_banner_buttons_repeater":[{"banner_btn_type":"button-primary","banner_btn_bg_color":"#f63c25","banner_btn_border_color":"#ffffff","banner_btn_text_color":"#ffffff","banner_btn_hover_color":"#c40007","banner_btn_text":"Learn More","banner_btn_link":"#","banner_btn_target":true,"banner_btn_radius":0}],"blog_page_button_repeater":[{"blog_btn_type":"button-primary","blog_btn_bg_color":"#f63c25","blog_btn_border_color":"#1a1a1a","blog_btn_text_color":"#ffffff","blog_btn_hover_color":"#c40007","blog_btn_text":"View More","blog_btn_radius":0}],"button_bg_color_transparent_header":"#ffffff","button_border_color_transparent_header":"#ffffff","top_header_text_link_hover_color":"#f5d5d6","top_header_text_color":"#ffffff","footer_widget_area_top_padding":"60","footer_widget_area_bottom_padding":"60","disable_hamburger_menu_icon":true,"footer_widget_layout":"footer_widget_layout_six","highlight_posts_cat_font_control":{"font-family":"Montserrat","variant":"regular","font-size":"12px","text-transform":"uppercase","line-height":"1","font-backup":"","font-weight":400,"font-style":"normal"},"highlight_posts_meta_font_control":{"font-family":"Montserrat","variant":"regular","font-size":"13px","text-transform":"capitalize","line-height":"1.6","font-backup":"","font-weight":400,"font-style":"normal"},"top_hover_color_transparent_header":"#f1b6b8","content_hover_color_transparent_header":"#f1b6b8","transparent_header_button_repeater":[{"transparent_header_btn_type":"button-outline","transparent_header_home_btn_bg_color":"#f63c25","transparent_header_home_btn_border_color":"#ffffff","transparent_header_home_btn_text_color":"#ffffff","transparent_header_btn_bg_color":"#f63c25","transparent_header_btn_border_color":"#1a1a1a","transparent_header_btn_text_color":"#1a1a1a","transparent_header_btn_hover_color":"#c40007","transparent_header_btn_text":"join now","transparent_header_btn_link":"#","transparent_header_btn_target":true,"transparent_header_btn_radius":0}],"social_icons_size":"18","top_header_background_color":"#f63c25","transparent_header_top_background_color":"rgba(0,0,0,0)","disable_fixed_header":true,"fixed_header_separate_logo":"https:\/\/demo.bosathemes.com\/bosa\/fitness\/wp-content\/uploads\/sites\/21\/2021\/01\/bosa-fitness-logo-red.png","fixed_header_logo_width":"165","header_buttons_font_control":{"font-family":"Montserrat","variant":"600","font-size":"14px","text-transform":"uppercase","line-height":"1","font-backup":"","font-weight":600,"font-style":"normal"},"contact_phone":"+ 1987 123456","contact_email":"yourmail@email.com","contact_address":"Rock Street, San Francisco","separate_hover_color_for_main_slider":"#f63c25","main_slider_cat_font_control":{"font-family":"Montserrat","variant":"regular","font-size":"15px","text-transform":"uppercase","line-height":"1.6","font-backup":"","font-weight":400,"font-style":"normal"},"main_slider_title_font_control":{"font-family":"Montserrat","variant":"700","font-size":"50px","text-transform":"uppercase","line-height":"1.4","font-backup":"","font-weight":700,"font-style":"normal"},"main_slider_meta_font_control":{"font-family":"Montserrat","variant":"regular","font-size":"13px","text-transform":"capitalize","line-height":"1.6","font-backup":"","font-weight":400,"font-style":"normal"},"main_slider_excerpt_font_control":{"font-family":"Montserrat","variant":"regular","font-size":"16px","text-transform":"initial","line-height":"1.8","font-backup":"","font-weight":400,"font-style":"normal"},"main_slider_button_font_control":{"font-family":"Montserrat","variant":"600","font-size":"15px","text-transform":"uppercase","line-height":"1.6","font-backup":"","font-weight":600,"font-style":"normal"},"blog_post_cat_font_control":{"font-family":"Montserrat","variant":"regular","font-size":"13px","text-transform":"uppercase","line-height":"1.6","font-backup":"","font-weight":400,"font-style":"normal"},"blog_post_meta_font_control":{"font-family":"Montserrat","variant":"500","font-size":"13px","text-transform":"capitalize","line-height":"1.6","font-backup":"","font-weight":500,"font-style":"normal"},"blog_post_excerpt_font_control":{"font-family":"Montserrat","variant":"regular","font-size":"15px","text-transform":"initial","line-height":"1.8","font-backup":"","font-weight":400,"font-style":"normal"},"body_font_control":{"font-family":"Montserrat","variant":"regular","font-size":"15px","font-backup":"","font-weight":400,"font-style":"normal"},"sidebar_widget_title_font_control":{"font-family":"Montserrat","variant":"700","font-size":"16px","text-transform":"uppercase","line-height":"1.4","font-backup":"","font-weight":700,"font-style":"normal"},"disable_sticky_sidebar":false,"sub_menu_link_hover_color":"#c40007","notification_bar_background_color":"#f63c25","main_slider_controls":"slider","hide_post_button":true,"custom_logo":852,"hide_featured_posts_date":true,"hide_featured_posts_author":true,"hide_featured_posts_comment":true,"featured_post_category_bgcolor":"#f63c25","featured_post_hover_color":"#b53034","featured_posts_cat_font_control":{"font-family":"Poppins","variant":"regular","font-size":"13px","text-transform":"uppercase","line-height":"1","font-backup":"","font-weight":400,"font-style":"normal"},"highlight_posts_section_title_font_control":{"font-family":"Montserrat","variant":"700","font-size":"26px","text-transform":"uppercase","line-height":"1.2","font-backup":"","font-weight":700,"font-style":"normal"},"highlight_post_category_bgcolor":"#f63c25","highlight_post_hover_color":"#c40007","feature_posts_title_alignment":"align-bottom"},"woocommerce_shop_page_id":"287","woocommerce_shop_page_id-child":"287"}}