{"widget_positions":{"wp_inactive_widgets":["text-4","categories-4","recent-posts-2"],"menu-sidebar":["text-6","bosa_pro_latest_post-6"],"right-sidebar":["search-3","categories-2","bosa_pro_latest_post-4","tag_cloud-2"],"left-sidebar":[],"woocommerce-right-sidebar":["search-4","woocommerce_price_filter-2","woocommerce_products-2","woocommerce_product_categories-2","media_gallery-2","woocommerce_product_tag_cloud-2"],"woocommerce-left-sidebar":[],"footer-sidebar-1":["text-3"],"footer-sidebar-2":["bosa_pro_latest_post-3"],"footer-sidebar-3":["tag_cloud-6"],"footer-sidebar-4":[],"array_version":3},"widget_options":{"text":{"1":[],"_multiwidget":1,"3":{"title":"","text":"<img class=\"alignnone size-full wp-image-853\" src=\"https:\/\/demo.bosathemes.com\/bosa\/fitness\/wp-content\/uploads\/sites\/21\/2021\/02\/bosa-fitness-logo-white01.png\" alt=\"\" width=\"170\" height=\"52\" \/>\r\n\r\nVitae magni, pharetra, porttitor soluta ridiculus natus hac, vulputate itaque ligula volutpat nesciunt dolorem accumsan ipsa felis sapien parturient voluptate. Dignissim excepteur et rutrum do fermentum aliqua. Aute ipsum accusantium cursus felis repellat, molestie.","filter":true,"visual":true},"4":{"title":"","text":"Monday - Wednesday 8AM - 2PM\r\n\r\nThursday 8AM - 3PM\r\n\r\nFriday\u00a0 8AM - 1PM\r\n\r\nSaturday 9AM - 2PM","filter":true,"visual":true},"6":{"title":"About Us","text":"Quia consequat fermentum reiciendis vel vestibulum doloremque odit earum ex? Aenean fuga cubilia, beatae! Suspendisse malesuada ab, impedit! Ullam volup tatem, malesuada, aenean proident.","filter":true,"visual":true}},"categories":{"2":{"title":"","count":0,"hierarchical":0,"dropdown":0},"_multiwidget":1,"4":{"title":"Categories","count":1,"hierarchical":0,"dropdown":0}},"recent-posts":{"2":{"title":"Recent Posts","number":5,"show_date":false},"_multiwidget":1},"bosa_pro_latest_post":{"3":{"title":"Latest Posts","per_page":"2","show_date_comment":true,"layout":"left"},"4":{"title":"Latest Posts","per_page":"5","show_date_comment":true,"layout":"left"},"_multiwidget":1,"6":{"title":"Latest Posts","per_page":"5","show_date_comment":true,"layout":"left"}},"search":{"2":{"title":"Search"},"3":{"title":"Search"},"4":{"title":"Product Search"},"_multiwidget":1},"tag_cloud":{"2":{"title":"Tags","count":0,"taxonomy":"post_tag"},"_multiwidget":1,"4":{"title":"Tags","count":0,"taxonomy":"post_tag"},"6":{"title":"Tags","count":0,"taxonomy":"post_tag"}},"woocommerce_price_filter":{"2":{"title":"Filter by price"},"_multiwidget":1},"woocommerce_products":{"2":{"title":"Featured Products","number":5,"show":"","orderby":"date","order":"desc","hide_free":0,"show_hidden":0},"_multiwidget":1},"woocommerce_product_categories":{"2":{"title":"Product categories","orderby":"name","dropdown":0,"count":0,"hierarchical":1,"show_children_only":0,"hide_empty":0,"max_depth":""},"_multiwidget":1},"media_gallery":{"2":{"title":"Gallery","ids":[362,351,350,349,347,346],"columns":3,"size":"thumbnail","link_type":"post","orderby_random":false},"_multiwidget":1},"woocommerce_product_tag_cloud":{"2":{"title":"Product tags"},"_multiwidget":1}}}