{"menu":{"menu-2":6,"menu-1":5},"options":{"blogname":"Gutener Fitness","blogname-child":"Gutener Fitness","blogdescription":"Just another Gutener Demos site","blogdescription-child":"Just another Gutener Demos site","posts_per_page":"10","posts_per_page-child":"10","date_format":"F j, Y","date_format-child":"F j, Y","time_format":"g:i a","time_format-child":"g:i a","show_on_front":"page","show_on_front-child":"page","thumbnail_size_w":"150","thumbnail_size_w-child":"150","thumbnail_size_h":"150","thumbnail_size_h-child":"150","thumbnail_crop":"1","thumbnail_crop-child":"1","medium_size_w":"300","medium_size_w-child":"300","medium_size_h":"300","medium_size_h-child":"300","avatar_default":"mystery","avatar_default-child":"mystery","large_size_w":"1024","large_size_w-child":"1024","large_size_h":"1024","large_size_h-child":"1024","page_for_posts":"33","page_for_posts-child":"33","page_on_front":"4","page_on_front-child":"4","medium_large_size_w":"768","medium_large_size_w-child":"768","medium_large_size_h":"0","medium_large_size_h-child":"0","theme_mods_gutener-pro":{"0":false,"custom_css_post_id":49,"header_image_slider":[],"social_media_links":[{"icon":"fab fa-facebook","link":"#"},{"icon":"fab fa-twitter","link":"#"},{"icon":"fab fa-google","link":"#"},{"icon":"fab fa-instagram","link":"#"},{"icon":"fab fa-pinterest","link":"#"}],"main_banner_buttons":[{"text":"Button Text","link":"#","type":"button-outline"}],"coming_maintenance_buttons":[{"text":"Button Text","link":"#","type":"button-outline"}],"coming_maintenance_image_slider":[],"logo_width":"190","custom_logo":100,"disable_site_title":true,"header_layout":"header_three","disable_site_tagline":true,"top_header_text_color":"#b5afaf","bottom_header_text_color":"#ffffff","header_button_background_color":"#037881","notification_bar_button_background_color":"#037881","site_primary_color":"#037881","site_hover_color":"#0bbfcc","blog_post_category_color":"#037881","footer_layout":"footer_three","preloader_animation":"animation_four","top_footer_background_color":"#fafafa","bottom_footer_background_color":"#f1f1f1","main_slider_height":"570","slider_category":"","disable_contact_detail":false,"header_separate_logo":"https:\/\/demo.keonthemes.com\/gutener\/demo4\/wp-content\/uploads\/sites\/17\/2020\/06\/gutener-fitness.png","header_image_height":"150","disable_blog_page_title":"enable_all_pages"},"theme_mods_gutener-pro-child":{"0":false,"nav_menu_locations":{"menu-1":5,"menu-2":6},"custom_css_post_id":49,"header_image_slider":[],"social_media_links":[{"icon":"fab fa-facebook","link":"#"},{"icon":"fab fa-twitter","link":"#"},{"icon":"fab fa-google","link":"#"},{"icon":"fab fa-instagram","link":"#"},{"icon":"fab fa-pinterest","link":"#"}],"main_banner_buttons":[{"text":"Button Text","link":"#","type":"button-outline"}],"coming_maintenance_buttons":[{"text":"Button Text","link":"#","type":"button-outline"}],"coming_maintenance_image_slider":[],"logo_width":"190","custom_logo":100,"disable_site_title":true,"header_layout":"header_three","disable_site_tagline":true,"top_header_text_color":"#b5afaf","bottom_header_text_color":"#ffffff","header_button_background_color":"#037881","notification_bar_button_background_color":"#037881","site_primary_color":"#037881","site_hover_color":"#0bbfcc","blog_post_category_color":"#037881","footer_layout":"footer_three","preloader_animation":"animation_four","top_footer_background_color":"#fafafa","bottom_footer_background_color":"#f1f1f1","main_slider_height":"570","slider_category":"","disable_contact_detail":false,"header_separate_logo":"https:\/\/demo.keonthemes.com\/gutener\/demo4\/wp-content\/uploads\/sites\/17\/2020\/06\/gutener-fitness.png","header_image_height":"150","disable_blog_page_title":"enable_all_pages"},"woocommerce_shop_page_id":"","woocommerce_shop_page_id-child":""}}