{"menu":{"menu-2":27,"menu-1":26,"menu-3":28},"options":{"blogname":"Bosa Finance","blogname-child":"Bosa Finance","blogdescription":"Bosa is the Perfect Theme for Your Business","blogdescription-child":"Bosa is the Perfect Theme for Your Business","posts_per_page":"10","posts_per_page-child":"10","date_format":"F j, Y","date_format-child":"F j, Y","time_format":"g:i a","time_format-child":"g:i a","show_on_front":"page","show_on_front-child":"page","thumbnail_size_w":"150","thumbnail_size_w-child":"150","thumbnail_size_h":"150","thumbnail_size_h-child":"150","thumbnail_crop":"1","thumbnail_crop-child":"1","medium_size_w":"300","medium_size_w-child":"300","medium_size_h":"300","medium_size_h-child":"300","avatar_default":"mystery","avatar_default-child":"mystery","large_size_w":"1024","large_size_w-child":"1024","large_size_h":"1024","large_size_h-child":"1024","page_for_posts":"36","page_for_posts-child":"36","page_on_front":"52","page_on_front-child":"52","medium_large_size_w":"768","medium_large_size_w-child":"768","medium_large_size_h":"0","medium_large_size_h-child":"0","theme_mods_bosa-pro":{"0":false,"custom_css_post_id":13,"header_button_repeater":[{"header_btn_type":"button-primary","header_btn_bg_color":"#f2525a","header_btn_border_color":"#1a1a1a","header_btn_text_color":"#ffffff","header_btn_hover_color":"#f78788","header_btn_text":"Get Started Now","header_btn_link":"#","header_btn_target":true,"header_btn_radius":""}],"transparent_header_button_repeater":[{"transparent_header_btn_type":"button-outline","transparent_header_home_btn_bg_color":"#eb5a3e","transparent_header_home_btn_border_color":"#ffffff","transparent_header_home_btn_text_color":"#ffffff","transparent_header_btn_bg_color":"#eb5a3e","transparent_header_btn_border_color":"#1a1a1a","transparent_header_btn_text_color":"#1a1a1a","transparent_header_btn_hover_color":"#086abd","transparent_header_btn_text":"Get a Quote","transparent_header_btn_link":"#","transparent_header_btn_target":true,"transparent_header_btn_radius":0}],"header_image_slider":[],"notification_button_repeater":[{"noti_btn_type":"button-outline","noti_btn_bg_color":"#eb5a3e","noti_btn_border_color":"#ffffff","noti_btn_text_color":"#ffffff","noti_btn_hover_color":"#086abd","noti_btn_text":"View More","noti_btn_link":"#","noti_btn_target":true,"noti_btn_radius":"50"}],"social_media_links":[{"icon":"fab fa-facebook","link":"#","target":true},{"icon":"fab fa-twitter","link":"#","target":true},{"icon":"fab fa-instagram","link":"#","target":true},{"icon":"fab fa-youtube","link":"#","target":true},{"icon":"fab fa-google","link":"#","target":true}],"main_slider_button_repeater":[{"slider_btn_type":"button-primary","slider_btn_bg_color":"#f2525a","slider_btn_border_color":"#ffffff","slider_btn_text_color":"#ffffff","slider_btn_hover_color":"#02112e","slider_btn_text":"Learn More","slider_btn_radius":"50"}],"main_banner_buttons_repeater":[{"banner_btn_type":"button-outline","banner_btn_bg_color":"#eb5a3e","banner_btn_border_color":"#ffffff","banner_btn_text_color":"#ffffff","banner_btn_hover_color":"#086abd","banner_btn_text":"Learn More","banner_btn_link":"#","banner_btn_target":true,"banner_btn_radius":0}],"blog_page_button_repeater":[{"blog_btn_type":"button-text","blog_btn_bg_color":"#eb5a3e","blog_btn_border_color":"#1a1a1a","blog_btn_text_color":"#1a1a1a","blog_btn_hover_color":"#086abd","blog_btn_text":"View More","blog_btn_radius":0}],"coming_maintenance_buttons":[{"maintenance_btn_type":"button-outline","maintenance_btn_bg_color":"#eb5a3e","maintenance_btn_border_color":"#ffffff","maintenance_btn_text_color":"#ffffff","maintenance_btn_hover_color":"#086abd","maintenance_btn_text":"Button Text","maintenance_btn_link":"#","maintenance_btn_target":true,"maintenance_btn_radius":0}],"coming_maintenance_image_slider":[{"slider_item":""}],"header_layout":"header_thirteen","contact_phone":"+123 4567 8910","contact_email":"yourmaill@example.com","contact_address":"54 Park st, Los Angeles, USA","site_title_color":"#223645","site_tagline_color":"#223645","top_header_text_color":"#223645","disable_top_header_section":false,"mid_header_text_color":"#223645","mid_header_text_link_hover_color":"#e12454","bottom_header_text_color":"#ffffff","header_menu_bg_color":"#f2525a","bottom_header_text_link_hover_color":"#f78788","sub_menu_link_hover_color":"#f78788","header_image_height":"120","disable_contact_detail":false,"header_icon_color":"#f2525a","logo_width":"170","header_buttons_font_control":{"font-family":"Roboto","variant":"500","font-size":"16px","text-transform":"uppercase","line-height":"1","font-backup":"","font-weight":500,"font-style":"normal"},"site_title_font_control":{"font-family":"Adamina","variant":"regular","font-size":"26px","text-transform":"none","font-backup":"","font-weight":400,"font-style":"normal"},"site_description_font_control":{"font-family":"Roboto","variant":"regular","font-size":"14px","text-transform":"none","font-backup":"","font-weight":400,"font-style":"normal"},"main_menu_font_control":{"font-family":"Roboto","font-size":"16px","text-transform":"capitalize","variant":"500","line-height":"1.5","font-backup":"","font-weight":500,"font-style":"normal"},"main_menu_description_font_control":{"font-family":"Roboto","font-size":"11px","text-transform":"none","variant":"500","line-height":"1.3","font-backup":"","font-weight":500,"font-style":"normal"},"body_font_control":{"font-family":"Roboto","variant":"regular","font-size":"15px","font-backup":"","font-weight":400,"font-style":"normal"},"general_title_font_control":{"font-family":"Adamina","variant":"regular","text-transform":"capitalize","font-backup":"","font-weight":400,"font-style":"normal"},"page_title_font_control":{"font-family":"Adamina","variant":"regular","font-size":"48px","text-transform":"capitalize","font-backup":"","font-weight":400,"font-style":"normal"},"header_phone_label":"Request a Call:","header_email_label":"Email Address:","header_address_label":"Office Location:","contact_label_font_control":{"font-family":"Roboto","variant":"regular","font-size":"14px","text-transform":"capitalize","line-height":"1.6","font-backup":"","font-weight":400,"font-style":"normal"},"footer_widget_layout":"footer_widget_layout_six","top_footer_widget_title_color":"#ffffff","top_footer_background_color":"rgba(2,17,46,0.6)","top_footer_widget_link_color":"#ececec","top_footer_widget_content_color":"#ececec","footer_widget_title_font_control":{"font-family":"Adamina","variant":"regular","font-size":"18px","text-transform":"none","line-height":"1.4","font-backup":"","font-weight":400,"font-style":"normal"},"footer_layout":"footer_five","footer_widget_area_top_padding":"80","bottom_footer_background_color":"rgba(2,17,46,0.6)","bottom_footer_text_color":"#cccccc","footer_image":387,"bottom_footer_text_link_color":"#ffffff","footer_style_font_control":{"font-family":"Roboto","variant":"regular","font-size":"14px","text-transform":"capitalize","line-height":"1.6","font-backup":"","font-weight":400,"font-style":"normal"},"bottom_footer_area_top_padding":"15","notification_bar_background_color":"#0b1b43","notification_bar_title_font_control":{"font-family":"Roboto","variant":"regular","font-size":"13px","text-transform":"none","line-height":"1.3","font-backup":"","font-weight":400,"font-style":"normal"},"notification_bar_image_height":"40","top_footer_widget_link_hover_color":"#f2525a","bottom_footer_text_link_hover_color":"#f2525a","disable_top_header_border":false,"top_header_background_color":"rgba(30,115,190,0)","contact_content_font_control":{"font-family":"Roboto","variant":"500","font-size":"17px","text-transform":"none","line-height":"1.6","font-backup":"","font-weight":500,"font-style":"normal"},"disable_header_button":false,"disable_search_icon":false,"disable_hamburger_menu_icon":false,"header_hamburger_bg_color":"#f2525a","top_header_text_link_hover_color":"#f2525a","social_icons_size":"18","bottom_header_background_color":"#02112e","disable_fixed_header":false,"disable_mobile_notification_bar":false,"disable_sticky_mobile_notification_bar":false,"disable_notification_bar":true,"disable_header_social_links":false,"disable_footer_social_links":false,"disable_mobile_social_icons_header":false,"disable_mobile_social_icons_footer":false,"disable_mobile_top_header_border":false,"disable_mobile_mid_header_border":true,"disable_mobile_contact_details":false,"disable_mobile_search_icon":true,"disable_mobile_header_buttons":false,"disable_sticky_notification_bar":true,"site_primary_color":"#f2525a","site_hover_color":"#02112e","archive_post_layout":"grid","main_slider_layout":"main_slider_one","separate_hover_color_for_main_slider":"#f2525a","slider_posts_number":"3","main_slider_title_font_control":{"font-family":"Roboto","variant":"700","font-size":"50px","text-transform":"uppercase","line-height":"1.4","font-backup":"","font-weight":700,"font-style":"normal"},"main_slider_cat_font_control":{"font-family":"Roboto","variant":"regular","font-size":"15px","text-transform":"uppercase","line-height":"1.6","font-backup":"","font-weight":400,"font-style":"normal"},"main_slider_meta_font_control":{"font-family":"Roboto","variant":"regular","font-size":"14px","text-transform":"capitalize","line-height":"1.6","font-backup":"","font-weight":400,"font-style":"normal"},"main_slider_excerpt_font_control":{"font-family":"Roboto","variant":"regular","font-size":"15px","text-transform":"initial","line-height":"1.8","font-backup":"","font-weight":400,"font-style":"normal"},"main_slider_height":"600","main_slider_button_font_control":{"font-family":"Roboto","variant":"500","font-size":"16px","text-transform":"uppercase","line-height":"1.5","font-backup":"","font-weight":500,"font-style":"normal"},"background_color_main_slider":"rgba(0,0,0,0.7)","disable_feature_posts_section_title":false,"feature_posts_section_title_font_control":{"font-family":"Adamina","variant":"regular","font-size":"26px","text-transform":"none","line-height":"1.2","font-backup":"","font-weight":400,"font-style":"normal"},"feature_posts_section_layouts":"feature_one","featured_post_category_bgcolor":"#f2525a","featured_post_hover_color":"#f78788","feature_posts_overlay_opacity":"4","feature_posts_posts_number":"3","feature_posts_height":"300","feature_posts_radius":"0","feature_posts_text_alignment":"text-left","feature_posts_font_control":{"font-family":"Roboto","variant":"500","font-size":"20px","text-transform":"capitalize","line-height":"1.4","font-backup":"","font-weight":500,"font-style":"normal"},"featured_posts_cat_font_control":{"font-family":"Roboto","variant":"regular","font-size":"13px","text-transform":"capitalize","line-height":"1","font-backup":"","font-weight":400,"font-style":"normal"},"featured_posts_meta_font_control":{"font-family":"Roboto","variant":"regular","font-size":"13px","text-transform":"capitalize","line-height":"1.6","font-backup":"","font-weight":400,"font-style":"normal"},"advanced_import_setup_complete":1615108788,"custom_logo":454,"disable_site_title":true,"disable_site_tagline":true,"highlight_post_meta_icon_color":"#f2525a","highlight_post_hover_color":"#02112e","highlight_posts_cat_font_control":{"font-family":"Roboto","variant":"regular","font-size":"13px","text-transform":"uppercase","line-height":"1","font-backup":"","font-weight":400,"font-style":"normal"},"highlight_posts_title_font_control":{"font-family":"Roboto","variant":"500","font-size":"18px","text-transform":"capitalize","line-height":"1.4","font-backup":"","font-weight":500,"font-style":"normal"},"highlight_posts_meta_font_control":{"font-family":"Roboto","variant":"regular","font-size":"13px","text-transform":"capitalize","line-height":"1.2","font-backup":"","font-weight":400,"font-style":"normal"},"highlight_posts_section_title_font_control":{"font-family":"Adamina","variant":"regular","font-size":"24px","text-transform":"none","line-height":"1.2","font-backup":"","font-weight":400,"font-style":"normal"},"highlight_post_category_bgcolor":"#f2525a","highlight_post_title_color":"#223645","header_textcolor":"#223645","site_heading_text_color":"#223645","site_body_text_color":"#3c4b62","blog_post_category_color":"#f2525a","blog_post_meta_icon_color":"#f2525a","blog_post_text_color":"#3c4b62","blog_post_title_color":"#223645","blog_post_hover_color":"#f2525a","blog_post_title_font_control":{"font-family":"Roboto","variant":"500","font-size":"24px","text-transform":"none","line-height":"1.4","font-backup":"","font-weight":500,"font-style":"normal"},"blog_post_cat_font_control":{"font-family":"Roboto","variant":"500","font-size":"13px","text-transform":"uppercase","line-height":"1.6","font-backup":"","font-weight":500,"font-style":"normal"},"blog_post_meta_font_control":{"font-family":"Roboto","variant":"regular","font-size":"13px","text-transform":"capitalize","line-height":"1.6","font-backup":"","font-weight":400,"font-style":"normal"},"blog_post_excerpt_font_control":{"font-family":"Roboto","variant":"regular","font-size":"15px","text-transform":"initial","line-height":"1.8","font-backup":"","font-weight":400,"font-style":"normal"},"post_excerpt_length":15,"feature_posts_title_alignment":"align-bottom","sidebar_widget_title_font_control":{"font-family":"Adamina","variant":"regular","font-size":"16px","text-transform":"uppercase","line-height":"1.4","font-backup":"","font-weight":400,"font-style":"normal"},"preloader_animation":"animation_two","preloader_custom_image_width":"50","footer_text":"Copyright \u00a9 2021<a href=\"https:\/\/demo.bosathemes.com\/bosa\/finance\" title=\"Bosa Finance\"> Bosa Finance<\/a>.  Theme: <a href=\"https:\/\/bosathemes.com\/\" target=\"_blank\" title=\"Bosa\" rel=\"author\">Bosa<\/a> By KeonThemes.","highlight_posts_section_layouts":"highlighted_two","highlight_post_category_color":"#f2525a","feature_posts_section_title_desc_alignment":"center","disable_latest_posts_section_title":false,"latest_posts_section_title_font_control":{"font-family":"Adamina","variant":"regular","font-size":"24px","text-transform":"none","line-height":"1.2","font-backup":"","font-weight":400,"font-style":"normal"},"disable_sticky_sidebar":true,"disable_mobile_fixed_header":false},"theme_mods_bosa-pro-child":{"0":false,"custom_css_post_id":13,"header_button_repeater":[{"header_btn_type":"button-primary","header_btn_bg_color":"#f2525a","header_btn_border_color":"#1a1a1a","header_btn_text_color":"#ffffff","header_btn_hover_color":"#f78788","header_btn_text":"Get Started Now","header_btn_link":"#","header_btn_target":true,"header_btn_radius":""}],"transparent_header_button_repeater":[{"transparent_header_btn_type":"button-outline","transparent_header_home_btn_bg_color":"#eb5a3e","transparent_header_home_btn_border_color":"#ffffff","transparent_header_home_btn_text_color":"#ffffff","transparent_header_btn_bg_color":"#eb5a3e","transparent_header_btn_border_color":"#1a1a1a","transparent_header_btn_text_color":"#1a1a1a","transparent_header_btn_hover_color":"#086abd","transparent_header_btn_text":"Get a Quote","transparent_header_btn_link":"#","transparent_header_btn_target":true,"transparent_header_btn_radius":0}],"header_image_slider":[],"notification_button_repeater":[{"noti_btn_type":"button-outline","noti_btn_bg_color":"#eb5a3e","noti_btn_border_color":"#ffffff","noti_btn_text_color":"#ffffff","noti_btn_hover_color":"#086abd","noti_btn_text":"View More","noti_btn_link":"#","noti_btn_target":true,"noti_btn_radius":"50"}],"social_media_links":[{"icon":"fab fa-facebook","link":"#","target":true},{"icon":"fab fa-twitter","link":"#","target":true},{"icon":"fab fa-instagram","link":"#","target":true},{"icon":"fab fa-youtube","link":"#","target":true},{"icon":"fab fa-google","link":"#","target":true}],"main_slider_button_repeater":[{"slider_btn_type":"button-primary","slider_btn_bg_color":"#f2525a","slider_btn_border_color":"#ffffff","slider_btn_text_color":"#ffffff","slider_btn_hover_color":"#02112e","slider_btn_text":"Learn More","slider_btn_radius":"50"}],"main_banner_buttons_repeater":[{"banner_btn_type":"button-outline","banner_btn_bg_color":"#eb5a3e","banner_btn_border_color":"#ffffff","banner_btn_text_color":"#ffffff","banner_btn_hover_color":"#086abd","banner_btn_text":"Learn More","banner_btn_link":"#","banner_btn_target":true,"banner_btn_radius":0}],"blog_page_button_repeater":[{"blog_btn_type":"button-text","blog_btn_bg_color":"#eb5a3e","blog_btn_border_color":"#1a1a1a","blog_btn_text_color":"#1a1a1a","blog_btn_hover_color":"#086abd","blog_btn_text":"View More","blog_btn_radius":0}],"coming_maintenance_buttons":[{"maintenance_btn_type":"button-outline","maintenance_btn_bg_color":"#eb5a3e","maintenance_btn_border_color":"#ffffff","maintenance_btn_text_color":"#ffffff","maintenance_btn_hover_color":"#086abd","maintenance_btn_text":"Button Text","maintenance_btn_link":"#","maintenance_btn_target":true,"maintenance_btn_radius":0}],"coming_maintenance_image_slider":[{"slider_item":""}],"header_layout":"header_thirteen","contact_phone":"+123 4567 8910","contact_email":"yourmaill@example.com","contact_address":"54 Park st, Los Angeles, USA","site_title_color":"#223645","site_tagline_color":"#223645","top_header_text_color":"#223645","disable_top_header_section":false,"mid_header_text_color":"#223645","mid_header_text_link_hover_color":"#e12454","bottom_header_text_color":"#ffffff","header_menu_bg_color":"#f2525a","bottom_header_text_link_hover_color":"#f78788","sub_menu_link_hover_color":"#f78788","header_image_height":"120","disable_contact_detail":false,"header_icon_color":"#f2525a","logo_width":"170","header_buttons_font_control":{"font-family":"Roboto","variant":"500","font-size":"16px","text-transform":"uppercase","line-height":"1","font-backup":"","font-weight":500,"font-style":"normal"},"site_title_font_control":{"font-family":"Adamina","variant":"regular","font-size":"26px","text-transform":"none","font-backup":"","font-weight":400,"font-style":"normal"},"site_description_font_control":{"font-family":"Roboto","variant":"regular","font-size":"14px","text-transform":"none","font-backup":"","font-weight":400,"font-style":"normal"},"main_menu_font_control":{"font-family":"Roboto","font-size":"16px","text-transform":"capitalize","variant":"500","line-height":"1.5","font-backup":"","font-weight":500,"font-style":"normal"},"main_menu_description_font_control":{"font-family":"Roboto","font-size":"11px","text-transform":"none","variant":"500","line-height":"1.3","font-backup":"","font-weight":500,"font-style":"normal"},"body_font_control":{"font-family":"Roboto","variant":"regular","font-size":"15px","font-backup":"","font-weight":400,"font-style":"normal"},"general_title_font_control":{"font-family":"Adamina","variant":"regular","text-transform":"capitalize","font-backup":"","font-weight":400,"font-style":"normal"},"page_title_font_control":{"font-family":"Adamina","variant":"regular","font-size":"48px","text-transform":"capitalize","font-backup":"","font-weight":400,"font-style":"normal"},"header_phone_label":"Request a Call:","header_email_label":"Email Address:","header_address_label":"Office Location:","contact_label_font_control":{"font-family":"Roboto","variant":"regular","font-size":"14px","text-transform":"capitalize","line-height":"1.6","font-backup":"","font-weight":400,"font-style":"normal"},"footer_widget_layout":"footer_widget_layout_six","top_footer_widget_title_color":"#ffffff","top_footer_background_color":"rgba(2,17,46,0.6)","top_footer_widget_link_color":"#ececec","top_footer_widget_content_color":"#ececec","footer_widget_title_font_control":{"font-family":"Adamina","variant":"regular","font-size":"18px","text-transform":"none","line-height":"1.4","font-backup":"","font-weight":400,"font-style":"normal"},"footer_layout":"footer_five","footer_widget_area_top_padding":"80","bottom_footer_background_color":"rgba(2,17,46,0.6)","bottom_footer_text_color":"#cccccc","footer_image":387,"bottom_footer_text_link_color":"#ffffff","footer_style_font_control":{"font-family":"Roboto","variant":"regular","font-size":"14px","text-transform":"capitalize","line-height":"1.6","font-backup":"","font-weight":400,"font-style":"normal"},"bottom_footer_area_top_padding":"15","notification_bar_background_color":"#0b1b43","notification_bar_title_font_control":{"font-family":"Roboto","variant":"regular","font-size":"13px","text-transform":"none","line-height":"1.3","font-backup":"","font-weight":400,"font-style":"normal"},"notification_bar_image_height":"40","top_footer_widget_link_hover_color":"#f2525a","bottom_footer_text_link_hover_color":"#f2525a","disable_top_header_border":false,"top_header_background_color":"rgba(30,115,190,0)","contact_content_font_control":{"font-family":"Roboto","variant":"500","font-size":"17px","text-transform":"none","line-height":"1.6","font-backup":"","font-weight":500,"font-style":"normal"},"disable_header_button":false,"disable_search_icon":false,"disable_hamburger_menu_icon":false,"header_hamburger_bg_color":"#f2525a","top_header_text_link_hover_color":"#f2525a","social_icons_size":"18","bottom_header_background_color":"#02112e","disable_fixed_header":false,"disable_mobile_notification_bar":false,"disable_sticky_mobile_notification_bar":false,"disable_notification_bar":true,"disable_header_social_links":false,"disable_footer_social_links":false,"disable_mobile_social_icons_header":false,"disable_mobile_social_icons_footer":false,"disable_mobile_top_header_border":false,"disable_mobile_mid_header_border":true,"disable_mobile_contact_details":false,"disable_mobile_search_icon":true,"disable_mobile_header_buttons":false,"disable_sticky_notification_bar":true,"site_primary_color":"#f2525a","site_hover_color":"#02112e","archive_post_layout":"grid","main_slider_layout":"main_slider_one","separate_hover_color_for_main_slider":"#f2525a","slider_posts_number":"3","main_slider_title_font_control":{"font-family":"Roboto","variant":"700","font-size":"50px","text-transform":"uppercase","line-height":"1.4","font-backup":"","font-weight":700,"font-style":"normal"},"main_slider_cat_font_control":{"font-family":"Roboto","variant":"regular","font-size":"15px","text-transform":"uppercase","line-height":"1.6","font-backup":"","font-weight":400,"font-style":"normal"},"main_slider_meta_font_control":{"font-family":"Roboto","variant":"regular","font-size":"14px","text-transform":"capitalize","line-height":"1.6","font-backup":"","font-weight":400,"font-style":"normal"},"main_slider_excerpt_font_control":{"font-family":"Roboto","variant":"regular","font-size":"15px","text-transform":"initial","line-height":"1.8","font-backup":"","font-weight":400,"font-style":"normal"},"main_slider_height":"600","main_slider_button_font_control":{"font-family":"Roboto","variant":"500","font-size":"16px","text-transform":"uppercase","line-height":"1.5","font-backup":"","font-weight":500,"font-style":"normal"},"background_color_main_slider":"rgba(0,0,0,0.7)","disable_feature_posts_section_title":false,"feature_posts_section_title_font_control":{"font-family":"Adamina","variant":"regular","font-size":"26px","text-transform":"none","line-height":"1.2","font-backup":"","font-weight":400,"font-style":"normal"},"feature_posts_section_layouts":"feature_one","featured_post_category_bgcolor":"#f2525a","featured_post_hover_color":"#f78788","feature_posts_overlay_opacity":"4","feature_posts_posts_number":"3","feature_posts_height":"300","feature_posts_radius":"0","feature_posts_text_alignment":"text-left","feature_posts_font_control":{"font-family":"Roboto","variant":"500","font-size":"20px","text-transform":"capitalize","line-height":"1.4","font-backup":"","font-weight":500,"font-style":"normal"},"featured_posts_cat_font_control":{"font-family":"Roboto","variant":"regular","font-size":"13px","text-transform":"capitalize","line-height":"1","font-backup":"","font-weight":400,"font-style":"normal"},"featured_posts_meta_font_control":{"font-family":"Roboto","variant":"regular","font-size":"13px","text-transform":"capitalize","line-height":"1.6","font-backup":"","font-weight":400,"font-style":"normal"},"nav_menu_locations":{"menu-2":27,"menu-1":26,"menu-3":28},"advanced_import_setup_complete":1615108788,"custom_logo":454,"disable_site_title":true,"disable_site_tagline":true,"highlight_post_meta_icon_color":"#f2525a","highlight_post_hover_color":"#02112e","highlight_posts_cat_font_control":{"font-family":"Roboto","variant":"regular","font-size":"13px","text-transform":"uppercase","line-height":"1","font-backup":"","font-weight":400,"font-style":"normal"},"highlight_posts_title_font_control":{"font-family":"Roboto","variant":"500","font-size":"18px","text-transform":"capitalize","line-height":"1.4","font-backup":"","font-weight":500,"font-style":"normal"},"highlight_posts_meta_font_control":{"font-family":"Roboto","variant":"regular","font-size":"13px","text-transform":"capitalize","line-height":"1.2","font-backup":"","font-weight":400,"font-style":"normal"},"highlight_posts_section_title_font_control":{"font-family":"Adamina","variant":"regular","font-size":"24px","text-transform":"none","line-height":"1.2","font-backup":"","font-weight":400,"font-style":"normal"},"highlight_post_category_bgcolor":"#f2525a","highlight_post_title_color":"#223645","header_textcolor":"#223645","site_heading_text_color":"#223645","site_body_text_color":"#3c4b62","blog_post_category_color":"#f2525a","blog_post_meta_icon_color":"#f2525a","blog_post_text_color":"#3c4b62","blog_post_title_color":"#223645","blog_post_hover_color":"#f2525a","blog_post_title_font_control":{"font-family":"Roboto","variant":"500","font-size":"24px","text-transform":"none","line-height":"1.4","font-backup":"","font-weight":500,"font-style":"normal"},"blog_post_cat_font_control":{"font-family":"Roboto","variant":"500","font-size":"13px","text-transform":"uppercase","line-height":"1.6","font-backup":"","font-weight":500,"font-style":"normal"},"blog_post_meta_font_control":{"font-family":"Roboto","variant":"regular","font-size":"13px","text-transform":"capitalize","line-height":"1.6","font-backup":"","font-weight":400,"font-style":"normal"},"blog_post_excerpt_font_control":{"font-family":"Roboto","variant":"regular","font-size":"15px","text-transform":"initial","line-height":"1.8","font-backup":"","font-weight":400,"font-style":"normal"},"post_excerpt_length":15,"feature_posts_title_alignment":"align-bottom","sidebar_widget_title_font_control":{"font-family":"Adamina","variant":"regular","font-size":"16px","text-transform":"uppercase","line-height":"1.4","font-backup":"","font-weight":400,"font-style":"normal"},"preloader_animation":"animation_two","preloader_custom_image_width":"50","footer_text":"Copyright \u00a9 2021<a href=\"https:\/\/demo.bosathemes.com\/bosa\/finance\" title=\"Bosa Finance\"> Bosa Finance<\/a>.  Theme: <a href=\"https:\/\/bosathemes.com\/\" target=\"_blank\" title=\"Bosa\" rel=\"author\">Bosa<\/a> By KeonThemes.","highlight_posts_section_layouts":"highlighted_two","highlight_post_category_color":"#f2525a","feature_posts_section_title_desc_alignment":"center","disable_latest_posts_section_title":false,"latest_posts_section_title_font_control":{"font-family":"Adamina","variant":"regular","font-size":"24px","text-transform":"none","line-height":"1.2","font-backup":"","font-weight":400,"font-style":"normal"},"disable_sticky_sidebar":true,"disable_mobile_fixed_header":false},"woocommerce_shop_page_id":"6","woocommerce_shop_page_id-child":"6"}}