{"widget_positions":{"wp_inactive_widgets":["bosa_pro_latest_post-3","nav_menu-3","nav_menu-4"],"right-sidebar":["search-3","bosa_pro_latest_post-6","categories-5","tag_cloud-4"],"menu-sidebar":["search-2","text-5","bosa_pro_latest_post-5","categories-2"],"left-sidebar":[],"woocommerce-right-sidebar":["woocommerce_price_filter-2","woocommerce_products-2","media_gallery-2"],"woocommerce-left-sidebar":[],"footer-sidebar-1":["text-4"],"footer-sidebar-2":["bosa_pro_latest_post-4"],"footer-sidebar-3":["categories-4","tag_cloud-3"],"footer-sidebar-4":[],"array_version":3},"widget_options":{"bosa_pro_latest_post":{"3":{"title":"Latest Posts","category":0,"per_page":"3","show_date_comment":true,"layout":"left"},"4":{"title":"Latest Posts","category":0,"per_page":"3","show_date_comment":true,"layout":"left"},"5":{"title":"Latest Post","category":0,"per_page":"5","show_date_comment":true,"layout":"left"},"6":{"title":"Latest Posts","category":0,"per_page":"5","show_date_comment":true,"layout":"left"},"_multiwidget":1},"nav_menu":{"_multiwidget":1,"3":{"title":"Useful Links","nav_menu":"28"},"4":{"title":"Useful Links","nav_menu":"28"}},"search":{"2":{"title":""},"3":{"title":"Search"},"_multiwidget":1},"categories":{"2":{"title":"Categories","count":1,"hierarchical":0,"dropdown":0},"4":{"title":"Categories","count":1,"hierarchical":0,"dropdown":0},"5":{"title":"Categories","count":1,"hierarchical":0,"dropdown":0},"_multiwidget":1},"tag_cloud":{"3":{"title":"","count":0,"taxonomy":"post_tag"},"4":{"title":"Tag","count":0,"taxonomy":"post_tag"},"_multiwidget":1},"text":{"1":[],"3":{"title":"About Bosa Finance","text":"","filter":true,"visual":true},"4":{"title":"About Bosa Finance","text":"Iusto donec aliquip netus laboriosam enim, suspendisse, eveniet sagittis, qui perferendis montes. Quas, minim ridiculus modi provident odio parturient culpa augue eleifend est maiores, diam, minima! Facilis deleniti. Euismod porro dapibus.\r\n<div>\r\n<h6><strong>Opening Hours<\/strong><\/h6>\r\n<div class=\"time-schedule\"><img class=\" wp-image-553 alignleft\" src=\"https:\/\/demo.bosathemes.com\/bosa\/finance\/wp-content\/uploads\/sites\/31\/2021\/03\/bosa-finance-img41.png\" alt=\"\" width=\"57\" height=\"48\" \/>Mon - Sat 8:00 - 17:30<\/div>\r\n<div class=\"time-schedule\">Sunday - CLOSED<\/div>\r\n<\/div>","filter":true,"visual":true},"5":{"title":"About Bosa Finance","text":"Pretium vel varius illo, curabitur facilis, mauris tempora tempora architecto? Aliqua sagittis, volutpat maxime itaque eius? Sem commodi eos fugiat saepe. Maecenas.","filter":true,"visual":true},"_multiwidget":1},"woocommerce_price_filter":{"2":{"title":"Filter by price"},"_multiwidget":1},"woocommerce_products":{"2":{"title":"Products","number":4,"show":"","orderby":"date","order":"desc","hide_free":0,"show_hidden":0},"_multiwidget":1},"media_gallery":{"2":{"title":"Gallery","ids":[413,412,411,410,409,408],"columns":3,"size":"thumbnail","link_type":"post","orderby_random":false},"_multiwidget":1}}}