{"menu":{"menu-2":12,"menu-1":11},"options":{"blogname":"Gutener Business","blogname-child":"Gutener Business","blogdescription":"Just another Gutener Demos site","blogdescription-child":"Just another Gutener Demos site","posts_per_page":"7","posts_per_page-child":"7","date_format":"F j, Y","date_format-child":"F j, Y","time_format":"g:i a","time_format-child":"g:i a","show_on_front":"page","show_on_front-child":"page","thumbnail_size_w":"150","thumbnail_size_w-child":"150","thumbnail_size_h":"150","thumbnail_size_h-child":"150","thumbnail_crop":"1","thumbnail_crop-child":"1","medium_size_w":"300","medium_size_w-child":"300","medium_size_h":"300","medium_size_h-child":"300","avatar_default":"mystery","avatar_default-child":"mystery","large_size_w":"700","large_size_w-child":"700","large_size_h":"700","large_size_h-child":"700","page_for_posts":"7","page_for_posts-child":"7","page_on_front":"4","page_on_front-child":"4","medium_large_size_w":"768","medium_large_size_w-child":"768","medium_large_size_h":"0","medium_large_size_h-child":"0","theme_mods_gutener":{"0":false,"custom_css_post_id":61,"header_image_slider":[],"social_media_links":[{"icon":"fab fa-facebook","link":"#","new_tab":false},{"icon":"fab fa-twitter","link":"#","new_tab":false},{"icon":"fab fa-instagram","link":"#","new_tab":false},{"icon":"fab fa-google","link":"#","new_tab":false},{"icon":"fab fa-pinterest","link":"#","new_tab":false},{"icon":"fab fa-youtube","link":"#","new_tab":false}],"main_banner_buttons":[{"text":"","link":"","type":"button-outline"}],"site_description_font_control":{"font-family":"Nunito Sans","font-size":"14px","text-transform":"none","font-backup":"","variant":"regular","font-weight":400,"font-style":"normal"},"main_menu_font_control":{"font-family":"Merriweather","font-size":"16px","text-transform":"none","variant":"700","line-height":"1.5","font-backup":"","font-weight":700,"font-style":"normal"},"body_font_control":{"font-family":"Nunito Sans","font-size":"15px","font-backup":"","variant":"regular","font-weight":400,"font-style":"normal"},"general_title_font_control":{"font-family":"Merriweather","text-transform":"none","font-backup":"","variant":"regular","font-weight":400,"font-style":"normal"},"page_title_font_control":{"font-family":"Merriweather","font-size":"40px","text-transform":"none","font-backup":"","variant":"700","font-weight":700,"font-style":"normal"},"blog_page_title_font_control":{"font-family":"Merriweather","font-size":"21px","text-transform":"none","font-backup":"","variant":"regular","font-weight":400,"font-style":"normal"},"section_title_font_control":{"font-family":"Merriweather","font-size":"24px","text-transform":"none","font-backup":"","variant":"regular","font-weight":400,"font-style":"normal"},"header_layout":"header_two","header_button_background_color":"#ff0040","header_button_border_radius":"50","logo_width":"170","custom_logo":111,"disable_site_title":true,"disable_site_tagline":true,"contact_phone":"+ 1987 123456","contact_email":"yourmail@email.com","contact_address":"Rock Street, San Francisco, California","header_image_height":"110","header_button_target":true,"header_button_text":"Get A Quote","top_footer_widget_columns":"three_columns","top_footer_background_color":"rgba(13,34,82,0.92)","top_footer_widget_title_color":"#ffffff","top_footer_widget_link_color":"#cccccc","top_footer_widget_content_color":"#cccccc","bottom_footer_background_color":"rgba(13,34,82,0.98)","bottom_footer_text_color":"#ffffff","bottom_footer_text_link_color":"#ffffff","footer_text":"Copyright \u00a9 2020.  ","footer_image":"https:\/\/demo.keonthemes.com\/gutener\/demo13\/wp-content\/uploads\/sites\/54\/2020\/11\/gutener-business-img30-1920-650.jpg","site_primary_color":"#ff0040","site_body_text_color":"#313e5d","site_heading_text_color":"#0d2252","site_hover_color":"#ca0000","header_textcolor":"#0d2252","bottom_header_text_color":"#0d2252","top_header_text_color":"#939393","blog_post_title_color":"#0d2252","blog_post_category_color":"#fc003f","blog_post_meta_color":"#4d576f","blog_post_text_color":"#313e5d","blog_post_button_color":"#fc003f","highlight_posts_section_title":"Highlighted Posts","highlight_posts_columns":"four_columns","highlight_posts_posts_number":"4","disable_highlight_title_divider":true,"highlight_posts_height":"250","hide_slider_button":false,"slider_button_border_radius":"50","main_slider_content_alignment":"left","slider_button_text":"Read More","slider_button_type":"button-primary","hide_slider_category":true,"hide_slider_date":true,"hide_slider_author":true,"hide_slider_comment":true,"archive_post_layout":"list","disable_site_layout_shadow":false,"hide_post_button":false,"post_button_type":"button-outline","post_button_text":"Read More","post_button_border_radius":"50","feature_posts_section_title":"Feature Posts","disable_footer_widget_title_border":true,"footer_layout":"footer_two","main_slider_height":"550","slider_category":"13","header_button_link":"#"},"theme_mods_gutener-child":{"0":false,"nav_menu_locations":{"menu-1":11,"menu-2":12},"custom_css_post_id":61,"header_image_slider":[],"social_media_links":[{"icon":"fab fa-facebook","link":"#","new_tab":false},{"icon":"fab fa-twitter","link":"#","new_tab":false},{"icon":"fab fa-instagram","link":"#","new_tab":false},{"icon":"fab fa-google","link":"#","new_tab":false},{"icon":"fab fa-pinterest","link":"#","new_tab":false},{"icon":"fab fa-youtube","link":"#","new_tab":false}],"main_banner_buttons":[{"text":"","link":"","type":"button-outline"}],"site_description_font_control":{"font-family":"Nunito Sans","font-size":"14px","text-transform":"none","font-backup":"","variant":"regular","font-weight":400,"font-style":"normal"},"main_menu_font_control":{"font-family":"Merriweather","font-size":"16px","text-transform":"none","variant":"700","line-height":"1.5","font-backup":"","font-weight":700,"font-style":"normal"},"body_font_control":{"font-family":"Nunito Sans","font-size":"15px","font-backup":"","variant":"regular","font-weight":400,"font-style":"normal"},"general_title_font_control":{"font-family":"Merriweather","text-transform":"none","font-backup":"","variant":"regular","font-weight":400,"font-style":"normal"},"page_title_font_control":{"font-family":"Merriweather","font-size":"40px","text-transform":"none","font-backup":"","variant":"700","font-weight":700,"font-style":"normal"},"blog_page_title_font_control":{"font-family":"Merriweather","font-size":"21px","text-transform":"none","font-backup":"","variant":"regular","font-weight":400,"font-style":"normal"},"section_title_font_control":{"font-family":"Merriweather","font-size":"24px","text-transform":"none","font-backup":"","variant":"regular","font-weight":400,"font-style":"normal"},"header_layout":"header_two","header_button_background_color":"#ff0040","header_button_border_radius":"50","logo_width":"170","custom_logo":111,"disable_site_title":true,"disable_site_tagline":true,"contact_phone":"+ 1987 123456","contact_email":"yourmail@email.com","contact_address":"Rock Street, San Francisco, California","header_image_height":"110","header_button_target":true,"header_button_text":"Get A Quote","top_footer_widget_columns":"three_columns","top_footer_background_color":"rgba(13,34,82,0.92)","top_footer_widget_title_color":"#ffffff","top_footer_widget_link_color":"#cccccc","top_footer_widget_content_color":"#cccccc","bottom_footer_background_color":"rgba(13,34,82,0.98)","bottom_footer_text_color":"#ffffff","bottom_footer_text_link_color":"#ffffff","footer_text":"Copyright \u00a9 2020.  ","footer_image":"https:\/\/demo.keonthemes.com\/gutener\/demo13\/wp-content\/uploads\/sites\/54\/2020\/11\/gutener-business-img30-1920-650.jpg","site_primary_color":"#ff0040","site_body_text_color":"#313e5d","site_heading_text_color":"#0d2252","site_hover_color":"#ca0000","header_textcolor":"#0d2252","bottom_header_text_color":"#0d2252","top_header_text_color":"#939393","blog_post_title_color":"#0d2252","blog_post_category_color":"#fc003f","blog_post_meta_color":"#4d576f","blog_post_text_color":"#313e5d","blog_post_button_color":"#fc003f","highlight_posts_section_title":"Highlighted Posts","highlight_posts_columns":"four_columns","highlight_posts_posts_number":"4","disable_highlight_title_divider":true,"highlight_posts_height":"250","hide_slider_button":false,"slider_button_border_radius":"50","main_slider_content_alignment":"left","slider_button_text":"Read More","slider_button_type":"button-primary","hide_slider_category":true,"hide_slider_date":true,"hide_slider_author":true,"hide_slider_comment":true,"archive_post_layout":"list","disable_site_layout_shadow":false,"hide_post_button":false,"post_button_type":"button-outline","post_button_text":"Read More","post_button_border_radius":"50","feature_posts_section_title":"Feature Posts","disable_footer_widget_title_border":true,"footer_layout":"footer_two","main_slider_height":"550","slider_category":"13","header_button_link":"#"}}}