{"widget_positions":{"wp_inactive_widgets":[],"menu-sidebar":["search-2","gutener_latest_post-3","categories-3"],"left-sidebar":["archives-2","categories-2","meta-2"],"right-sidebar":["gutener_latest_post-4","calendar-3","categories-4","recent-posts-3"],"footer-sidebar-1":["text-2"],"footer-sidebar-2":["gutener_latest_post-2"],"footer-sidebar-3":["tag_cloud-2"],"footer-sidebar-4":[],"array_version":3},"widget_options":{"search":{"2":{"title":""},"_multiwidget":1},"gutener_latest_post":{"2":{"title":"Latest Posts","per_page":"2","show_date_comment":true,"layout":"left"},"3":{"title":"Popular Posts","per_page":"5","show_date_comment":true,"layout":"left"},"4":{"title":"Latest Posts","per_page":"5","show_date_comment":true,"layout":"left"},"_multiwidget":1},"categories":{"2":{"title":"","count":0,"hierarchical":0,"dropdown":0},"3":{"title":"Categories","count":1,"hierarchical":0,"dropdown":0},"4":{"title":"Categories","count":1,"hierarchical":0,"dropdown":0},"_multiwidget":1},"archives":{"2":{"title":"","count":0,"dropdown":0},"_multiwidget":1},"meta":{"2":{"title":""},"_multiwidget":1},"calendar":{"3":{"title":"Calendar"},"_multiwidget":1},"recent-posts":{"3":{"title":"Popular Posts","number":5,"show_date":true},"_multiwidget":1},"text":{"1":[],"2":{"title":"About Gutener Corporate","text":"Gutener is clean, creative, powerful, flexible, highly customizable and Gutenberg ready WordPress theme. It is fully responsive and is sure to make your website stand out from the crowd. Gutener is highly customizable with powerful theme options including multiple Header and Footer layouts.","filter":true,"visual":true},"_multiwidget":1},"tag_cloud":{"2":{"title":"Tags","count":0,"taxonomy":"post_tag"},"_multiwidget":1}}}