{"menu":{"menu-2":5,"menu-1":4,"menu-3":32},"options":{"blogname":"Bosa Medical","blogname-child":"Bosa Medical","blogdescription":"Bosa is the perfect theme for your Business","blogdescription-child":"Bosa is the perfect theme for your Business","posts_per_page":"10","posts_per_page-child":"10","date_format":"F j, Y","date_format-child":"F j, Y","time_format":"g:i a","time_format-child":"g:i a","show_on_front":"page","show_on_front-child":"page","thumbnail_size_w":"150","thumbnail_size_w-child":"150","thumbnail_size_h":"150","thumbnail_size_h-child":"150","thumbnail_crop":"1","thumbnail_crop-child":"1","medium_size_w":"300","medium_size_w-child":"300","medium_size_h":"300","medium_size_h-child":"300","avatar_default":"mystery","avatar_default-child":"mystery","large_size_w":"1024","large_size_w-child":"1024","large_size_h":"1024","large_size_h-child":"1024","page_for_posts":"29","page_for_posts-child":"29","page_on_front":"39","page_on_front-child":"39","medium_large_size_w":"768","medium_large_size_w-child":"768","medium_large_size_h":"0","medium_large_size_h-child":"0","theme_mods_bosa-pro":{"0":false,"advanced_import_setup_complete":1600595804,"custom_css_post_id":120,"header_layout":"header_four","header_image_slider":[],"social_media_links":[{"icon":"fab fa-facebook","link":"#","target":true},{"icon":"fab fa-twitter","link":"#","target":true},{"icon":"fab fa-google","link":"#","target":true},{"icon":"fab fa-pinterest","link":"#","target":true},{"icon":"fab fa-instagram","link":"#","target":true}],"main_banner_buttons":[{"text":"Learn more","link":"#","type":"button-primary"},{"text":"Read more","link":"","type":"button-outline"}],"coming_maintenance_buttons":[{"maintenance_btn_type":"button-primary","maintenance_btn_bg_color":"#1f3d9d","maintenance_btn_border_color":"#ffffff","maintenance_btn_text_color":"#ffffff","maintenance_btn_hover_color":"#f22282","maintenance_btn_text":"learn more","maintenance_btn_link":"#","maintenance_btn_target":true,"maintenance_btn_radius":0}],"coming_maintenance_image_slider":[],"logo_width":"170","footer_image":113,"disable_footer_parallax_scrolling":false,"top_footer_background_color":"rgba(49,77,163,0.95)","top_footer_widget_title_color":"#ededed","top_footer_widget_content_color":"#e0e0e0","top_footer_widget_link_color":"#f7f7f7","site_hover_color":"#f22282","top_footer_widget_link_hover_color":"#f22282","site_primary_color":"#1f3d9d","footer_layout":"footer_three","bottom_footer_background_color":"rgba(49,77,163,0.98)","bottom_footer_text_color":"#cdcdcd","bottom_footer_text_link_color":"#f9f9f9","bottom_footer_text_link_hover_color":"#f22282","main_slider_height":"650","slider_category":"15","blog_post_category_color":"#f22282","archive_post_layout":"list","highlight_posts_overlay_opacity":"3","highlight_posts_posts_number":"3","highlight_posts_height":"350","main_menu_font_control":{"font-family":"Montserrat","font-size":"15px","text-transform":"uppercase","variant":"600","line-height":"1.5","font-backup":"","font-weight":600,"font-style":"normal"},"blog_page_title_font_control":{"font-family":"Montserrat","font-size":"20px","text-transform":"none","font-backup":"","variant":"500","font-weight":500,"font-style":"normal"},"general_title_font_control":{"font-family":"Montserrat","text-transform":"none","font-backup":"","variant":"500","font-weight":500,"font-style":"normal"},"page_title_font_control":{"font-family":"Montserrat","font-size":"30px","text-transform":"none","font-backup":"","variant":"600","font-weight":600,"font-style":"normal"},"section_title_font_control":{"font-family":"Montserrat","font-size":"24px","text-transform":"none","font-backup":"","variant":"600","font-weight":600,"font-style":"normal"},"slider_image_overlay_opacity":"4","main_slider_content_alignment":"left","hide_slider_date":false,"hide_slider_author":false,"hide_slider_comment":false,"disable_main_slider":false,"sidebar_settings":"right","footer_text":"Copyright \u00a9 2021<a href=\"https:\/\/demo.bosathemes.com\/bosa\/medical\" title=\"Bosa Medical \"> Bosa Medical<\/a> .  Theme: <a href=\"https:\/\/bosathemes.com\/\" target=\"_blank\" title=\"Bosa\" rel=\"author\">Bosa<\/a> By KeonThemes.","disable_site_title":true,"disable_site_tagline":true,"top_header_text_color":"#878787","top_header_text_link_hover_color":"#ee2180","hide_slider_button":false,"main_slider_button_border_radius":"0","main_slider_controls":"slider","banner_title":"Best medical care for patient","banner_subtitle":"Sapiente placeat curabitur repellat metus expedita dignissimos dis nostra elementum quibusdam ligula doloremque laoreet minima dapibus lobortis rhoncus soluta rhoncus cupiditate mollitia aspernatur tempor! Nunc.","banner_button_border_radius":"0","banner_image":"https:\/\/demo.bosathemes.com\/bosa\/medical\/wp-content\/uploads\/sites\/6\/2020\/09\/bosa-medical-img2.jpg","main_banner_content_alignment":"left","disable_contact_detail":false,"header_icon_color":"#1f3d9d","header_image_height":"140","header_button_repeater":[{"header_btn_type":"button-outline","header_btn_bg_color":"#f22282","header_btn_border_color":"#ffffff","header_btn_text_color":"#ffffff","header_btn_hover_color":"#f22282","header_btn_text":"Get an appointment","header_btn_link":"#","header_btn_target":true,"header_btn_radius":0}],"notification_bar_background_color":"#586fb2","notification_bar_title":"Get the latest information from us about COVID-19","disable_notification_bar_button":false,"notification_bar_button_background_color":"#f22282","disable_search_icon":false,"disable_hamburger_menu_icon":false,"bottom_header_text_link_hover_color":"#ee2180","feature_posts_section_layouts":"feature_one","hide_related_posts":true,"feature_posts_posts_number":"3","feature_posts_height":"250","highlight_posts_section_layouts":"highlighted_one","main_slider_font_control":{"font-family":"Montserrat","variant":"700","font-size":"55px","text-transform":"uppercase","line-height":"1.2","font-backup":"","font-weight":700,"font-style":"normal"},"feature_posts_font_control":{"font-family":"Montserrat","variant":"600","font-size":"20px","text-transform":"capitalize","line-height":"1.3","font-backup":"","font-weight":600,"font-style":"normal"},"highlight_posts_title_font_control":{"font-family":"Montserrat","variant":"600","font-size":"18px","text-transform":"capitalize","line-height":"1.4","font-backup":"","font-weight":600,"font-style":"normal"},"blog_post_title_font_control":{"font-family":"Montserrat","variant":"600","font-size":"20px","text-transform":"capitalize","line-height":"1.4","font-backup":"","font-weight":600,"font-style":"normal"},"hide_post_button":false,"blog_post_button_text_color":"#ffffff","blog_post_button_background_color":"#1f3d9d","post_button_type":"button-primary","post_excerpt_length":"15","post_button_border_radius":"0","footer_widget_layout":"footer_widget_layout_seven","footer_widget_title_font_control":{"font-family":"Montserrat","variant":"600","font-size":"16px","text-transform":"uppercase","line-height":"1.4","font-backup":"","font-weight":600,"font-style":"normal"},"footer_style_font_control":{"font-family":"Montserrat","variant":"600","font-size":"14px","text-transform":"none","line-height":"1.6","font-backup":"","font-weight":600,"font-style":"normal"},"bottom_footer_image_width":"270","hide_comment":true,"social_icons_size":"20","sidebar_widget_title_font_control":{"font-family":"Montserrat","variant":"600","font-size":"14px","text-transform":"uppercase","line-height":"1.4","font-backup":"","font-weight":600,"font-style":"normal"},"notification_bar_button_border_radius":"0","disable_sticky_notification_bar":true,"transparent_header_button_repeater":[{"transparent_header_btn_type":"button-outline","transparent_header_home_btn_bg_color":"#eb5a3e","transparent_header_home_btn_border_color":"#ffffff","transparent_header_home_btn_text_color":"#ffffff","transparent_header_btn_bg_color":"#eb5a3e","transparent_header_btn_border_color":"#1a1a1a","transparent_header_btn_text_color":"#1a1a1a","transparent_header_btn_hover_color":"#086abd","transparent_header_btn_text":"Get a Quote","transparent_header_btn_link":"#","transparent_header_btn_target":true,"transparent_header_btn_radius":0}],"notification_button_repeater":[{"noti_btn_type":"button-outline","noti_btn_bg_color":"#f22282","noti_btn_border_color":"#ffffff","noti_btn_text_color":"#ffffff","noti_btn_hover_color":"#f22282","noti_btn_text":"View More","noti_btn_link":"#","noti_btn_target":true,"noti_btn_radius":0}],"main_slider_button_repeater":[{"slider_btn_type":"button-primary","slider_btn_bg_color":"#1f3d9d","slider_btn_border_color":"#ffffff","slider_btn_text_color":"#ffffff","slider_btn_hover_color":"#f22282","slider_btn_text":"Learn More","slider_btn_radius":0}],"main_banner_buttons_repeater":[{"banner_btn_type":"button-primary","banner_btn_bg_color":"#1f3d9d","banner_btn_border_color":"#ffffff","banner_btn_text_color":"#ffffff","banner_btn_hover_color":"#f22282","banner_btn_text":"Learn More","banner_btn_link":"#","banner_btn_target":true,"banner_btn_radius":0}],"blog_page_button_repeater":[{"blog_btn_type":"button-primary","blog_btn_bg_color":"#1f3d9d","blog_btn_border_color":"#1a1a1a","blog_btn_text_color":"#ffffff","blog_btn_hover_color":"#f22282","blog_btn_text":"View More","blog_btn_radius":0}],"bottom_header_background_color":"#1f3d9d","bottom_header_text_color":"#ffffff","header_nav_height":"60","mid_header_text_link_hover_color":"#ee2180","footer_widget_area_top_padding":"80","footer_widget_area_bottom_padding":"50","disable_mid_header_border":true,"disable_mobile_search_icon":true,"header_phone_label":"Call Us Now","contact_phone":"+ 1987 123456","contact_address":"Rock Street, San Francisco","header_email_label":"Mailing Address","header_address_label":"Location Details","contact_email":"yourmail@email.com","contact_label_font_control":{"font-family":"Montserrat","variant":"700","font-size":"14px","text-transform":"uppercase","line-height":"1.6","font-backup":"","font-weight":700,"font-style":"normal"},"header_menu_bg_color":"#f22282","notification_bar_image_height":"40","main_slider_title_font_control":{"font-family":"Montserrat","variant":"700","font-size":"55px","text-transform":"uppercase","line-height":"1.4","font-backup":"","font-weight":700,"font-style":"normal"},"main_banner_subtitle_font_control":{"font-family":"Open Sans","variant":"regular","font-size":"16px","text-transform":"initial","line-height":"1.8","font-backup":"","font-weight":400,"font-style":"normal"},"main_banner_button_font_control":{"font-family":"Montserrat","variant":"600","font-size":"16px","text-transform":"capitalize","line-height":"1.5","font-backup":"","font-weight":600,"font-style":"normal"},"blog_post_cat_font_control":{"font-family":"Montserrat","variant":"regular","font-size":"13px","text-transform":"uppercase","line-height":"1.6","font-backup":"","font-weight":400,"font-style":"normal"},"blog_post_meta_font_control":{"font-family":"Montserrat","variant":"regular","font-size":"13px","text-transform":"capitalize","line-height":"1.6","font-backup":"","font-weight":400,"font-style":"normal"},"blog_post_button_font_control":{"font-family":"Montserrat","variant":"600","font-size":"13px","text-transform":"capitalize","line-height":"1.8","font-backup":"","font-weight":600,"font-style":"normal"},"header_buttons_font_control":{"font-family":"Montserrat","variant":"600","font-size":"14px","text-transform":"capitalize","line-height":"1","font-backup":"","font-weight":600,"font-style":"normal"},"disable_sticky_sidebar":false,"notification_bar_buttons_font_control":{"font-family":"Montserrat","variant":"600","font-size":"13px","text-transform":"capitalize","line-height":"1","font-backup":"","font-weight":600,"font-style":"normal"},"separate_hover_color_for_main_slider":"#f22282","main_slider_button_font_control":{"font-family":"Montserrat","variant":"500","font-size":"16px","text-transform":"capitalize","line-height":"1.5","font-backup":"","font-weight":500,"font-style":"normal"},"main_slider_excerpt_font_control":{"font-family":"Open Sans","variant":"regular","font-size":"16px","text-transform":"initial","line-height":"1.8","font-backup":"","font-weight":400,"font-style":"normal"},"maintenance_buttons_font_control":{"font-family":"Montserrat","variant":"500","font-size":"15px","text-transform":"capitalize","line-height":"1","font-backup":"","font-weight":500,"font-style":"normal"},"preloader_custom_image_width":"60","preloader_animation":"animation_three","custom_logo":407,"highlight_posts_section_title_font_control":{"font-family":"Montserrat","variant":"600","font-size":"24px","text-transform":"none","line-height":"1.2","font-backup":"","font-weight":600,"font-style":"normal"},"featured_post_hover_color":"#f22282","featured_post_category_bgcolor":"#f22282","disable_feature_posts_title":false,"feature_posts_text_alignment":"text-center","feature_posts_title_alignment":"align-center","hide_featured_posts_category":true,"hide_featured_posts_date":true,"hide_featured_posts_author":true,"hide_featured_posts_comment":true,"highlight_post_category_bgcolor":"#1f3d9d","highlight_post_hover_color":"#f22282","highlight_post_title_color":"#101010","highlight_posts_cat_font_control":{"font-family":"Montserrat","variant":"regular","font-size":"12px","text-transform":"uppercase","line-height":"1","font-backup":"","font-weight":400,"font-style":"normal"},"highlight_posts_meta_font_control":{"font-family":"Montserrat","variant":"regular","font-size":"13px","text-transform":"capitalize","line-height":"1.6","font-backup":"","font-weight":400,"font-style":"normal"}},"theme_mods_bosa-pro-child":{"0":false,"nav_menu_locations":{"menu-2":5,"menu-1":4,"menu-3":32},"advanced_import_setup_complete":1600595804,"custom_css_post_id":120,"header_layout":"header_four","header_image_slider":[],"social_media_links":[{"icon":"fab fa-facebook","link":"#","target":true},{"icon":"fab fa-twitter","link":"#","target":true},{"icon":"fab fa-google","link":"#","target":true},{"icon":"fab fa-pinterest","link":"#","target":true},{"icon":"fab fa-instagram","link":"#","target":true}],"main_banner_buttons":[{"text":"Learn more","link":"#","type":"button-primary"},{"text":"Read more","link":"","type":"button-outline"}],"coming_maintenance_buttons":[{"maintenance_btn_type":"button-primary","maintenance_btn_bg_color":"#1f3d9d","maintenance_btn_border_color":"#ffffff","maintenance_btn_text_color":"#ffffff","maintenance_btn_hover_color":"#f22282","maintenance_btn_text":"learn more","maintenance_btn_link":"#","maintenance_btn_target":true,"maintenance_btn_radius":0}],"coming_maintenance_image_slider":[],"logo_width":"170","footer_image":113,"disable_footer_parallax_scrolling":false,"top_footer_background_color":"rgba(49,77,163,0.95)","top_footer_widget_title_color":"#ededed","top_footer_widget_content_color":"#e0e0e0","top_footer_widget_link_color":"#f7f7f7","site_hover_color":"#f22282","top_footer_widget_link_hover_color":"#f22282","site_primary_color":"#1f3d9d","footer_layout":"footer_three","bottom_footer_background_color":"rgba(49,77,163,0.98)","bottom_footer_text_color":"#cdcdcd","bottom_footer_text_link_color":"#f9f9f9","bottom_footer_text_link_hover_color":"#f22282","main_slider_height":"650","slider_category":"15","blog_post_category_color":"#f22282","archive_post_layout":"list","highlight_posts_overlay_opacity":"3","highlight_posts_posts_number":"3","highlight_posts_height":"350","main_menu_font_control":{"font-family":"Montserrat","font-size":"15px","text-transform":"uppercase","variant":"600","line-height":"1.5","font-backup":"","font-weight":600,"font-style":"normal"},"blog_page_title_font_control":{"font-family":"Montserrat","font-size":"20px","text-transform":"none","font-backup":"","variant":"500","font-weight":500,"font-style":"normal"},"general_title_font_control":{"font-family":"Montserrat","text-transform":"none","font-backup":"","variant":"500","font-weight":500,"font-style":"normal"},"page_title_font_control":{"font-family":"Montserrat","font-size":"30px","text-transform":"none","font-backup":"","variant":"600","font-weight":600,"font-style":"normal"},"section_title_font_control":{"font-family":"Montserrat","font-size":"24px","text-transform":"none","font-backup":"","variant":"600","font-weight":600,"font-style":"normal"},"slider_image_overlay_opacity":"4","main_slider_content_alignment":"left","hide_slider_date":false,"hide_slider_author":false,"hide_slider_comment":false,"disable_main_slider":false,"sidebar_settings":"right","footer_text":"Copyright \u00a9 2021<a href=\"https:\/\/demo.bosathemes.com\/bosa\/medical\" title=\"Bosa Medical \"> Bosa Medical<\/a> .  Theme: <a href=\"https:\/\/bosathemes.com\/\" target=\"_blank\" title=\"Bosa\" rel=\"author\">Bosa<\/a> By KeonThemes.","disable_site_title":true,"disable_site_tagline":true,"top_header_text_color":"#878787","top_header_text_link_hover_color":"#ee2180","hide_slider_button":false,"main_slider_button_border_radius":"0","main_slider_controls":"slider","banner_title":"Best medical care for patient","banner_subtitle":"Sapiente placeat curabitur repellat metus expedita dignissimos dis nostra elementum quibusdam ligula doloremque laoreet minima dapibus lobortis rhoncus soluta rhoncus cupiditate mollitia aspernatur tempor! Nunc.","banner_button_border_radius":"0","banner_image":"https:\/\/demo.bosathemes.com\/bosa\/medical\/wp-content\/uploads\/sites\/6\/2020\/09\/bosa-medical-img2.jpg","main_banner_content_alignment":"left","disable_contact_detail":false,"header_icon_color":"#1f3d9d","header_image_height":"140","header_button_repeater":[{"header_btn_type":"button-outline","header_btn_bg_color":"#f22282","header_btn_border_color":"#ffffff","header_btn_text_color":"#ffffff","header_btn_hover_color":"#f22282","header_btn_text":"Get an appointment","header_btn_link":"#","header_btn_target":true,"header_btn_radius":0}],"notification_bar_background_color":"#586fb2","notification_bar_title":"Get the latest information from us about COVID-19","disable_notification_bar_button":false,"notification_bar_button_background_color":"#f22282","disable_search_icon":false,"disable_hamburger_menu_icon":false,"bottom_header_text_link_hover_color":"#ee2180","feature_posts_section_layouts":"feature_one","hide_related_posts":true,"feature_posts_posts_number":"3","feature_posts_height":"250","highlight_posts_section_layouts":"highlighted_one","main_slider_font_control":{"font-family":"Montserrat","variant":"700","font-size":"55px","text-transform":"uppercase","line-height":"1.2","font-backup":"","font-weight":700,"font-style":"normal"},"feature_posts_font_control":{"font-family":"Montserrat","variant":"600","font-size":"20px","text-transform":"capitalize","line-height":"1.3","font-backup":"","font-weight":600,"font-style":"normal"},"highlight_posts_title_font_control":{"font-family":"Montserrat","variant":"600","font-size":"18px","text-transform":"capitalize","line-height":"1.4","font-backup":"","font-weight":600,"font-style":"normal"},"blog_post_title_font_control":{"font-family":"Montserrat","variant":"600","font-size":"20px","text-transform":"capitalize","line-height":"1.4","font-backup":"","font-weight":600,"font-style":"normal"},"hide_post_button":false,"blog_post_button_text_color":"#ffffff","blog_post_button_background_color":"#1f3d9d","post_button_type":"button-primary","post_excerpt_length":"15","post_button_border_radius":"0","footer_widget_layout":"footer_widget_layout_seven","footer_widget_title_font_control":{"font-family":"Montserrat","variant":"600","font-size":"16px","text-transform":"uppercase","line-height":"1.4","font-backup":"","font-weight":600,"font-style":"normal"},"footer_style_font_control":{"font-family":"Montserrat","variant":"600","font-size":"14px","text-transform":"none","line-height":"1.6","font-backup":"","font-weight":600,"font-style":"normal"},"bottom_footer_image_width":"270","hide_comment":true,"social_icons_size":"20","sidebar_widget_title_font_control":{"font-family":"Montserrat","variant":"600","font-size":"14px","text-transform":"uppercase","line-height":"1.4","font-backup":"","font-weight":600,"font-style":"normal"},"notification_bar_button_border_radius":"0","disable_sticky_notification_bar":true,"transparent_header_button_repeater":[{"transparent_header_btn_type":"button-outline","transparent_header_home_btn_bg_color":"#eb5a3e","transparent_header_home_btn_border_color":"#ffffff","transparent_header_home_btn_text_color":"#ffffff","transparent_header_btn_bg_color":"#eb5a3e","transparent_header_btn_border_color":"#1a1a1a","transparent_header_btn_text_color":"#1a1a1a","transparent_header_btn_hover_color":"#086abd","transparent_header_btn_text":"Get a Quote","transparent_header_btn_link":"#","transparent_header_btn_target":true,"transparent_header_btn_radius":0}],"notification_button_repeater":[{"noti_btn_type":"button-outline","noti_btn_bg_color":"#f22282","noti_btn_border_color":"#ffffff","noti_btn_text_color":"#ffffff","noti_btn_hover_color":"#f22282","noti_btn_text":"View More","noti_btn_link":"#","noti_btn_target":true,"noti_btn_radius":0}],"main_slider_button_repeater":[{"slider_btn_type":"button-primary","slider_btn_bg_color":"#1f3d9d","slider_btn_border_color":"#ffffff","slider_btn_text_color":"#ffffff","slider_btn_hover_color":"#f22282","slider_btn_text":"Learn More","slider_btn_radius":0}],"main_banner_buttons_repeater":[{"banner_btn_type":"button-primary","banner_btn_bg_color":"#1f3d9d","banner_btn_border_color":"#ffffff","banner_btn_text_color":"#ffffff","banner_btn_hover_color":"#f22282","banner_btn_text":"Learn More","banner_btn_link":"#","banner_btn_target":true,"banner_btn_radius":0}],"blog_page_button_repeater":[{"blog_btn_type":"button-primary","blog_btn_bg_color":"#1f3d9d","blog_btn_border_color":"#1a1a1a","blog_btn_text_color":"#ffffff","blog_btn_hover_color":"#f22282","blog_btn_text":"View More","blog_btn_radius":0}],"bottom_header_background_color":"#1f3d9d","bottom_header_text_color":"#ffffff","header_nav_height":"60","mid_header_text_link_hover_color":"#ee2180","footer_widget_area_top_padding":"80","footer_widget_area_bottom_padding":"50","disable_mid_header_border":true,"disable_mobile_search_icon":true,"header_phone_label":"Call Us Now","contact_phone":"+ 1987 123456","contact_address":"Rock Street, San Francisco","header_email_label":"Mailing Address","header_address_label":"Location Details","contact_email":"yourmail@email.com","contact_label_font_control":{"font-family":"Montserrat","variant":"700","font-size":"14px","text-transform":"uppercase","line-height":"1.6","font-backup":"","font-weight":700,"font-style":"normal"},"header_menu_bg_color":"#f22282","notification_bar_image_height":"40","main_slider_title_font_control":{"font-family":"Montserrat","variant":"700","font-size":"55px","text-transform":"uppercase","line-height":"1.4","font-backup":"","font-weight":700,"font-style":"normal"},"main_banner_subtitle_font_control":{"font-family":"Open Sans","variant":"regular","font-size":"16px","text-transform":"initial","line-height":"1.8","font-backup":"","font-weight":400,"font-style":"normal"},"main_banner_button_font_control":{"font-family":"Montserrat","variant":"600","font-size":"16px","text-transform":"capitalize","line-height":"1.5","font-backup":"","font-weight":600,"font-style":"normal"},"blog_post_cat_font_control":{"font-family":"Montserrat","variant":"regular","font-size":"13px","text-transform":"uppercase","line-height":"1.6","font-backup":"","font-weight":400,"font-style":"normal"},"blog_post_meta_font_control":{"font-family":"Montserrat","variant":"regular","font-size":"13px","text-transform":"capitalize","line-height":"1.6","font-backup":"","font-weight":400,"font-style":"normal"},"blog_post_button_font_control":{"font-family":"Montserrat","variant":"600","font-size":"13px","text-transform":"capitalize","line-height":"1.8","font-backup":"","font-weight":600,"font-style":"normal"},"header_buttons_font_control":{"font-family":"Montserrat","variant":"600","font-size":"14px","text-transform":"capitalize","line-height":"1","font-backup":"","font-weight":600,"font-style":"normal"},"disable_sticky_sidebar":false,"notification_bar_buttons_font_control":{"font-family":"Montserrat","variant":"600","font-size":"13px","text-transform":"capitalize","line-height":"1","font-backup":"","font-weight":600,"font-style":"normal"},"separate_hover_color_for_main_slider":"#f22282","main_slider_button_font_control":{"font-family":"Montserrat","variant":"500","font-size":"16px","text-transform":"capitalize","line-height":"1.5","font-backup":"","font-weight":500,"font-style":"normal"},"main_slider_excerpt_font_control":{"font-family":"Open Sans","variant":"regular","font-size":"16px","text-transform":"initial","line-height":"1.8","font-backup":"","font-weight":400,"font-style":"normal"},"maintenance_buttons_font_control":{"font-family":"Montserrat","variant":"500","font-size":"15px","text-transform":"capitalize","line-height":"1","font-backup":"","font-weight":500,"font-style":"normal"},"preloader_custom_image_width":"60","preloader_animation":"animation_three","custom_logo":407,"highlight_posts_section_title_font_control":{"font-family":"Montserrat","variant":"600","font-size":"24px","text-transform":"none","line-height":"1.2","font-backup":"","font-weight":600,"font-style":"normal"},"featured_post_hover_color":"#f22282","featured_post_category_bgcolor":"#f22282","disable_feature_posts_title":false,"feature_posts_text_alignment":"text-center","feature_posts_title_alignment":"align-center","hide_featured_posts_category":true,"hide_featured_posts_date":true,"hide_featured_posts_author":true,"hide_featured_posts_comment":true,"highlight_post_category_bgcolor":"#1f3d9d","highlight_post_hover_color":"#f22282","highlight_post_title_color":"#101010","highlight_posts_cat_font_control":{"font-family":"Montserrat","variant":"regular","font-size":"12px","text-transform":"uppercase","line-height":"1","font-backup":"","font-weight":400,"font-style":"normal"},"highlight_posts_meta_font_control":{"font-family":"Montserrat","variant":"regular","font-size":"13px","text-transform":"capitalize","line-height":"1.6","font-backup":"","font-weight":400,"font-style":"normal"}},"woocommerce_shop_page_id":"208","woocommerce_shop_page_id-child":"208"}}