{"widget_positions":{"wp_inactive_widgets":[],"menu-sidebar":["search-2","bosa_pro_author_widget-3","bosa_pro_latest_post-4"],"right-sidebar":["bosa_pro_author_widget-2","bosa_pro_latest_post-3","media_image-2","media_gallery-2"],"left-sidebar":[],"woocommerce-right-sidebar":["woocommerce_product_search-2","woocommerce_price_filter-3","woocommerce_products-3","media_gallery-4"],"woocommerce-left-sidebar":["woocommerce_price_filter-2","woocommerce_widget_cart-2","woocommerce_products-2","media_gallery-3"],"footer-sidebar-1":["text-2"],"footer-sidebar-2":["bosa_pro_latest_post-2"],"footer-sidebar-3":["text-3"],"footer-sidebar-4":[],"array_version":3},"widget_options":{"search":{"2":{"title":"Search"},"_multiwidget":1},"bosa_pro_author_widget":{"2":{"title":"About the CEO","page_id":153,"full-square-thumb":false,"page_title":true,"excerpt_count":"20","sub_title":"Medical Professional","social_title":null,"social_desc":null,"social_menu_icon_1":"fab fa-facebook","social_menu_link_1":"#","social_menu_icon_2":"fab fa-twitter","social_menu_link_2":"#","social_menu_icon_3":"fab fa-instagram","social_menu_link_3":"#","social_menu_icon_4":"","social_menu_link_4":"","social_menu_icon_5":"","social_menu_link_5":"","social_menu_icon_6":"","social_menu_link_6":"","social_menu_icon_7":"","social_menu_link_7":"","social_menu_icon_8":"","social_menu_link_8":"","social_menu_icon_9":"","social_menu_link_9":""},"3":{"title":"About Our Surgeon","page_id":153,"full-square-thumb":false,"page_title":true,"excerpt_count":"20","sub_title":"Head Surgeon","social_title":null,"social_desc":null,"social_menu_icon_1":"fab fa-facebook","social_menu_link_1":"#","social_menu_icon_2":"fab fa-twitter","social_menu_link_2":"#","social_menu_icon_3":"fab fa-instagram","social_menu_link_3":"#","social_menu_icon_4":"","social_menu_link_4":"","social_menu_icon_5":"","social_menu_link_5":"","social_menu_icon_6":"","social_menu_link_6":"","social_menu_icon_7":"","social_menu_link_7":"","social_menu_icon_8":"","social_menu_link_8":"","social_menu_icon_9":"","social_menu_link_9":""},"_multiwidget":1},"bosa_pro_latest_post":{"2":{"title":"Recent News","per_page":"2","show_date_comment":true,"layout":"left"},"3":{"title":"Latest Posts","per_page":"3","show_date_comment":true,"layout":"left"},"4":{"title":"Recent posts","per_page":"2","show_date_comment":true,"layout":"left"},"_multiwidget":1},"media_image":{"2":{"size":"full","width":500,"height":650,"caption":"","alt":"","link_type":"custom","link_url":"#","image_classes":"","link_classes":"","link_rel":"","link_target_blank":false,"image_title":"Avertisement","attachment_id":156,"url":"https:\/\/demo.bosathemes.com\/bosa\/medical\/wp-content\/uploads\/sites\/6\/2020\/09\/bosa-medical-img25.jpg","title":"Avertisement"},"_multiwidget":1},"media_gallery":{"2":{"title":"Gallery","ids":[112,111,100,110,83,91],"columns":3,"size":"thumbnail","link_type":"post","orderby_random":false},"3":{"title":"Gallery","ids":[223,222,221,220,219,218],"columns":3,"size":"thumbnail","link_type":"post","orderby_random":false},"4":{"title":"Gallery","ids":[222,221,220,219,218,223],"columns":3,"size":"thumbnail","link_type":"post","orderby_random":false},"_multiwidget":1},"woocommerce_product_search":{"2":{"title":"product search"},"_multiwidget":1},"woocommerce_price_filter":{"2":{"title":"Filter by price"},"3":{"title":"Filter by price"},"_multiwidget":1},"woocommerce_products":{"2":{"title":"Products","number":3,"show":"","orderby":"date","order":"desc","hide_free":0,"show_hidden":0},"3":{"title":"Products","number":3,"show":"","orderby":"date","order":"desc","hide_free":0,"show_hidden":0},"_multiwidget":1},"woocommerce_widget_cart":{"2":{"title":"Cart","hide_if_empty":0},"_multiwidget":1},"text":{"1":[],"2":{"title":"","text":"<img class=\"alignnone size-full wp-image-408\" src=\"https:\/\/demo.bosathemes.com\/bosa\/medical\/wp-content\/uploads\/sites\/6\/2021\/02\/bosa-medical-logo-white.png\" alt=\"\" width=\"200\" height=\"60\" \/>\r\n\r\nTempora iaculis iure suspendisse necessitatibus fringilla temporibus commodi, commodo augue hac class? Esse pellentesque, luctus, pede sem facilis. Voluptates officiis autem sem animi placeat? Eros netus. Beatae, arcu donec habitant.\r\n<div style=\"width: 210px; display: inline-block;\"><strong>EMERGENCY CONTACT:<\/strong>\r\nFree call 24\/7\r\n<em>(+1555 6761 020)<\/em><\/div>\r\n<div style=\"width: 210px; display: inline-block;\"><strong>HOME VISIT:<\/strong>\r\nChargeable call 24\/7\r\n<em>(+1777 6761 050)<\/em><\/div>","filter":true,"visual":true},"3":{"title":"Working Time","text":"<p class=\"p-sm\">Mon - Wed - 9:00 AM - 7:00 PM<\/p>\r\n<p class=\"p-sm\">Thursday -\u00a09:00 AM - 6:30 PM<\/p>\r\n<p class=\"p-sm\">Friday -\u00a09:00 AM - 6:00 PM<\/p>\r\n<p class=\"p-sm\">Sat - Sun -\u00a0Closed<\/p>","filter":true,"visual":true},"_multiwidget":1}}}