{"menu":{"menu-2":16,"menu-1":15},"options":{"blogname":"Gutener Medical","blogname-child":"Gutener Medical","blogdescription":"Health is Wealth","blogdescription-child":"Health is Wealth","posts_per_page":"10","posts_per_page-child":"10","date_format":"F j, Y","date_format-child":"F j, Y","time_format":"g:i a","time_format-child":"g:i a","show_on_front":"page","show_on_front-child":"page","thumbnail_size_w":"150","thumbnail_size_w-child":"150","thumbnail_size_h":"150","thumbnail_size_h-child":"150","thumbnail_crop":"1","thumbnail_crop-child":"1","medium_size_w":"300","medium_size_w-child":"300","medium_size_h":"300","medium_size_h-child":"300","avatar_default":"mystery","avatar_default-child":"mystery","large_size_w":"700","large_size_w-child":"700","large_size_h":"700","large_size_h-child":"700","page_for_posts":"37","page_for_posts-child":"37","page_on_front":"6","page_on_front-child":"6","medium_large_size_w":"768","medium_large_size_w-child":"768","medium_large_size_h":"0","medium_large_size_h-child":"0","theme_mods_gutener":{"0":false,"custom_css_post_id":105,"custom_logo":21,"logo_width":"220","disable_site_title":true,"disable_site_tagline":true,"header_layout":"header_two","header_button_text":"Get a Quote","header_image_slider":[],"social_media_links":[{"icon":"fab fa-facebook","link":"#","new_tab":false},{"icon":"fab fa-twitter","link":"#","new_tab":false},{"icon":"fab fa-instagram","link":"#","new_tab":false},{"icon":"fab fa-google","link":"#","new_tab":false},{"icon":"fab fa-youtube","link":"#","new_tab":false}],"main_banner_buttons":[{"text":"","link":"","type":"button-outline"}],"header_button_border_radius":"0","header_image_height":"130","contact_phone":"+ 1987 123456","contact_email":"yourmail@email.com","contact_address":"Rock Street, San Francisco, California","top_footer_widget_columns":"three_columns","top_footer_background_color":"#212e3e","bottom_footer_background_color":"rgba(33,46,62,0.99)","top_footer_widget_title_color":"#f2f2f2","top_footer_widget_link_color":"#e3e3e3","top_footer_widget_content_color":"#e3e3e3","bottom_footer_text_color":"#f2f2f2","bottom_footer_text_link_color":"#e3e3e3","footer_text":"Copyright \u00a9 2020.","header_button_background_color":"#2b65bf","main_menu_font_control":{"font-family":"Poppins","font-size":"15px","text-transform":"uppercase","variant":"600","line-height":"1.5","font-backup":"","font-weight":600,"font-style":"normal"},"slider_category":"17","hide_slider_button":false,"blog_post_category_color":"#2b65bf","hide_post_button":false,"post_button_text":"READ MORE","related_posts_title":"You may also like these","preloader_animation":"animation_three","slider_button_text":"Learn More","slider_button_border_radius":"0","hide_slider_category":true,"hide_slider_date":true,"hide_slider_author":true,"hide_slider_comment":true,"highlight_posts_section_title":"Highlighted Posts","disable_highlight_posts_section_title":true,"highlight_posts_posts_number":"3","highlight_posts_height":"250","feature_posts_section_title":"Featured Posts","main_slider_height":"550","site_primary_color":"#2b65bf","site_hover_color":"#4f87fb","sidebars_widgets":{"time":1606375604,"data":{"wp_inactive_widgets":[],"menu-sidebar":["search-3","gutener_author_widget-3"],"left-sidebar":{"2":"calendar-2"},"right-sidebar":{"1":"calendar-3"},"footer-sidebar-1":["text-2"],"footer-sidebar-2":["gutener_latest_post-3"],"footer-sidebar-3":["tag_cloud-2"],"footer-sidebar-4":[]}}},"theme_mods_gutener-child":{"0":false,"nav_menu_locations":{"menu-1":15,"menu-2":16},"custom_css_post_id":105,"custom_logo":21,"logo_width":"220","disable_site_title":true,"disable_site_tagline":true,"header_layout":"header_two","header_button_text":"Get a Quote","header_image_slider":[],"social_media_links":[{"icon":"fab fa-facebook","link":"#","new_tab":false},{"icon":"fab fa-twitter","link":"#","new_tab":false},{"icon":"fab fa-instagram","link":"#","new_tab":false},{"icon":"fab fa-google","link":"#","new_tab":false},{"icon":"fab fa-youtube","link":"#","new_tab":false}],"main_banner_buttons":[{"text":"","link":"","type":"button-outline"}],"header_button_border_radius":"0","header_image_height":"130","contact_phone":"+ 1987 123456","contact_email":"yourmail@email.com","contact_address":"Rock Street, San Francisco, California","top_footer_widget_columns":"three_columns","top_footer_background_color":"#212e3e","bottom_footer_background_color":"rgba(33,46,62,0.99)","top_footer_widget_title_color":"#f2f2f2","top_footer_widget_link_color":"#e3e3e3","top_footer_widget_content_color":"#e3e3e3","bottom_footer_text_color":"#f2f2f2","bottom_footer_text_link_color":"#e3e3e3","footer_text":"Copyright \u00a9 2020.","header_button_background_color":"#2b65bf","main_menu_font_control":{"font-family":"Poppins","font-size":"15px","text-transform":"uppercase","variant":"600","line-height":"1.5","font-backup":"","font-weight":600,"font-style":"normal"},"slider_category":"17","hide_slider_button":false,"blog_post_category_color":"#2b65bf","hide_post_button":false,"post_button_text":"READ MORE","related_posts_title":"You may also like these","preloader_animation":"animation_three","slider_button_text":"Learn More","slider_button_border_radius":"0","hide_slider_category":true,"hide_slider_date":true,"hide_slider_author":true,"hide_slider_comment":true,"highlight_posts_section_title":"Highlighted Posts","disable_highlight_posts_section_title":true,"highlight_posts_posts_number":"3","highlight_posts_height":"250","feature_posts_section_title":"Featured Posts","main_slider_height":"550","site_primary_color":"#2b65bf","site_hover_color":"#4f87fb","sidebars_widgets":{"time":1606375604,"data":{"wp_inactive_widgets":[],"menu-sidebar":["search-3","gutener_author_widget-3"],"left-sidebar":{"2":"calendar-2"},"right-sidebar":{"1":"calendar-3"},"footer-sidebar-1":["text-2"],"footer-sidebar-2":["gutener_latest_post-3"],"footer-sidebar-3":["tag_cloud-2"],"footer-sidebar-4":[]}}}}}