{"widget_positions":{"wp_inactive_widgets":["gutener_author_widget-3"],"menu-sidebar":["search-3","gutener_author_widget-6"],"left-sidebar":{"2":"calendar-2"},"right-sidebar":["gutener_author_widget-5","calendar-5","categories-3"],"footer-sidebar-1":["text-2"],"footer-sidebar-2":["gutener_latest_post-3"],"footer-sidebar-3":["tag_cloud-2"],"footer-sidebar-4":[],"array_version":3},"widget_options":{"gutener_author_widget":{"_multiwidget":1,"3":{"title":"About the Author","page_id":32,"full-square-thumb":false,"page_title":true,"excerpt_count":"20","sub_title":"General Surgeon","social_title":null,"social_desc":null,"social_menu_icon_1":"fab fa-facebook","social_menu_link_1":"#","social_menu_icon_2":"fab fa-twitter","social_menu_link_2":"#","social_menu_icon_3":"fab fa-instagram","social_menu_link_3":"#","social_menu_icon_4":"","social_menu_link_4":"","social_menu_icon_5":"","social_menu_link_5":"","social_menu_icon_6":"","social_menu_link_6":"","social_menu_icon_7":"","social_menu_link_7":"","social_menu_icon_8":"","social_menu_link_8":"","social_menu_icon_9":"","social_menu_link_9":""},"5":{"title":"About the Author","page_id":32,"full-square-thumb":false,"page_title":true,"excerpt_count":"20","sub_title":"General Surgeon","social_title":null,"social_desc":null,"social_menu_icon_1":"fab fa-facebook","social_menu_link_1":"#","social_menu_icon_2":"fab fa-twitter","social_menu_link_2":"#","social_menu_icon_3":"fab fa-instagram","social_menu_link_3":"#","social_menu_icon_4":"","social_menu_link_4":"","social_menu_icon_5":"","social_menu_link_5":"","social_menu_icon_6":"","social_menu_link_6":"","social_menu_icon_7":"","social_menu_link_7":"","social_menu_icon_8":"","social_menu_link_8":"","social_menu_icon_9":"","social_menu_link_9":""},"6":{"title":"About the Author","page_id":32,"full-square-thumb":false,"page_title":true,"excerpt_count":"20","sub_title":"General Surgeon","social_title":null,"social_desc":null,"social_menu_icon_1":"fab fa-facebook","social_menu_link_1":"#","social_menu_icon_2":"fab fa-twitter","social_menu_link_2":"#","social_menu_icon_3":"fab fa-instagram","social_menu_link_3":"#","social_menu_icon_4":"","social_menu_link_4":"","social_menu_icon_5":"","social_menu_link_5":"","social_menu_icon_6":"","social_menu_link_6":"","social_menu_icon_7":"","social_menu_link_7":"","social_menu_icon_8":"","social_menu_link_8":"","social_menu_icon_9":"","social_menu_link_9":""}},"search":{"3":{"title":"Search"},"_multiwidget":1},"calendar":{"2":{"title":"Calendar"},"3":{"title":"Calendar"},"_multiwidget":1,"5":{"title":"Calender"}},"categories":{"_multiwidget":1,"3":[]},"text":{"1":[],"2":{"title":"About Gutener Medical","text":"Gutener is clean, creative, powerful, flexible, highly customizable and Gutenberg ready WordPress theme. It is fully responsive and is sure to make your website stand out from the crowd.","filter":true,"visual":true},"_multiwidget":1},"gutener_latest_post":{"_multiwidget":1,"3":{"title":"Recent Posts","per_page":"2","show_date_comment":true,"layout":"left"}},"tag_cloud":{"2":{"title":"Tags","count":0,"taxonomy":"post_tag"},"_multiwidget":1}}}