{"menu":{"menu-2":7,"menu-1":6},"options":{"blogname":"Gutener Corporate","blogname-child":"Gutener Corporate","blogdescription":"Just another Gutener Demos site","blogdescription-child":"Just another Gutener Demos site","posts_per_page":"10","posts_per_page-child":"10","date_format":"F j, Y","date_format-child":"F j, Y","time_format":"g:i a","time_format-child":"g:i a","show_on_front":"page","show_on_front-child":"page","thumbnail_size_w":"150","thumbnail_size_w-child":"150","thumbnail_size_h":"150","thumbnail_size_h-child":"150","thumbnail_crop":"1","thumbnail_crop-child":"1","medium_size_w":"300","medium_size_w-child":"300","medium_size_h":"300","medium_size_h-child":"300","avatar_default":"mystery","avatar_default-child":"mystery","large_size_w":"700","large_size_w-child":"700","large_size_h":"700","large_size_h-child":"700","page_for_posts":"26","page_for_posts-child":"26","page_on_front":"39","page_on_front-child":"39","medium_large_size_w":"768","medium_large_size_w-child":"768","medium_large_size_h":"0","medium_large_size_h-child":"0","theme_mods_gutener-pro":{"0":false,"custom_css_post_id":81,"header_image_slider":[],"social_media_links":[{"icon":"fab fa-facebook","link":"#"},{"icon":"fab fa-twitter","link":"#"},{"icon":"fab fa-google","link":"#"},{"icon":"fab fa-pinterest","link":"#"},{"icon":"fab fa-instagram","link":"#"}],"main_banner_buttons":[{"text":"Button Text","link":"#","type":"button-outline"}],"coming_maintenance_buttons":[{"text":"Button Text","link":"#","type":"button-outline"}],"coming_maintenance_image_slider":[],"custom_logo":137,"logo_width":"250","disable_site_title":true,"site_primary_color":"#ebb85e","site_hover_color":"#836430","notification_bar_button_background_color":"#ebb85e","preloader_animation":"animation_five","header_layout":"header_seven","disable_site_tagline":true,"header_image_height":"140","header_button_background_color":"#ebb85e","top_footer_background_color":"#f9f9f9","bottom_footer_background_color":"#f1f1f1","top_header_seven_background_color":"#f9f9f9","top_footer_widget_columns":"four_columns"},"theme_mods_gutener-pro-child":{"0":false,"nav_menu_locations":{"menu-1":6,"menu-2":7},"custom_css_post_id":81,"header_image_slider":[],"social_media_links":[{"icon":"fab fa-facebook","link":"#"},{"icon":"fab fa-twitter","link":"#"},{"icon":"fab fa-google","link":"#"},{"icon":"fab fa-pinterest","link":"#"},{"icon":"fab fa-instagram","link":"#"}],"main_banner_buttons":[{"text":"Button Text","link":"#","type":"button-outline"}],"coming_maintenance_buttons":[{"text":"Button Text","link":"#","type":"button-outline"}],"coming_maintenance_image_slider":[],"custom_logo":137,"logo_width":"250","disable_site_title":true,"site_primary_color":"#ebb85e","site_hover_color":"#836430","notification_bar_button_background_color":"#ebb85e","preloader_animation":"animation_five","header_layout":"header_seven","disable_site_tagline":true,"header_image_height":"140","header_button_background_color":"#ebb85e","top_footer_background_color":"#f9f9f9","bottom_footer_background_color":"#f1f1f1","top_header_seven_background_color":"#f9f9f9","top_footer_widget_columns":"four_columns"},"woocommerce_shop_page_id":"","woocommerce_shop_page_id-child":""}}