{"menu":{"menu-2":20,"menu-1":19},"options":{"blogname":"Gutener Online Courses 1","blogname-child":"Gutener Online Courses 1","blogdescription":"Just another Gutener Demos site","blogdescription-child":"Just another Gutener Demos site","posts_per_page":"10","posts_per_page-child":"10","date_format":"F j, Y","date_format-child":"F j, Y","time_format":"g:i a","time_format-child":"g:i a","show_on_front":"page","show_on_front-child":"page","thumbnail_size_w":"150","thumbnail_size_w-child":"150","thumbnail_size_h":"150","thumbnail_size_h-child":"150","thumbnail_crop":"1","thumbnail_crop-child":"1","medium_size_w":"300","medium_size_w-child":"300","medium_size_h":"300","medium_size_h-child":"300","avatar_default":"mystery","avatar_default-child":"mystery","large_size_w":"700","large_size_w-child":"700","large_size_h":"700","large_size_h-child":"700","page_for_posts":"10","page_for_posts-child":"10","page_on_front":"73","page_on_front-child":"73","medium_large_size_w":"768","medium_large_size_w-child":"768","medium_large_size_h":"0","medium_large_size_h-child":"0","woocommerce_shop_page_id":"4","woocommerce_shop_page_id-child":"4","theme_mods_gutener-pro":{"0":false,"custom_css_post_id":76,"header_layout":"header_three","top_header_text_color":"#dddddd","header_button_background_color":"#1cb7ed","header_button_text":"SIGN UP","header_image_slider":[],"social_media_links":[{"icon":"fab fa-facebook","link":"#"},{"icon":"fab fa-pinterest","link":"#"},{"icon":"fab fa-google","link":"#"},{"icon":"fab fa-twitter","link":"#"},{"icon":"fab fa-instagram","link":"#"}],"main_banner_buttons":[{"text":"Button Text","link":"#","type":"button-outline"}],"coming_maintenance_buttons":[{"text":"Button Text","link":"#","type":"button-outline"}],"coming_maintenance_image_slider":[],"header_image_height":"110","custom_logo":89,"logo_width":"200","disable_site_title":true,"disable_site_tagline":true,"disable_site_tagline_border":true,"header_separate_logo":"https:\/\/demo.keonthemes.com\/gutener\/demo10\/wp-content\/uploads\/sites\/39\/2020\/07\/gutener-online-courses-logo-light.png","site_primary_color":"#1cb7ed","site_hover_color":"#0d82ad","contact_address":"Rock Street, California","bottom_header_text_color":"#ffffff","top_footer_background_color":"#f7f7f7","top_footer_widget_columns":"four_columns","disable_notification_bar":true,"disable_sidebar_page":false},"theme_mods_gutener-pro-child":{"0":false,"nav_menu_locations":{"menu-1":19,"menu-2":20},"custom_css_post_id":76,"header_layout":"header_three","top_header_text_color":"#dddddd","header_button_background_color":"#1cb7ed","header_button_text":"SIGN UP","header_image_slider":[],"social_media_links":[{"icon":"fab fa-facebook","link":"#"},{"icon":"fab fa-pinterest","link":"#"},{"icon":"fab fa-google","link":"#"},{"icon":"fab fa-twitter","link":"#"},{"icon":"fab fa-instagram","link":"#"}],"main_banner_buttons":[{"text":"Button Text","link":"#","type":"button-outline"}],"coming_maintenance_buttons":[{"text":"Button Text","link":"#","type":"button-outline"}],"coming_maintenance_image_slider":[],"header_image_height":"110","custom_logo":89,"logo_width":"200","disable_site_title":true,"disable_site_tagline":true,"disable_site_tagline_border":true,"header_separate_logo":"https:\/\/demo.keonthemes.com\/gutener\/demo10\/wp-content\/uploads\/sites\/39\/2020\/07\/gutener-online-courses-logo-light.png","site_primary_color":"#1cb7ed","site_hover_color":"#0d82ad","contact_address":"Rock Street, California","bottom_header_text_color":"#ffffff","top_footer_background_color":"#f7f7f7","top_footer_widget_columns":"four_columns","disable_notification_bar":true,"disable_sidebar_page":false}}}