{"menu":{"menu-2":20,"menu-1":19},"options":{"blogname":"Gutener Charity NGO","blogname-child":"Gutener Charity NGO","blogdescription":"Help Us Now","blogdescription-child":"Help Us Now","posts_per_page":"10","posts_per_page-child":"10","date_format":"F j, Y","date_format-child":"F j, Y","time_format":"g:i a","time_format-child":"g:i a","show_on_front":"page","show_on_front-child":"page","thumbnail_size_w":"150","thumbnail_size_w-child":"150","thumbnail_size_h":"150","thumbnail_size_h-child":"150","thumbnail_crop":"1","thumbnail_crop-child":"1","medium_size_w":"300","medium_size_w-child":"300","medium_size_h":"300","medium_size_h-child":"300","avatar_default":"mystery","avatar_default-child":"mystery","large_size_w":"700","large_size_w-child":"700","large_size_h":"700","large_size_h-child":"700","page_for_posts":"49","page_for_posts-child":"49","page_on_front":"5","page_on_front-child":"5","medium_large_size_w":"768","medium_large_size_w-child":"768","medium_large_size_h":"0","medium_large_size_h-child":"0","theme_mods_gutener-pro":{"0":false,"sidebars_widgets":{"time":1590911678,"data":{"wp_inactive_widgets":[],"menu-sidebar":["search-2","recent-posts-2","recent-comments-2"],"left-sidebar":["archives-2","categories-2","meta-2"],"right-sidebar":[],"footer-sidebar-1":[],"footer-sidebar-2":[],"footer-sidebar-3":[],"footer-sidebar-4":[]}},"custom_css_post_id":44,"header_image_slider":[],"social_media_links":[{"icon":"fab fa-facebook","link":"#"},{"icon":"fab fa-instagram","link":"#"},{"icon":"fab fa-twitter","link":"#"},{"icon":"fab fa-youtube","link":"#"},{"icon":"fab fa-linkedin","link":"#"}],"main_banner_buttons":[{"text":"Button Text","link":"#","type":"button-outline"}],"coming_maintenance_buttons":[{"text":"Button Text","link":"#","type":"button-outline"}],"coming_maintenance_image_slider":[],"site_primary_color":"#ffd012","site_hover_color":"#ffe055","notification_bar_button_background_color":"#ffd012","notification_bar_button_text_color":"#000000","header_layout":"header_ten","logo_width":"190","header_image_height":"100","disable_site_title":true,"disable_site_tagline":true,"top_header_text_color":"#e3e3e3","header_button_background_color":"#ffd012","header_button_text_color":"#000000","disable_bottom_footer":false,"footer_layout":"footer_nine","disable_footer_menu":true,"top_footer_widget_title_color":"#000000","top_footer_widget_link_color":"#949494","bottom_header_text_color":"#000000","disable_main_slider":true,"main_slider_height":"550","blog_post_category_color":"#ffd012","blog_post_title_color":"#000000","preloader_animation":"animation_four","header_button_text":"Donate Now","custom_logo":140},"theme_mods_gutener-pro-child":{"0":false,"nav_menu_locations":{"menu-1":19,"menu-2":20},"sidebars_widgets":{"time":1590911678,"data":{"wp_inactive_widgets":[],"menu-sidebar":["search-2","recent-posts-2","recent-comments-2"],"left-sidebar":["archives-2","categories-2","meta-2"],"right-sidebar":[],"footer-sidebar-1":[],"footer-sidebar-2":[],"footer-sidebar-3":[],"footer-sidebar-4":[]}},"custom_css_post_id":44,"header_image_slider":[],"social_media_links":[{"icon":"fab fa-facebook","link":"#"},{"icon":"fab fa-instagram","link":"#"},{"icon":"fab fa-twitter","link":"#"},{"icon":"fab fa-youtube","link":"#"},{"icon":"fab fa-linkedin","link":"#"}],"main_banner_buttons":[{"text":"Button Text","link":"#","type":"button-outline"}],"coming_maintenance_buttons":[{"text":"Button Text","link":"#","type":"button-outline"}],"coming_maintenance_image_slider":[],"site_primary_color":"#ffd012","site_hover_color":"#ffe055","notification_bar_button_background_color":"#ffd012","notification_bar_button_text_color":"#000000","header_layout":"header_ten","logo_width":"190","header_image_height":"100","disable_site_title":true,"disable_site_tagline":true,"top_header_text_color":"#e3e3e3","header_button_background_color":"#ffd012","header_button_text_color":"#000000","disable_bottom_footer":false,"footer_layout":"footer_nine","disable_footer_menu":true,"top_footer_widget_title_color":"#000000","top_footer_widget_link_color":"#949494","bottom_header_text_color":"#000000","disable_main_slider":true,"main_slider_height":"550","blog_post_category_color":"#ffd012","blog_post_title_color":"#000000","preloader_animation":"animation_four","header_button_text":"Donate Now","custom_logo":140},"woocommerce_shop_page_id":"","woocommerce_shop_page_id-child":""}}