{"menu":{"menu-2":17,"menu-1":16},"options":{"blogname":"Gutener Music","blogname-child":"Gutener Music","blogdescription":"Music &amp; Entertainment","blogdescription-child":"Music &amp; Entertainment","posts_per_page":"10","posts_per_page-child":"10","date_format":"F j, Y","date_format-child":"F j, Y","time_format":"g:i a","time_format-child":"g:i a","show_on_front":"page","show_on_front-child":"page","thumbnail_size_w":"150","thumbnail_size_w-child":"150","thumbnail_size_h":"150","thumbnail_size_h-child":"150","thumbnail_crop":"1","thumbnail_crop-child":"1","medium_size_w":"300","medium_size_w-child":"300","medium_size_h":"300","medium_size_h-child":"300","avatar_default":"mystery","avatar_default-child":"mystery","large_size_w":"700","large_size_w-child":"700","large_size_h":"700","large_size_h-child":"700","page_for_posts":"16","page_for_posts-child":"16","page_on_front":"10","page_on_front-child":"10","medium_large_size_w":"768","medium_large_size_w-child":"768","medium_large_size_h":"0","medium_large_size_h-child":"0","woocommerce_shop_page_id":"","woocommerce_shop_page_id-child":"","theme_mods_gutener-pro":{"0":false,"custom_css_post_id":79,"header_image_slider":[],"social_media_links":[{"icon":"fab fa-facebook","link":"#"},{"icon":"fab fa-twitter","link":"#"},{"icon":"fab fa-youtube","link":"#"},{"icon":"fab fa-instagram","link":"#"},{"icon":"fab fa-linkedin","link":"#"}],"main_banner_buttons":[{"text":"Button Text","link":"#","type":"button-outline"}],"coming_maintenance_buttons":[{"text":"Button Text","link":"#","type":"button-outline"}],"coming_maintenance_image_slider":[],"site_hover_color":"#9400ff","site_primary_color":"#c36dff","notification_bar_button_background_color":"#c36dff","header_layout":"header_eight","bottom_header_text_color":"#212121","header_button_background_color":"#c36dff","header_image_height":"125","logo_width":"230","site_title_font_control":{"font-family":"Raleway","font-size":"62px","text-transform":"none","font-backup":"","variant":"regular","font-weight":400,"font-style":"normal"},"main_menu_font_control":{"font-family":"Raleway","font-size":"15px","text-transform":"none","variant":"600","line-height":"1.5","font-backup":"","font-weight":600,"font-style":"normal"},"disable_site_title":true,"disable_site_tagline":true,"disable_main_slider":true,"blog_post_category_color":"#c36dff","footer_layout":"footer_nine","custom_logo":147},"theme_mods_gutener-pro-child":{"0":false,"nav_menu_locations":{"menu-1":16,"menu-2":17},"custom_css_post_id":79,"header_image_slider":[],"social_media_links":[{"icon":"fab fa-facebook","link":"#"},{"icon":"fab fa-twitter","link":"#"},{"icon":"fab fa-youtube","link":"#"},{"icon":"fab fa-instagram","link":"#"},{"icon":"fab fa-linkedin","link":"#"}],"main_banner_buttons":[{"text":"Button Text","link":"#","type":"button-outline"}],"coming_maintenance_buttons":[{"text":"Button Text","link":"#","type":"button-outline"}],"coming_maintenance_image_slider":[],"site_hover_color":"#9400ff","site_primary_color":"#c36dff","notification_bar_button_background_color":"#c36dff","header_layout":"header_eight","bottom_header_text_color":"#212121","header_button_background_color":"#c36dff","header_image_height":"125","logo_width":"230","site_title_font_control":{"font-family":"Raleway","font-size":"62px","text-transform":"none","font-backup":"","variant":"regular","font-weight":400,"font-style":"normal"},"main_menu_font_control":{"font-family":"Raleway","font-size":"15px","text-transform":"none","variant":"600","line-height":"1.5","font-backup":"","font-weight":600,"font-style":"normal"},"disable_site_title":true,"disable_site_tagline":true,"disable_main_slider":true,"blog_post_category_color":"#c36dff","footer_layout":"footer_nine","custom_logo":147}}}