{"menu":{"menu-2":9,"menu-1":8,"menu-3":10},"options":{"blogname":"Bosa Lifestyle Blog","blogname-child":"Bosa Lifestyle Blog","blogdescription":"Bosa is the perfect theme for your Business","blogdescription-child":"Bosa is the perfect theme for your Business","posts_per_page":"10","posts_per_page-child":"10","date_format":"F j, Y","date_format-child":"F j, Y","time_format":"g:i a","time_format-child":"g:i a","show_on_front":"posts","show_on_front-child":"posts","thumbnail_size_w":"150","thumbnail_size_w-child":"150","thumbnail_size_h":"150","thumbnail_size_h-child":"150","thumbnail_crop":"1","thumbnail_crop-child":"1","medium_size_w":"300","medium_size_w-child":"300","medium_size_h":"300","medium_size_h-child":"300","avatar_default":"mystery","avatar_default-child":"mystery","large_size_w":"1024","large_size_w-child":"1024","large_size_h":"1024","large_size_h-child":"1024","page_for_posts":"0","page_for_posts-child":"0","page_on_front":"0","page_on_front-child":"0","medium_large_size_w":"768","medium_large_size_w-child":"768","medium_large_size_h":"0","medium_large_size_h-child":"0","theme_mods_bosa":{"0":false,"custom_css_post_id":118,"header_layout":"header_three","header_image_slider":[{"slider_item":""}],"social_media_links":[{"icon":"fab fa-facebook","link":"#","target":true},{"icon":"fab fa-twitter","link":"#","target":true},{"icon":"fab fa-instagram","link":"#","target":true},{"icon":"fab fa-google","link":"#","target":true},{"icon":"fab fa-youtube","link":"#","target":true},{"icon":"fab fa-linkedin","link":"#","target":true}],"main_banner_buttons":[{"text":"","link":"","type":"button-outline"}],"logo_width":"210","header_image_height":"130","footer_text":"Copyright \u00a9 2020<a href=\"https:\/\/demo.bosathemes.com\/bosa\/blog-01\" title=\"Bosa Lifestyle Blog\"> Bosa Lifestyle Blog<\/a> .  ","disable_scroll_top":false,"feature_posts_section_title":"Featured Posts","highlight_posts_section_title":"You May Also Like","disable_feature_posts_section":false,"disable_feature_posts_section_title":false,"highlight_posts_posts_number":"5","highlight_posts_height":"250","header_nav_height":"60","contact_phone":"+ 1987 123456","contact_email":"yourmail@email.com","contact_address":"Rock Street, San Francisco, California","footer_layout":"footer_three","custom_logo":122,"disable_site_title":true,"disable_site_tagline":true,"disable_slider_autoplay":true,"disable_sticky_sidebar":false,"disable_feature_posts_autoplay":false,"blog_page_title_font_control":{"font-family":"IBM Plex Serif","font-size":"22px","text-transform":"capitalize","font-backup":"","variant":"600","font-weight":600,"font-style":"normal"},"highlight_posts_category":"6","feature_posts_height":"250","disable_latest_posts_section_title":false,"latest_posts_section_title":"From Our Blog","latest_posts_section_title_desc_alignment":"left","disable_highlight_posts_section_title":false,"section_title_font_control":{"font-family":"IBM Plex Serif","variant":"700","font-size":"34px","text-transform":"capitalize","font-backup":"","font-weight":700,"font-style":"normal"},"main_slider_height":"700","slider_category":"6","general_title_font_control":{"font-family":"IBM Plex Serif","text-transform":"capitalize","font-backup":"","variant":"700","font-weight":700,"font-style":"normal"},"page_title_font_control":{"font-family":"IBM Plex Serif","variant":"700","font-size":"38px","text-transform":"capitalize","font-backup":"","font-weight":700,"font-style":"normal"},"body_font_control":{"font-family":"Poppins","variant":"regular","font-size":"15px","font-backup":"","font-weight":400,"font-style":"normal"},"hide_slider_button":false,"slider_button_text":"READ MORE","main_slider_button_border_radius":"0","slider_image_overlay_opacity":"4","main_slider_content_alignment":"center","feature_posts_category":"3","single_post_author_title":"About the author","related_posts_title":"related post","top_footer_background_color":"#f8f5f1","bottom_footer_background_color":"#ffffff","top_header_background_color":"#f8f5f1","bottom_header_background_color":"#ffffff","footer_image":"","header_image_size":"cover","mid_header_background_color":"rgba(255,255,255,0.6)","slider_width_controls":"full","header_button_repeater":[{"header_btn_type":"button-outline","header_btn_bg_color":"#eb5a3e","header_btn_border_color":"#1a1a1a","header_btn_text_color":"#1a1a1a","header_btn_hover_color":"#086abd","header_btn_text":"","header_btn_link":"","header_btn_target":true,"header_btn_radius":0}],"transparent_header_button_repeater":[{"transparent_header_btn_type":"button-outline","transparent_header_home_btn_bg_color":"#eb5a3e","transparent_header_home_btn_border_color":"#ffffff","transparent_header_home_btn_text_color":"#ffffff","transparent_header_btn_bg_color":"#eb5a3e","transparent_header_btn_border_color":"#1a1a1a","transparent_header_btn_text_color":"#1a1a1a","transparent_header_btn_hover_color":"#086abd","transparent_header_btn_text":"","transparent_header_btn_link":"","transparent_header_btn_target":true,"transparent_header_btn_radius":0}],"main_slider_button_repeater":[{"slider_btn_type":"button-outline","slider_btn_bg_color":"#f9a032","slider_btn_border_color":"#ffffff","slider_btn_text_color":"#ffffff","slider_btn_hover_color":"#c57615","slider_btn_text":"read more","slider_btn_radius":"30"}],"main_banner_buttons_repeater":[{"banner_btn_type":"button-outline","banner_btn_bg_color":"#eb5a3e","banner_btn_border_color":"#ffffff","banner_btn_text_color":"#ffffff","banner_btn_hover_color":"#086abd","banner_btn_text":"","banner_btn_link":"","banner_btn_target":true,"banner_btn_radius":0}],"blog_page_button_repeater":[{"blog_btn_type":"button-outline","blog_btn_bg_color":"#f9a032","blog_btn_border_color":"#383838","blog_btn_text_color":"#383838","blog_btn_hover_color":"#c57615","blog_btn_text":"learn more","blog_btn_radius":"20"}],"footer_widget_area_top_padding":"50","disable_mobile_search_icon":true,"sidebar_widget_title_font_control":{"font-family":"IBM Plex Serif","variant":"700","font-size":"16px","text-transform":"uppercase","line-height":"1.4","font-backup":"","font-weight":700,"font-style":"normal"},"main_menu_font_control":{"font-family":"IBM Plex Serif","font-size":"15px","text-transform":"capitalize","variant":"600","line-height":"1.5","font-backup":"","font-weight":600,"font-style":"normal"},"site_hover_color":"#c57615","separate_hover_color_for_main_slider":"#c57615","main_slider_cat_font_control":{"font-family":"Poppins","variant":"regular","font-size":"15px","text-transform":"uppercase","line-height":"1.6","font-backup":"","font-weight":400,"font-style":"normal"},"main_slider_title_font_control":{"font-family":"IBM Plex Serif","variant":"700","font-size":"55px","text-transform":"uppercase","line-height":"1.4","font-backup":"","font-weight":700,"font-style":"normal"},"site_primary_color":"#f9a032","main_slider_excerpt_font_control":{"font-family":"Poppins","variant":"regular","font-size":"16px","text-transform":"initial","line-height":"1.8","font-backup":"","font-weight":400,"font-style":"normal"},"main_slider_button_font_control":{"font-family":"Poppins","variant":"regular","font-size":"15px","text-transform":"uppercase","line-height":"1.5","font-backup":"","font-weight":400,"font-style":"normal"},"feature_posts_font_control":{"font-family":"IBM Plex Serif","variant":"600","font-size":"17px","text-transform":"uppercase","line-height":"1.4","font-backup":"","font-weight":600,"font-style":"normal"},"highlight_posts_title_font_control":{"font-family":"IBM Plex Serif","variant":"600","font-size":"19px","text-transform":"none","line-height":"1.4","font-backup":"","font-weight":600,"font-style":"normal"},"blog_post_category_color":"#f9a032","blog_post_title_font_control":{"font-family":"IBM Plex Serif","variant":"600","font-size":"21px","text-transform":"none","line-height":"1.4","font-backup":"","font-weight":600,"font-style":"normal"},"blog_post_excerpt_font_control":{"font-family":"Poppins","variant":"regular","font-size":"15px","text-transform":"initial","line-height":"1.8","font-backup":"","font-weight":400,"font-style":"normal"},"footer_widget_title_font_control":{"font-family":"IBM Plex Serif","variant":"600","font-size":"16px","text-transform":"uppercase","line-height":"1.4","font-backup":"","font-weight":600,"font-style":"normal"},"top_footer_widget_link_color":"#303030","top_footer_widget_content_color":"#4f4f4f","top_footer_widget_link_hover_color":"#c57615","bottom_footer_text_link_hover_color":"#c57615","footer_style_font_control":{"font-family":"IBM Plex Serif","variant":"600","font-size":"14px","text-transform":"none","line-height":"1.6","font-backup":"","font-weight":600,"font-style":"normal"},"hide_post_button":true,"blog_post_button_font_control":{"font-family":"Open Sans","variant":"600","font-size":"14px","text-transform":"uppercase","line-height":"1.6","font-backup":"","font-weight":600,"font-style":"normal"},"preloader_animation":"animation_four","preloader_custom_image_width":"40","feature_posts_section_title_font_control":{"font-family":"IBM Plex Serif","variant":"600","font-size":"26px","text-transform":"uppercase","line-height":"1.2","font-backup":"","font-weight":600,"font-style":"normal"},"feature_posts_text_alignment":"text-center","feature_posts_title_alignment":"align-center","hide_featured_posts_category":true,"hide_featured_posts_date":true,"hide_featured_posts_author":true,"hide_featured_posts_comment":true,"featured_post_hover_color":"#e4b780","latest_posts_section_title_font_control":{"font-family":"IBM Plex Serif","variant":"600","font-size":"26px","text-transform":"uppercase","line-height":"1.2","font-backup":"","font-weight":600,"font-style":"normal"},"highlight_posts_section_title_font_control":{"font-family":"IBM Plex Serif","variant":"600","font-size":"26px","text-transform":"uppercase","line-height":"1.2","font-backup":"","font-weight":600,"font-style":"normal"},"highlight_post_category_bgcolor":"#f9a032","highlight_post_hover_color":"#c57615","highlight_posts_cat_font_control":{"font-family":"Poppins","variant":"regular","font-size":"12px","text-transform":"uppercase","line-height":"1","font-backup":"","font-weight":400,"font-style":"normal"}},"theme_mods_bosa-child":{"0":false,"nav_menu_locations":{"menu-1":8,"menu-2":9,"menu-3":10},"custom_css_post_id":118,"header_layout":"header_three","header_image_slider":[{"slider_item":""}],"social_media_links":[{"icon":"fab fa-facebook","link":"#","target":true},{"icon":"fab fa-twitter","link":"#","target":true},{"icon":"fab fa-instagram","link":"#","target":true},{"icon":"fab fa-google","link":"#","target":true},{"icon":"fab fa-youtube","link":"#","target":true},{"icon":"fab fa-linkedin","link":"#","target":true}],"main_banner_buttons":[{"text":"","link":"","type":"button-outline"}],"logo_width":"210","header_image_height":"130","footer_text":"Copyright \u00a9 2020<a href=\"https:\/\/demo.bosathemes.com\/bosa\/blog-01\" title=\"Bosa Lifestyle Blog\"> Bosa Lifestyle Blog<\/a> .  ","disable_scroll_top":false,"feature_posts_section_title":"Featured Posts","highlight_posts_section_title":"You May Also Like","disable_feature_posts_section":false,"disable_feature_posts_section_title":false,"highlight_posts_posts_number":"5","highlight_posts_height":"250","header_nav_height":"60","contact_phone":"+ 1987 123456","contact_email":"yourmail@email.com","contact_address":"Rock Street, San Francisco, California","footer_layout":"footer_three","custom_logo":122,"disable_site_title":true,"disable_site_tagline":true,"disable_slider_autoplay":true,"disable_sticky_sidebar":false,"disable_feature_posts_autoplay":false,"blog_page_title_font_control":{"font-family":"IBM Plex Serif","font-size":"22px","text-transform":"capitalize","font-backup":"","variant":"600","font-weight":600,"font-style":"normal"},"highlight_posts_category":"6","feature_posts_height":"250","disable_latest_posts_section_title":false,"latest_posts_section_title":"From Our Blog","latest_posts_section_title_desc_alignment":"left","disable_highlight_posts_section_title":false,"section_title_font_control":{"font-family":"IBM Plex Serif","variant":"700","font-size":"34px","text-transform":"capitalize","font-backup":"","font-weight":700,"font-style":"normal"},"main_slider_height":"700","slider_category":"6","general_title_font_control":{"font-family":"IBM Plex Serif","text-transform":"capitalize","font-backup":"","variant":"700","font-weight":700,"font-style":"normal"},"page_title_font_control":{"font-family":"IBM Plex Serif","variant":"700","font-size":"38px","text-transform":"capitalize","font-backup":"","font-weight":700,"font-style":"normal"},"body_font_control":{"font-family":"Poppins","variant":"regular","font-size":"15px","font-backup":"","font-weight":400,"font-style":"normal"},"hide_slider_button":false,"slider_button_text":"READ MORE","main_slider_button_border_radius":"0","slider_image_overlay_opacity":"4","main_slider_content_alignment":"center","feature_posts_category":"3","single_post_author_title":"About the author","related_posts_title":"related post","top_footer_background_color":"#f8f5f1","bottom_footer_background_color":"#ffffff","top_header_background_color":"#f8f5f1","bottom_header_background_color":"#ffffff","footer_image":"","header_image_size":"cover","mid_header_background_color":"rgba(255,255,255,0.6)","slider_width_controls":"full","header_button_repeater":[{"header_btn_type":"button-outline","header_btn_bg_color":"#eb5a3e","header_btn_border_color":"#1a1a1a","header_btn_text_color":"#1a1a1a","header_btn_hover_color":"#086abd","header_btn_text":"","header_btn_link":"","header_btn_target":true,"header_btn_radius":0}],"transparent_header_button_repeater":[{"transparent_header_btn_type":"button-outline","transparent_header_home_btn_bg_color":"#eb5a3e","transparent_header_home_btn_border_color":"#ffffff","transparent_header_home_btn_text_color":"#ffffff","transparent_header_btn_bg_color":"#eb5a3e","transparent_header_btn_border_color":"#1a1a1a","transparent_header_btn_text_color":"#1a1a1a","transparent_header_btn_hover_color":"#086abd","transparent_header_btn_text":"","transparent_header_btn_link":"","transparent_header_btn_target":true,"transparent_header_btn_radius":0}],"main_slider_button_repeater":[{"slider_btn_type":"button-outline","slider_btn_bg_color":"#f9a032","slider_btn_border_color":"#ffffff","slider_btn_text_color":"#ffffff","slider_btn_hover_color":"#c57615","slider_btn_text":"read more","slider_btn_radius":"30"}],"main_banner_buttons_repeater":[{"banner_btn_type":"button-outline","banner_btn_bg_color":"#eb5a3e","banner_btn_border_color":"#ffffff","banner_btn_text_color":"#ffffff","banner_btn_hover_color":"#086abd","banner_btn_text":"","banner_btn_link":"","banner_btn_target":true,"banner_btn_radius":0}],"blog_page_button_repeater":[{"blog_btn_type":"button-outline","blog_btn_bg_color":"#f9a032","blog_btn_border_color":"#383838","blog_btn_text_color":"#383838","blog_btn_hover_color":"#c57615","blog_btn_text":"learn more","blog_btn_radius":"20"}],"footer_widget_area_top_padding":"50","disable_mobile_search_icon":true,"sidebar_widget_title_font_control":{"font-family":"IBM Plex Serif","variant":"700","font-size":"16px","text-transform":"uppercase","line-height":"1.4","font-backup":"","font-weight":700,"font-style":"normal"},"main_menu_font_control":{"font-family":"IBM Plex Serif","font-size":"15px","text-transform":"capitalize","variant":"600","line-height":"1.5","font-backup":"","font-weight":600,"font-style":"normal"},"site_hover_color":"#c57615","separate_hover_color_for_main_slider":"#c57615","main_slider_cat_font_control":{"font-family":"Poppins","variant":"regular","font-size":"15px","text-transform":"uppercase","line-height":"1.6","font-backup":"","font-weight":400,"font-style":"normal"},"main_slider_title_font_control":{"font-family":"IBM Plex Serif","variant":"700","font-size":"55px","text-transform":"uppercase","line-height":"1.4","font-backup":"","font-weight":700,"font-style":"normal"},"site_primary_color":"#f9a032","main_slider_excerpt_font_control":{"font-family":"Poppins","variant":"regular","font-size":"16px","text-transform":"initial","line-height":"1.8","font-backup":"","font-weight":400,"font-style":"normal"},"main_slider_button_font_control":{"font-family":"Poppins","variant":"regular","font-size":"15px","text-transform":"uppercase","line-height":"1.5","font-backup":"","font-weight":400,"font-style":"normal"},"feature_posts_font_control":{"font-family":"IBM Plex Serif","variant":"600","font-size":"17px","text-transform":"uppercase","line-height":"1.4","font-backup":"","font-weight":600,"font-style":"normal"},"highlight_posts_title_font_control":{"font-family":"IBM Plex Serif","variant":"600","font-size":"19px","text-transform":"none","line-height":"1.4","font-backup":"","font-weight":600,"font-style":"normal"},"blog_post_category_color":"#f9a032","blog_post_title_font_control":{"font-family":"IBM Plex Serif","variant":"600","font-size":"21px","text-transform":"none","line-height":"1.4","font-backup":"","font-weight":600,"font-style":"normal"},"blog_post_excerpt_font_control":{"font-family":"Poppins","variant":"regular","font-size":"15px","text-transform":"initial","line-height":"1.8","font-backup":"","font-weight":400,"font-style":"normal"},"footer_widget_title_font_control":{"font-family":"IBM Plex Serif","variant":"600","font-size":"16px","text-transform":"uppercase","line-height":"1.4","font-backup":"","font-weight":600,"font-style":"normal"},"top_footer_widget_link_color":"#303030","top_footer_widget_content_color":"#4f4f4f","top_footer_widget_link_hover_color":"#c57615","bottom_footer_text_link_hover_color":"#c57615","footer_style_font_control":{"font-family":"IBM Plex Serif","variant":"600","font-size":"14px","text-transform":"none","line-height":"1.6","font-backup":"","font-weight":600,"font-style":"normal"},"hide_post_button":true,"blog_post_button_font_control":{"font-family":"Open Sans","variant":"600","font-size":"14px","text-transform":"uppercase","line-height":"1.6","font-backup":"","font-weight":600,"font-style":"normal"},"preloader_animation":"animation_four","preloader_custom_image_width":"40","feature_posts_section_title_font_control":{"font-family":"IBM Plex Serif","variant":"600","font-size":"26px","text-transform":"uppercase","line-height":"1.2","font-backup":"","font-weight":600,"font-style":"normal"},"feature_posts_text_alignment":"text-center","feature_posts_title_alignment":"align-center","hide_featured_posts_category":true,"hide_featured_posts_date":true,"hide_featured_posts_author":true,"hide_featured_posts_comment":true,"featured_post_hover_color":"#e4b780","latest_posts_section_title_font_control":{"font-family":"IBM Plex Serif","variant":"600","font-size":"26px","text-transform":"uppercase","line-height":"1.2","font-backup":"","font-weight":600,"font-style":"normal"},"highlight_posts_section_title_font_control":{"font-family":"IBM Plex Serif","variant":"600","font-size":"26px","text-transform":"uppercase","line-height":"1.2","font-backup":"","font-weight":600,"font-style":"normal"},"highlight_post_category_bgcolor":"#f9a032","highlight_post_hover_color":"#c57615","highlight_posts_cat_font_control":{"font-family":"Poppins","variant":"regular","font-size":"12px","text-transform":"uppercase","line-height":"1","font-backup":"","font-weight":400,"font-style":"normal"}},"woocommerce_shop_page_id":"318","woocommerce_shop_page_id-child":"318"}}