{"widget_positions":{"wp_inactive_widgets":["calendar-2","recent-posts-2","bosa_latest_post-6"],"right-sidebar":["bosa_author_widget-3","bosa_latest_post-2","media_image-2","a2a_follow_widget-3"],"menu-sidebar":["search-2","bosa_author_widget-2","bosa_latest_post-7","a2a_follow_widget-2"],"left-sidebar":["bosa_author_widget-4","bosa_latest_post-4","calendar-3","a2a_follow_widget-4"],"woocommerce-right-sidebar":["woocommerce_product_search-2","woocommerce_price_filter-2","woocommerce_products-2","media_gallery-3"],"woocommerce-left-sidebar":[],"footer-sidebar-1":["text-2"],"footer-sidebar-2":["categories-4"],"footer-sidebar-3":["bosa_latest_post-3"],"footer-sidebar-4":["media_gallery-2"],"array_version":3},"widget_options":{"calendar":{"2":{"title":"Calendar"},"3":{"title":"Calendar"},"_multiwidget":1},"recent-posts":{"2":{"title":"Recent Posts","number":5,"show_date":true},"_multiwidget":1},"bosa_latest_post":{"2":{"title":"Latest Posts","per_page":"2","show_date_comment":true,"layout":"full"},"3":{"title":"Latest Posts","per_page":"2","show_date_comment":true,"layout":"left"},"4":{"title":"Latest Posts","per_page":"5","show_date_comment":true,"layout":"left"},"6":{"title":"","per_page":"2","show_date_comment":true,"layout":"full"},"7":{"title":"Recent Posts","per_page":"2","show_date_comment":true,"layout":"full"},"_multiwidget":1},"bosa_author_widget":{"2":{"title":"About the Author","page_id":50,"full-square-thumb":false,"page_title":true,"excerpt_count":"20","sub_title":"Lifestyle Blogger","social_title":null,"social_desc":null,"social_menu_icon_1":"","social_menu_link_1":"","social_menu_icon_2":"","social_menu_link_2":"","social_menu_icon_3":"","social_menu_link_3":"","social_menu_icon_4":"","social_menu_link_4":"","social_menu_icon_5":"","social_menu_link_5":"","social_menu_icon_6":"","social_menu_link_6":"","social_menu_icon_7":"","social_menu_link_7":"","social_menu_icon_8":"","social_menu_link_8":"","social_menu_icon_9":"","social_menu_link_9":""},"3":{"title":"About the Author","page_id":50,"full-square-thumb":false,"page_title":true,"excerpt_count":"20","sub_title":"Lifestyle Blogger","social_title":null,"social_desc":null,"social_menu_icon_1":"","social_menu_link_1":"","social_menu_icon_2":"","social_menu_link_2":"","social_menu_icon_3":"","social_menu_link_3":"","social_menu_icon_4":"","social_menu_link_4":"","social_menu_icon_5":"","social_menu_link_5":"","social_menu_icon_6":"","social_menu_link_6":"","social_menu_icon_7":"","social_menu_link_7":"","social_menu_icon_8":"","social_menu_link_8":"","social_menu_icon_9":"","social_menu_link_9":""},"4":{"title":"About the Author","page_id":50,"full-square-thumb":false,"page_title":true,"excerpt_count":"20","sub_title":"Lifestyle Blogger","social_title":null,"social_desc":null,"social_menu_icon_1":"fab fa-facebook","social_menu_link_1":"#","social_menu_icon_2":"fab fa-twitter","social_menu_link_2":"#","social_menu_icon_3":"fab fa-instagram","social_menu_link_3":"#","social_menu_icon_4":"","social_menu_link_4":"","social_menu_icon_5":"","social_menu_link_5":"","social_menu_icon_6":"","social_menu_link_6":"","social_menu_icon_7":"","social_menu_link_7":"","social_menu_icon_8":"","social_menu_link_8":"","social_menu_icon_9":"","social_menu_link_9":""},"_multiwidget":1},"media_image":{"2":{"size":"full","width":350,"height":500,"caption":"","alt":"","link_type":"custom","link_url":"#","image_classes":"","link_classes":"","link_rel":"","link_target_blank":false,"image_title":"Advertisement","attachment_id":276,"url":"https:\/\/demo.bosathemes.com\/bosa\/blog-01\/wp-content\/uploads\/sites\/5\/2020\/12\/advertise.png","title":"Advertisement"},"_multiwidget":1},"a2a_follow_widget":{"2":{"title":"Follow Us:","icon_size":"20","facebook_id":"https:\/\/www.facebook.com\/ID","twitter_id":"https:\/\/twitter.com\/ID","instagram_id":"https:\/\/www.instagram.com\/ID","pinterest_id":"https:\/\/www.pinterest.com\/ID","behance_id":"","flickr_id":"","foursquare_id":"","github_id":"#","linkedin_id":"https:\/\/www.linkedin.com\/in\/ID","linkedin_company_id":"","medium_id":"","snapchat_id":"","tumblr_id":"","vimeo_id":"","youtube_id":"https:\/\/www.youtube.com\/user\/ID","youtube_channel_id":"","feed_id":""},"3":{"title":"Follow Us:","icon_size":"20","facebook_id":"https:\/\/www.facebook.com\/ID","twitter_id":"https:\/\/twitter.com\/ID","instagram_id":"https:\/\/www.instagram.com\/ID","pinterest_id":"https:\/\/www.pinterest.com\/ID","behance_id":"","flickr_id":"","foursquare_id":"","github_id":"https:\/\/github.com\/ID","linkedin_id":"#","linkedin_company_id":"","medium_id":"","snapchat_id":"","tumblr_id":"","vimeo_id":"","youtube_id":"https:\/\/www.youtube.com\/user\/ID","youtube_channel_id":"","feed_id":""},"4":{"title":"Follow Us:","icon_size":"20","facebook_id":"keonthemes","twitter_id":"Keonthemes","instagram_id":"keonthems","pinterest_id":"keonthemes","behance_id":"","flickr_id":"","foursquare_id":"","github_id":"#","linkedin_id":"#","linkedin_company_id":"","medium_id":"","snapchat_id":"","tumblr_id":"","vimeo_id":"","youtube_id":"Keonthemes","youtube_channel_id":"","feed_id":""},"_multiwidget":1},"search":{"2":{"title":"Search"},"_multiwidget":1},"woocommerce_product_search":{"2":{"title":"Product Search"},"_multiwidget":1},"woocommerce_price_filter":{"2":{"title":"Filter by price"},"_multiwidget":1},"woocommerce_products":{"2":{"title":"Products","number":5,"show":"","orderby":"date","order":"desc","hide_free":0,"show_hidden":0},"_multiwidget":1},"media_gallery":{"2":{"title":"Gallery","ids":[200,207,239,233,220,240],"columns":3,"size":"thumbnail","link_type":"post","orderby_random":false},"3":{"title":"Gallery","ids":[335,334,326,325,324,323],"columns":3,"size":"thumbnail","link_type":"post","orderby_random":false},"_multiwidget":1},"text":{"1":[],"2":{"title":"Bosa Lifestyle Blog","text":"Bosa is clean, creative, powerful, flexible, highly customizable and Gutenberg ready WordPress theme. It is fully responsive and is sure to make your website stand out from the crowd.","filter":true,"visual":true},"_multiwidget":1},"categories":{"4":{"title":"Categories","count":1,"hierarchical":0,"dropdown":0},"_multiwidget":1}}}