{"menu":{"menu-2":20,"menu-1":19},"options":{"blogname":"Bosa Consulting","blogname-child":"Bosa Consulting","blogdescription":"Bosa is the perfect theme for your Business","blogdescription-child":"Bosa is the perfect theme for your Business","posts_per_page":"10","posts_per_page-child":"10","date_format":"F j, Y","date_format-child":"F j, Y","time_format":"g:i a","time_format-child":"g:i a","show_on_front":"page","show_on_front-child":"page","thumbnail_size_w":"150","thumbnail_size_w-child":"150","thumbnail_size_h":"150","thumbnail_size_h-child":"150","thumbnail_crop":"1","thumbnail_crop-child":"1","medium_size_w":"300","medium_size_w-child":"300","medium_size_h":"300","medium_size_h-child":"300","avatar_default":"mystery","avatar_default-child":"mystery","large_size_w":"1024","large_size_w-child":"1024","large_size_h":"1024","large_size_h-child":"1024","page_for_posts":"39","page_for_posts-child":"39","page_on_front":"41","page_on_front-child":"41","medium_large_size_w":"768","medium_large_size_w-child":"768","medium_large_size_h":"0","medium_large_size_h-child":"0","theme_mods_bosa-consulting":{"0":false,"nav_menu_locations":{"menu-2":20,"menu-1":19},"advanced_import_setup_complete":1617603955,"custom_css_post_id":12,"header_button_repeater":[{"header_btn_type":"button-primary","header_btn_bg_color":"#3d72fc","header_btn_border_color":"#1a1a1a","header_btn_text_color":"#ffffff","header_btn_hover_color":"#1e4683","header_btn_text":"Get a quote","header_btn_link":"#","header_btn_target":true,"header_btn_radius":"5"}],"transparent_header_button_repeater":[{"transparent_header_btn_type":"button-outline","transparent_header_home_btn_bg_color":"#eb5a3e","transparent_header_home_btn_border_color":"#ffffff","transparent_header_home_btn_text_color":"#ffffff","transparent_header_btn_bg_color":"#eb5a3e","transparent_header_btn_border_color":"#1a1a1a","transparent_header_btn_text_color":"#1a1a1a","transparent_header_btn_hover_color":"#086abd","transparent_header_btn_text":"","transparent_header_btn_link":"","transparent_header_btn_target":true,"transparent_header_btn_radius":0}],"header_image_slider":[{"slider_item":""}],"social_media_links":[{"icon":"fab fa-facebook","link":"#","target":true},{"icon":"fab fa-twitter","link":"#","target":true},{"icon":"fab fa-google","link":"#","target":true},{"icon":"fab fa-instagram","link":"#","target":true},{"icon":"fab fa-pinterest","link":"#","target":true}],"main_slider_button_repeater":[{"slider_btn_type":"button-outline","slider_btn_bg_color":"#eb5a3e","slider_btn_border_color":"#ffffff","slider_btn_text_color":"#ffffff","slider_btn_hover_color":"#a8d8ff","slider_btn_text":"","slider_btn_radius":0}],"main_banner_buttons_repeater":[{"banner_btn_type":"button-outline","banner_btn_bg_color":"#eb5a3e","banner_btn_border_color":"#ffffff","banner_btn_text_color":"#ffffff","banner_btn_hover_color":"#086abd","banner_btn_text":"","banner_btn_link":"","banner_btn_target":true,"banner_btn_radius":0}],"blog_page_button_repeater":[{"blog_btn_type":"button-text","blog_btn_bg_color":"#eb5a3e","blog_btn_border_color":"#1a1a1a","blog_btn_text_color":"#1a1a1a","blog_btn_hover_color":"#086abd","blog_btn_text":"","blog_btn_radius":0}],"top_header_text_link_hover_color":"#1e4683","bottom_header_text_link_hover_color":"#1e4683","sub_menu_link_hover_color":"#1e4683","contact_phone":"+ (911) 1987 123456","contact_email":"yourmail@email.com","contact_address":"Rock Street, San Francisco","top_header_background_color":"#f3f4f8","disable_top_header_border":true,"header_buttons_font_control":{"font-family":"Open Sans","variant":"600","font-size":"14px","text-transform":"uppercase","line-height":"1.5","font-backup":"","font-weight":600,"font-style":"normal"},"logo_width":"170","custom_logo":66,"disable_site_title":true,"disable_site_tagline":true,"header_textcolor":"#383838","site_body_text_color":"#383838","site_heading_text_color":"#1a1a1a","site_primary_color":"#3d72fc","site_hover_color":"#1e4683","social_icons_size":"18","featured_post_category_bgcolor":"#3d72fc","featured_post_hover_color":"#82b1f7","feature_posts_posts_number":"4","feature_posts_height":"350","feature_posts_font_control":{"font-family":"Montserrat","variant":"600","font-size":"16px","text-transform":"uppercase","line-height":"1.4","font-backup":"","font-weight":600,"font-style":"normal"},"featured_posts_meta_font_control":{"font-family":"Open Sans","variant":"regular","font-size":"13px","text-transform":"capitalize","line-height":"1.6","font-backup":"","font-weight":400,"font-style":"normal"},"highlight_post_meta_icon_color":"#3d72fc","highlight_post_hover_color":"#1e4683","highlight_post_title_color":"#1a1a1a","highlight_post_category_bgcolor":"#3d72fc","blog_post_title_color":"#1a1a1a","blog_post_category_color":"#3d72fc","blog_post_meta_icon_color":"#3d72fc","blog_post_text_color":"#383838","blog_post_hover_color":"#1e4683","featured_posts_cat_font_control":{"font-family":"Open Sans","variant":"600","font-size":"11px","text-transform":"uppercase","line-height":"1","font-backup":"","font-weight":600,"font-style":"normal"},"blog_post_title_font_control":{"font-family":"Montserrat","variant":"600","font-size":"19px","text-transform":"uppercase","line-height":"1.4","font-backup":"","font-weight":600,"font-style":"normal"},"highlight_posts_title_font_control":{"font-family":"Montserrat","variant":"700","font-size":"16px","text-transform":"uppercase","line-height":"1.4","font-backup":"","font-weight":700,"font-style":"normal"},"footer_widget_area_top_padding":"80","top_footer_background_color":"#f3f4f8","top_footer_widget_title_color":"#1a1a1a","top_footer_widget_link_color":"#383838","top_footer_widget_link_hover_color":"#1e4683","footer_widget_title_font_control":{"font-family":"Montserrat","variant":"700","font-size":"15px","text-transform":"uppercase","line-height":"1.4","font-backup":"","font-weight":700,"font-style":"normal"},"footer_layout":"footer_three","bottom_footer_background_color":"#f3f4f8","bottom_footer_text_color":"#7a7a7a","bottom_footer_text_link_color":"#1a1a1a","bottom_footer_text_link_hover_color":"#1e4683","footer_style_font_control":{"font-family":"Open Sans","variant":"600","font-size":"14px","text-transform":"uppercase","line-height":"1.6","font-backup":"","font-weight":600,"font-style":"normal"},"footer_widget_layout":"footer_widget_layout_two","footer_widget_area_bottom_padding":"30","main_menu_font_control":{"font-family":"Montserrat","font-size":"15px","text-transform":"","variant":"600","line-height":"1.5","font-backup":"","font-weight":600,"font-style":"normal"},"disable_feature_posts_section_title":false,"feature_posts_section_title":"Features Posts","feature_posts_section_title_font_control":{"font-family":"Montserrat","variant":"700","font-size":"25px","text-transform":"uppercase","line-height":"1.2","font-backup":"","font-weight":700,"font-style":"normal"},"disable_feature_posts_section_description":false,"feature_posts_section_description":"Repudiandae illo in lorem nostrum augue aut at aliquet ducimus vestibulum imperdiet","feature_posts_section_title_desc_alignment":"center","disable_latest_posts_section_title":false,"latest_posts_section_title":"from our blog","latest_posts_section_title_font_control":{"font-family":"Montserrat","variant":"700","font-size":"25px","text-transform":"uppercase","line-height":"1.2","font-backup":"","font-weight":700,"font-style":"normal"},"disable_highlight_posts_section_title":false,"highlight_posts_section_title":"You may also like","highlight_posts_section_title_font_control":{"font-family":"Montserrat","variant":"700","font-size":"25px","text-transform":"uppercase","line-height":"1.2","font-backup":"","font-weight":700,"font-style":"normal"},"disable_sticky_sidebar":false},"theme_mods_bosa-consulting-child":{"0":false,"nav_menu_locations":{"menu-2":20,"menu-1":19},"advanced_import_setup_complete":1617603955,"custom_css_post_id":12,"header_button_repeater":[{"header_btn_type":"button-primary","header_btn_bg_color":"#3d72fc","header_btn_border_color":"#1a1a1a","header_btn_text_color":"#ffffff","header_btn_hover_color":"#1e4683","header_btn_text":"Get a quote","header_btn_link":"#","header_btn_target":true,"header_btn_radius":"5"}],"transparent_header_button_repeater":[{"transparent_header_btn_type":"button-outline","transparent_header_home_btn_bg_color":"#eb5a3e","transparent_header_home_btn_border_color":"#ffffff","transparent_header_home_btn_text_color":"#ffffff","transparent_header_btn_bg_color":"#eb5a3e","transparent_header_btn_border_color":"#1a1a1a","transparent_header_btn_text_color":"#1a1a1a","transparent_header_btn_hover_color":"#086abd","transparent_header_btn_text":"","transparent_header_btn_link":"","transparent_header_btn_target":true,"transparent_header_btn_radius":0}],"header_image_slider":[{"slider_item":""}],"social_media_links":[{"icon":"fab fa-facebook","link":"#","target":true},{"icon":"fab fa-twitter","link":"#","target":true},{"icon":"fab fa-google","link":"#","target":true},{"icon":"fab fa-instagram","link":"#","target":true},{"icon":"fab fa-pinterest","link":"#","target":true}],"main_slider_button_repeater":[{"slider_btn_type":"button-outline","slider_btn_bg_color":"#eb5a3e","slider_btn_border_color":"#ffffff","slider_btn_text_color":"#ffffff","slider_btn_hover_color":"#a8d8ff","slider_btn_text":"","slider_btn_radius":0}],"main_banner_buttons_repeater":[{"banner_btn_type":"button-outline","banner_btn_bg_color":"#eb5a3e","banner_btn_border_color":"#ffffff","banner_btn_text_color":"#ffffff","banner_btn_hover_color":"#086abd","banner_btn_text":"","banner_btn_link":"","banner_btn_target":true,"banner_btn_radius":0}],"blog_page_button_repeater":[{"blog_btn_type":"button-text","blog_btn_bg_color":"#eb5a3e","blog_btn_border_color":"#1a1a1a","blog_btn_text_color":"#1a1a1a","blog_btn_hover_color":"#086abd","blog_btn_text":"","blog_btn_radius":0}],"top_header_text_link_hover_color":"#1e4683","bottom_header_text_link_hover_color":"#1e4683","sub_menu_link_hover_color":"#1e4683","contact_phone":"+ (911) 1987 123456","contact_email":"yourmail@email.com","contact_address":"Rock Street, San Francisco","top_header_background_color":"#f3f4f8","disable_top_header_border":true,"header_buttons_font_control":{"font-family":"Open Sans","variant":"600","font-size":"14px","text-transform":"uppercase","line-height":"1.5","font-backup":"","font-weight":600,"font-style":"normal"},"logo_width":"170","custom_logo":66,"disable_site_title":true,"disable_site_tagline":true,"header_textcolor":"#383838","site_body_text_color":"#383838","site_heading_text_color":"#1a1a1a","site_primary_color":"#3d72fc","site_hover_color":"#1e4683","social_icons_size":"18","featured_post_category_bgcolor":"#3d72fc","featured_post_hover_color":"#82b1f7","feature_posts_posts_number":"4","feature_posts_height":"350","feature_posts_font_control":{"font-family":"Montserrat","variant":"600","font-size":"16px","text-transform":"uppercase","line-height":"1.4","font-backup":"","font-weight":600,"font-style":"normal"},"featured_posts_meta_font_control":{"font-family":"Open Sans","variant":"regular","font-size":"13px","text-transform":"capitalize","line-height":"1.6","font-backup":"","font-weight":400,"font-style":"normal"},"highlight_post_meta_icon_color":"#3d72fc","highlight_post_hover_color":"#1e4683","highlight_post_title_color":"#1a1a1a","highlight_post_category_bgcolor":"#3d72fc","blog_post_title_color":"#1a1a1a","blog_post_category_color":"#3d72fc","blog_post_meta_icon_color":"#3d72fc","blog_post_text_color":"#383838","blog_post_hover_color":"#1e4683","featured_posts_cat_font_control":{"font-family":"Open Sans","variant":"600","font-size":"11px","text-transform":"uppercase","line-height":"1","font-backup":"","font-weight":600,"font-style":"normal"},"blog_post_title_font_control":{"font-family":"Montserrat","variant":"600","font-size":"19px","text-transform":"uppercase","line-height":"1.4","font-backup":"","font-weight":600,"font-style":"normal"},"highlight_posts_title_font_control":{"font-family":"Montserrat","variant":"700","font-size":"16px","text-transform":"uppercase","line-height":"1.4","font-backup":"","font-weight":700,"font-style":"normal"},"footer_widget_area_top_padding":"80","top_footer_background_color":"#f3f4f8","top_footer_widget_title_color":"#1a1a1a","top_footer_widget_link_color":"#383838","top_footer_widget_link_hover_color":"#1e4683","footer_widget_title_font_control":{"font-family":"Montserrat","variant":"700","font-size":"15px","text-transform":"uppercase","line-height":"1.4","font-backup":"","font-weight":700,"font-style":"normal"},"footer_layout":"footer_three","bottom_footer_background_color":"#f3f4f8","bottom_footer_text_color":"#7a7a7a","bottom_footer_text_link_color":"#1a1a1a","bottom_footer_text_link_hover_color":"#1e4683","footer_style_font_control":{"font-family":"Open Sans","variant":"600","font-size":"14px","text-transform":"uppercase","line-height":"1.6","font-backup":"","font-weight":600,"font-style":"normal"},"footer_widget_layout":"footer_widget_layout_two","footer_widget_area_bottom_padding":"30","main_menu_font_control":{"font-family":"Montserrat","font-size":"15px","text-transform":"","variant":"600","line-height":"1.5","font-backup":"","font-weight":600,"font-style":"normal"},"disable_feature_posts_section_title":false,"feature_posts_section_title":"Features Posts","feature_posts_section_title_font_control":{"font-family":"Montserrat","variant":"700","font-size":"25px","text-transform":"uppercase","line-height":"1.2","font-backup":"","font-weight":700,"font-style":"normal"},"disable_feature_posts_section_description":false,"feature_posts_section_description":"Repudiandae illo in lorem nostrum augue aut at aliquet ducimus vestibulum imperdiet","feature_posts_section_title_desc_alignment":"center","disable_latest_posts_section_title":false,"latest_posts_section_title":"from our blog","latest_posts_section_title_font_control":{"font-family":"Montserrat","variant":"700","font-size":"25px","text-transform":"uppercase","line-height":"1.2","font-backup":"","font-weight":700,"font-style":"normal"},"disable_highlight_posts_section_title":false,"highlight_posts_section_title":"You may also like","highlight_posts_section_title_font_control":{"font-family":"Montserrat","variant":"700","font-size":"25px","text-transform":"uppercase","line-height":"1.2","font-backup":"","font-weight":700,"font-style":"normal"},"disable_sticky_sidebar":false},"woocommerce_shop_page_id":"6","woocommerce_shop_page_id-child":"6"}}