{"widget_positions":{"wp_inactive_widgets":["search-2","recent-comments-2","archives-2","meta-2"],"right-sidebar":["bosa_latest_post-5","recent-posts-2","tag_cloud-3"],"menu-sidebar":["text-6","categories-2","bosa_latest_post-6"],"left-sidebar":[],"woocommerce-right-sidebar":["woocommerce_price_filter-2","woocommerce_products-2","calendar-2"],"woocommerce-left-sidebar":[],"footer-sidebar-1":["text-3"],"footer-sidebar-2":["bosa_latest_post-3"],"footer-sidebar-3":["text-4"],"footer-sidebar-4":["media_gallery-3"],"array_version":3},"widget_options":{"search":{"2":{"title":""},"_multiwidget":1},"recent-comments":{"2":{"title":"","number":5},"_multiwidget":1},"archives":{"2":{"title":"","count":0,"dropdown":0},"_multiwidget":1},"meta":{"2":{"title":""},"_multiwidget":1},"bosa_latest_post":{"_multiwidget":1,"3":{"title":"Recent post","category":0,"per_page":"2","show_date_comment":true,"layout":"left"},"5":{"title":"Latest post","category":0,"per_page":"4","show_date_comment":true,"layout":"left"},"6":{"title":"Recent Blog","category":0,"per_page":"2","show_date_comment":true,"layout":"right"}},"recent-posts":{"2":{"title":"","number":5},"_multiwidget":1},"tag_cloud":{"_multiwidget":1,"3":{"title":"Post tags","count":0,"taxonomy":"post_tag"}},"text":{"1":[],"_multiwidget":1,"3":{"title":"","text":"<a href=\"https:\/\/demo.bosathemes.com\/bosa\/consulting\/\"><img class=\"alignnone size-full wp-image-66\" src=\"https:\/\/demo.bosathemes.com\/bosa\/consulting\/wp-content\/uploads\/sites\/41\/2021\/04\/bosa-consulting-logo.png\" alt=\"\" width=\"170\" height=\"50\" \/><\/a>\r\n\r\nSint adipiscing primis aliquip sapiente orci nisi cillum, quod eveniet, eos officia, vehicula pharetra, atque porro maiores leo mi.\r\n\r\nVolutpat ligula mollitia consequuntur morbi accusamus, voluptates dui!","filter":true,"visual":true},"4":{"title":"Contact info","text":"Eligendi inventore iusto suspendisse eius fermentum!\r\n<ul>\r\n \t<li>Rock Street, San Francisco<\/li>\r\n \t<li><a href=\"mailto:yourmail@email.com\">yourmail@email.com<\/a><\/li>\r\n \t<li><a href=\"tel:+%20(911)%201987%20123456\">\u00a0+ (911) 1987 123456<\/a><\/li>\r\n<\/ul>","filter":true,"visual":true},"6":{"title":"About Bosa Consulting","text":"Aptent tincidunt lobortis eveniet! Molestie accusamus qui magna, consequatur posuere, sociosqu phasellus, nam sit dis fuga nemo eu, per duis vestibulum eveniet exercitationem assumenda, totam.","filter":true,"visual":true}},"categories":{"2":{"title":"Post Categories","count":0,"hierarchical":0,"dropdown":0},"_multiwidget":1},"woocommerce_price_filter":{"2":{"title":"Filter by price"},"_multiwidget":1},"woocommerce_products":{"2":{"title":"Products","number":3,"show":"","orderby":"date","order":"desc","hide_free":0,"show_hidden":0},"_multiwidget":1},"calendar":{"2":{"title":"Calender"},"_multiwidget":1},"media_gallery":{"_multiwidget":1,"3":{"title":"Gallery","ids":[137,136,135,134,91,92],"columns":3,"size":"thumbnail","link_type":"post","orderby_random":false}}}}