{"menu":{"menu-2":3,"menu-1":2},"options":{"blogname":"Gutener Photography","blogname-child":"Gutener Photography","blogdescription":"Photography helps people to see.","blogdescription-child":"Photography helps people to see.","posts_per_page":"10","posts_per_page-child":"10","date_format":"F j, Y","date_format-child":"F j, Y","time_format":"g:i a","time_format-child":"g:i a","show_on_front":"page","show_on_front-child":"page","thumbnail_size_w":"150","thumbnail_size_w-child":"150","thumbnail_size_h":"150","thumbnail_size_h-child":"150","thumbnail_crop":"1","thumbnail_crop-child":"1","medium_size_w":"300","medium_size_w-child":"300","medium_size_h":"300","medium_size_h-child":"300","avatar_default":"mystery","avatar_default-child":"mystery","large_size_w":"700","large_size_w-child":"700","large_size_h":"700","large_size_h-child":"700","page_for_posts":"12","page_for_posts-child":"12","page_on_front":"5","page_on_front-child":"5","medium_large_size_w":"768","medium_large_size_w-child":"768","medium_large_size_h":"0","medium_large_size_h-child":"0","theme_mods_gutener-pro":{"0":false,"custom_css_post_id":80,"header_image_slider":[],"social_media_links":[{"icon":"fab fa-facebook","link":"#"},{"icon":"fab fa-twitter","link":"#"},{"icon":"fab fa-instagram","link":"#"},{"icon":"fab fa-google","link":"#"},{"icon":"fab fa-youtube","link":"#"},{"icon":"fab fa-pinterest","link":"#"}],"main_banner_buttons":[{"text":"Button Text","link":"#","type":"button-outline"}],"coming_maintenance_buttons":[{"text":"Button Text","link":"#","type":"button-outline"}],"coming_maintenance_image_slider":[],"notification_bar_background_color":"#1b1b1b","notification_bar_title_color":"#cccccc","notification_bar_button_background_color":"#ff214f","notification_bar_button_text_color":"#cccccc","header_layout":"header_three","header_button_background_color":"#ff214f","header_separate_logo":"https:\/\/demo.keonthemes.com\/gutener\/demo116\/wp-content\/uploads\/sites\/47\/2020\/08\/gutener-photography-logo-white.png","logo_width":"200","top_header_text_color":"#8a8a8a","disable_site_title":true,"disable_site_tagline":true,"bottom_header_text_color":"#ffffff","site_title_font_control":{"font-family":"Oswald","font-size":"62px","text-transform":"none","font-backup":"","variant":"regular","font-weight":400,"font-style":"normal"},"general_title_font_control":{"font-family":"Oswald","text-transform":"none","font-backup":"","variant":"regular","font-weight":400,"font-style":"normal"},"page_title_font_control":{"font-family":"Oswald","font-size":"48px","text-transform":"none","font-backup":"","variant":"regular","font-weight":400,"font-style":"normal"},"section_title_font_control":{"font-family":"Oswald","font-size":"24px","text-transform":"none","font-backup":"","variant":"regular","font-weight":400,"font-style":"normal"},"blog_post_category_color":"#ff214f","header_image_height":"100","site_primary_color":"#ff214f","site_hover_color":"#a5072f","top_footer_widget_title_color":"#cccccc","top_footer_background_color":"rgba(0,0,0,0.95)","top_footer_widget_link_color":"#969696","top_footer_widget_content_color":"#969696","footer_layout":"footer_nine","bottom_footer_background_color":"rgba(10,10,10,0.95)","bottom_footer_text_color":"#969696","bottom_footer_text_link_color":"#b3b3b3","footer_image":"https:\/\/demo.keonthemes.com\/gutener\/demo116\/wp-content\/uploads\/sites\/47\/2020\/08\/gutener-photography-img32-1800-1200.jpg","disable_fixed_header":true,"notification_bar_button_type":"button-outline","archive_post_layout":"single","custom_logo":112,"hide_slider_category":true,"hide_slider_date":true,"hide_slider_author":true,"hide_slider_comment":true,"slider_image_overlay_opacity":6,"preloader_animation":"animation_four"},"theme_mods_gutener-pro-child":{"0":false,"nav_menu_locations":{"menu-1":2,"menu-2":3},"custom_css_post_id":80,"header_image_slider":[],"social_media_links":[{"icon":"fab fa-facebook","link":"#"},{"icon":"fab fa-twitter","link":"#"},{"icon":"fab fa-instagram","link":"#"},{"icon":"fab fa-google","link":"#"},{"icon":"fab fa-youtube","link":"#"},{"icon":"fab fa-pinterest","link":"#"}],"main_banner_buttons":[{"text":"Button Text","link":"#","type":"button-outline"}],"coming_maintenance_buttons":[{"text":"Button Text","link":"#","type":"button-outline"}],"coming_maintenance_image_slider":[],"notification_bar_background_color":"#1b1b1b","notification_bar_title_color":"#cccccc","notification_bar_button_background_color":"#ff214f","notification_bar_button_text_color":"#cccccc","header_layout":"header_three","header_button_background_color":"#ff214f","header_separate_logo":"https:\/\/demo.keonthemes.com\/gutener\/demo116\/wp-content\/uploads\/sites\/47\/2020\/08\/gutener-photography-logo-white.png","logo_width":"200","top_header_text_color":"#8a8a8a","disable_site_title":true,"disable_site_tagline":true,"bottom_header_text_color":"#ffffff","site_title_font_control":{"font-family":"Oswald","font-size":"62px","text-transform":"none","font-backup":"","variant":"regular","font-weight":400,"font-style":"normal"},"general_title_font_control":{"font-family":"Oswald","text-transform":"none","font-backup":"","variant":"regular","font-weight":400,"font-style":"normal"},"page_title_font_control":{"font-family":"Oswald","font-size":"48px","text-transform":"none","font-backup":"","variant":"regular","font-weight":400,"font-style":"normal"},"section_title_font_control":{"font-family":"Oswald","font-size":"24px","text-transform":"none","font-backup":"","variant":"regular","font-weight":400,"font-style":"normal"},"blog_post_category_color":"#ff214f","header_image_height":"100","site_primary_color":"#ff214f","site_hover_color":"#a5072f","top_footer_widget_title_color":"#cccccc","top_footer_background_color":"rgba(0,0,0,0.95)","top_footer_widget_link_color":"#969696","top_footer_widget_content_color":"#969696","footer_layout":"footer_nine","bottom_footer_background_color":"rgba(10,10,10,0.95)","bottom_footer_text_color":"#969696","bottom_footer_text_link_color":"#b3b3b3","footer_image":"https:\/\/demo.keonthemes.com\/gutener\/demo116\/wp-content\/uploads\/sites\/47\/2020\/08\/gutener-photography-img32-1800-1200.jpg","disable_fixed_header":true,"notification_bar_button_type":"button-outline","archive_post_layout":"single","custom_logo":112,"hide_slider_category":true,"hide_slider_date":true,"hide_slider_author":true,"hide_slider_comment":true,"slider_image_overlay_opacity":6,"preloader_animation":"animation_four"}}}