{"widget_positions":{"wp_inactive_widgets":[],"menu-sidebar":["search-2","gutener_pro_author_widget-2"],"left-sidebar":["gutener_pro_author_widget-3","gutener_pro_latest_post-3","calendar-2"],"right-sidebar":["gutener_pro_author_widget-4","categories-3","gutener_pro_latest_post-4"],"footer-sidebar-1":["text-2"],"footer-sidebar-2":["gutener_pro_latest_post-2"],"footer-sidebar-3":["mc4wp_form_widget-2"],"footer-sidebar-4":["media_gallery-2"],"array_version":3},"widget_options":{"search":{"2":{"title":"Search"},"_multiwidget":1},"gutener_pro_author_widget":{"2":{"title":"About the Author","page_id":96,"full-square-thumb":false,"page_title":true,"excerpt_count":"20","sub_title":"Fashion Photographer","social_title":null,"social_desc":null,"social_menu_icon_1":"fab fa-facebook","social_menu_link_1":"#","social_menu_icon_2":"fab fa-twitter","social_menu_link_2":"#","social_menu_icon_3":"fab fa-instagram","social_menu_link_3":"#","social_menu_icon_4":"","social_menu_link_4":"","social_menu_icon_5":"","social_menu_link_5":"","social_menu_icon_6":"","social_menu_link_6":"","social_menu_icon_7":"","social_menu_link_7":"","social_menu_icon_8":"","social_menu_link_8":"","social_menu_icon_9":"","social_menu_link_9":""},"3":{"title":"About the Author","page_id":96,"full-square-thumb":false,"page_title":true,"excerpt_count":"20","sub_title":"Fashion Photographer","social_title":null,"social_desc":null,"social_menu_icon_1":"fab fa-facebook","social_menu_link_1":"#","social_menu_icon_2":"fab fa-twitter","social_menu_link_2":"#","social_menu_icon_3":"fab fa-instagram","social_menu_link_3":"#","social_menu_icon_4":"","social_menu_link_4":"","social_menu_icon_5":"","social_menu_link_5":"","social_menu_icon_6":"","social_menu_link_6":"","social_menu_icon_7":"","social_menu_link_7":"","social_menu_icon_8":"","social_menu_link_8":"","social_menu_icon_9":"","social_menu_link_9":""},"4":{"title":"About the Author","page_id":96,"full-square-thumb":false,"page_title":true,"excerpt_count":"20","sub_title":"Fashion Photographer","social_title":null,"social_desc":null,"social_menu_icon_1":"fab fa-facebook","social_menu_link_1":"#","social_menu_icon_2":"fab fa-twitter","social_menu_link_2":"#","social_menu_icon_3":"fab fa-instagram","social_menu_link_3":"#","social_menu_icon_4":"","social_menu_link_4":"","social_menu_icon_5":"","social_menu_link_5":"","social_menu_icon_6":"","social_menu_link_6":"","social_menu_icon_7":"","social_menu_link_7":"","social_menu_icon_8":"","social_menu_link_8":"","social_menu_icon_9":"","social_menu_link_9":""},"_multiwidget":1},"gutener_pro_latest_post":{"2":{"title":"Latest Posts","per_page":"2","show_date_comment":true,"layout":"left"},"3":{"title":"Latest Posts","per_page":"3","show_date_comment":true,"layout":"left"},"4":{"title":"Latest Posts","per_page":"3","show_date_comment":true,"layout":"left"},"_multiwidget":1},"calendar":{"2":{"title":"Calendar"},"_multiwidget":1},"categories":{"3":{"title":"Categories","count":1,"hierarchical":0,"dropdown":0},"_multiwidget":1},"text":{"1":[],"2":{"title":"About Gutener Photography","text":"Gutener is clean, creative, powerful, flexible, highly customizable and Gutenberg ready WordPress theme. It is fully responsive and is sure to make your website stand out from the crowd.","filter":true,"visual":true},"_multiwidget":1},"mc4wp_form_widget":{"2":{"title":"Newsletter"},"_multiwidget":1},"media_gallery":{"2":{"title":"Gallery","ids":[52,51,49,48,53,125],"columns":3,"size":"thumbnail","link_type":"post","orderby_random":false},"_multiwidget":1}}}