{"menu":{"menu-2":21,"menu-1":20,"menu-3":22},"options":{"blogname":"Bosa Lawyer","blogname-child":"Bosa Lawyer","blogdescription":"Bosa is the perfect theme for your Business","blogdescription-child":"Bosa is the perfect theme for your Business","posts_per_page":"10","posts_per_page-child":"10","date_format":"F j, Y","date_format-child":"F j, Y","time_format":"g:i a","time_format-child":"g:i a","show_on_front":"page","show_on_front-child":"page","thumbnail_size_w":"150","thumbnail_size_w-child":"150","thumbnail_size_h":"150","thumbnail_size_h-child":"150","thumbnail_crop":"1","thumbnail_crop-child":"1","medium_size_w":"300","medium_size_w-child":"300","medium_size_h":"300","medium_size_h-child":"300","avatar_default":"mystery","avatar_default-child":"mystery","large_size_w":"1024","large_size_w-child":"1024","large_size_h":"1024","large_size_h-child":"1024","page_for_posts":"32","page_for_posts-child":"32","page_on_front":"44","page_on_front-child":"44","medium_large_size_w":"768","medium_large_size_w-child":"768","medium_large_size_h":"0","medium_large_size_h-child":"0","theme_mods_bosa-pro":{"0":false,"custom_css_post_id":12,"header_button_repeater":[{"header_btn_type":"button-primary","header_btn_bg_color":"#eb5353","header_btn_border_color":"#ffffff","header_btn_text_color":"#ffffff","header_btn_hover_color":"#b53636","header_btn_text":"Get A Quote","header_btn_link":"#","header_btn_target":true,"header_btn_radius":"4"}],"transparent_header_button_repeater":[{"transparent_header_btn_type":"button-outline","transparent_header_home_btn_bg_color":"#eb5a3e","transparent_header_home_btn_border_color":"#ffffff","transparent_header_home_btn_text_color":"#ffffff","transparent_header_btn_bg_color":"#eb5a3e","transparent_header_btn_border_color":"#1a1a1a","transparent_header_btn_text_color":"#1a1a1a","transparent_header_btn_hover_color":"#086abd","transparent_header_btn_text":"Get a Quote","transparent_header_btn_link":"#","transparent_header_btn_target":true,"transparent_header_btn_radius":0}],"header_image_slider":[{"slider_item":""}],"notification_button_repeater":[{"noti_btn_type":"button-outline","noti_btn_bg_color":"#eb5a3e","noti_btn_border_color":"#ffffff","noti_btn_text_color":"#ffffff","noti_btn_hover_color":"#086abd","noti_btn_text":"View More","noti_btn_link":"#","noti_btn_target":true,"noti_btn_radius":"0"}],"social_media_links":[{"icon":"fab fa-facebook","link":"#","target":true},{"icon":"fab fa-twitter","link":"#","target":true},{"icon":"fab fa-instagram","link":"#","target":true},{"icon":"fab fa-google","link":"#","target":true},{"icon":"fab fa-linkedin","link":"#","target":true}],"main_slider_button_repeater":[{"slider_btn_type":"button-outline","slider_btn_bg_color":"#eb5a3e","slider_btn_border_color":"#ffffff","slider_btn_text_color":"#ffffff","slider_btn_hover_color":"#ea5353","slider_btn_text":"Learn More","slider_btn_radius":"4"}],"main_banner_buttons_repeater":[{"banner_btn_type":"button-outline","banner_btn_bg_color":"#eb5a3e","banner_btn_border_color":"#ffffff","banner_btn_text_color":"#ffffff","banner_btn_hover_color":"#086abd","banner_btn_text":"Learn More","banner_btn_link":"#","banner_btn_target":true,"banner_btn_radius":0}],"blog_page_button_repeater":[{"blog_btn_type":"button-text","blog_btn_bg_color":"#eb5a3e","blog_btn_border_color":"#1a1a1a","blog_btn_text_color":"#1a1a1a","blog_btn_hover_color":"#086abd","blog_btn_text":"View More","blog_btn_radius":0}],"coming_maintenance_buttons":[{"maintenance_btn_type":"button-outline","maintenance_btn_bg_color":"#eb5a3e","maintenance_btn_border_color":"#ffffff","maintenance_btn_text_color":"#ffffff","maintenance_btn_hover_color":"#086abd","maintenance_btn_text":"Button Text","maintenance_btn_link":"#","maintenance_btn_target":true,"maintenance_btn_radius":0}],"coming_maintenance_image_slider":[{"slider_item":""}],"header_layout":"header_fourteen","contact_phone":"+81 (352) 8489","contact_email":"yourname@company.com","contact_address":"New Street Road, London","footer_widget_area_top_padding":"80","top_footer_widget_title_color":"#ffffff","top_footer_widget_link_color":"#eeeeee","top_footer_widget_content_color":"#ffffff","footer_image":98,"top_footer_background_color":"rgba(22,25,64,0.97)","footer_widget_title_font_control":{"font-family":"Source Serif Pro","variant":"regular","font-size":"18px","text-transform":"none","line-height":"1.4","font-backup":"","font-weight":400,"font-style":"normal"},"site_title_font_control":{"font-family":"Source Serif Pro","variant":"600","font-size":"22px","text-transform":"none","font-backup":"","font-weight":600,"font-style":"normal"},"site_description_font_control":{"font-family":"Poppins","variant":"regular","font-size":"14px","text-transform":"none","font-backup":"","font-weight":400,"font-style":"normal"},"main_menu_font_control":{"font-family":"Poppins","font-size":"15px","text-transform":"uppercase","variant":"600","line-height":"1.5","font-backup":"","font-weight":600,"font-style":"normal"},"main_menu_description_font_control":{"font-family":"Poppins","font-size":"11px","text-transform":"none","variant":"regular","line-height":"1.3","font-backup":"","font-weight":400,"font-style":"normal"},"body_font_control":{"font-family":"Poppins","variant":"regular","font-size":"15px","font-backup":"","font-weight":400,"font-style":"normal"},"general_title_font_control":{"font-family":"Source Serif Pro","variant":"600","text-transform":"none","font-backup":"","font-weight":600,"font-style":"normal"},"page_title_font_control":{"font-family":"Source Serif Pro","variant":"600","font-size":"48px","text-transform":"none","font-backup":"","font-weight":600,"font-style":"normal"},"site_primary_color":"#181a32","header_textcolor":"#161940","site_heading_text_color":"#161940","site_body_text_color":"#565872","site_hover_color":"#eb5353","social_icons_size":"18","footer_widget_layout":"footer_widget_layout_seven","footer_layout":"footer_five","bottom_footer_background_color":"rgba(22,25,64,0.97)","bottom_footer_text_color":"#ffffff","bottom_footer_text_link_color":"#eeeeee","bottom_footer_area_top_padding":"10","top_header_text_color":"#eeeeee","top_header_text_link_hover_color":"#eb5353","bottom_header_text_color":"#181a32","bottom_header_text_link_hover_color":"#eb5353","sub_menu_link_hover_color":"#eb5353","header_image_height":"90","header_buttons_font_control":{"font-family":"Poppins","variant":"600","font-size":"14px","text-transform":"none","line-height":"1.3","font-backup":"","font-weight":600,"font-style":"normal"},"notification_bar_background_color":"#000000","notification_bar_title_font_control":{"font-family":"Poppins","variant":"regular","font-size":"13px","text-transform":"none","line-height":"1.3","font-backup":"","font-weight":400,"font-style":"normal"},"disable_sticky_notification_bar":true,"notification_bar_buttons_font_control":{"font-family":"Poppins","variant":"regular","font-size":"13px","text-transform":"none","line-height":"1","font-backup":"","font-weight":400,"font-style":"normal"},"main_slider_height":"650","main_slider_layout":"main_slider_one","advanced_import_setup_complete":1617171451,"top_footer_widget_link_hover_color":"#ea5353","bottom_footer_text_link_hover_color":"#ea5353","separate_hover_color_for_main_slider":"#ea5353","slider_posts_number":"3","main_slider_title_font_control":{"font-family":"Source Serif Pro","variant":"600","font-size":"60px","text-transform":"capitalize","line-height":"1.4","font-backup":"","font-weight":600,"font-style":"normal"},"main_slider_cat_font_control":{"font-family":"Poppins","variant":"regular","font-size":"15px","text-transform":"uppercase","line-height":"1.6","font-backup":"","font-weight":400,"font-style":"normal"},"background_color_main_slider":"rgba(24,26,50,0.7)","disable_feature_posts_section_title":false,"feature_posts_section_title_font_control":{"font-family":"Source Serif Pro","variant":"600","font-size":"28px","text-transform":"none","line-height":"1.2","font-backup":"","font-weight":600,"font-style":"normal"},"featured_post_category_bgcolor":"#ea5353","featured_post_hover_color":"#dd3333","feature_posts_posts_number":"3","feature_posts_height":"300","featured_post_meta_color":"#eeeeee","featured_post_meta_icon_color":"#eeeeee","feature_posts_font_control":{"font-family":"Poppins","variant":"500","font-size":"18px","text-transform":"capitalize","line-height":"1.4","font-backup":"","font-weight":500,"font-style":"normal"},"featured_posts_cat_font_control":{"font-family":"Poppins","variant":"regular","font-size":"13px","text-transform":"capitalize","line-height":"1","font-backup":"","font-weight":400,"font-style":"normal"},"disable_latest_posts_section_title":false,"latest_posts_section_title":"From Our Blog","latest_posts_section_title_font_control":{"font-family":"Source Serif Pro","variant":"600","font-size":"28px","text-transform":"none","line-height":"1.2","font-backup":"","font-weight":600,"font-style":"normal"},"blog_post_title_color":"#181a32","archive_post_layout":"single","blog_post_category_color":"#ea5353","blog_post_meta_icon_color":"#ea5353","blog_post_text_color":"#565872","blog_post_hover_color":"#ea5353","blog_post_title_font_control":{"font-family":"Source Serif Pro","variant":"600","font-size":"28px","text-transform":"none","line-height":"1.4","font-backup":"","font-weight":600,"font-style":"normal"},"blog_post_cat_font_control":{"font-family":"Poppins","variant":"regular","font-size":"13px","text-transform":"uppercase","line-height":"1.6","font-backup":"","font-weight":400,"font-style":"normal"},"blog_post_excerpt_font_control":{"font-family":"Poppins","variant":"regular","font-size":"15px","text-transform":"initial","line-height":"1.8","font-backup":"","font-weight":400,"font-style":"normal"},"highlight_posts_section_title":"You May also Like This","highlight_posts_section_title_font_control":{"font-family":"Source Serif Pro","variant":"600","font-size":"28px","text-transform":"none","line-height":"1.2","font-backup":"","font-weight":600,"font-style":"normal"},"highlight_posts_section_layouts":"highlighted_one","highlight_post_title_color":"#181a32","highlight_post_category_bgcolor":"#ea5353","highlight_post_meta_icon_color":"#ea5353","highlight_post_hover_color":"#ea5353","highlight_posts_title_font_control":{"font-family":"Source Serif Pro","variant":"600","font-size":"18px","text-transform":"none","line-height":"1.4","font-backup":"","font-weight":600,"font-style":"normal"},"sidebar_widget_title_font_control":{"font-family":"Source Serif Pro","variant":"600","font-size":"16px","text-transform":"uppercase","line-height":"1.4","font-backup":"","font-weight":600,"font-style":"normal"},"logo_width":185,"disable_site_title":true,"disable_site_tagline":true,"disable_search_icon":false,"disable_hamburger_menu_icon":false,"header_phone_label":"Contact Us","contact_label_font_control":{"font-family":"Poppins","variant":"regular","font-size":"16px","text-transform":"none","line-height":"1.6","font-backup":"","font-weight":400,"font-style":"normal"},"contact_content_font_control":{"font-family":"Source Serif Pro","variant":"600","font-size":"18px","text-transform":"none","line-height":"1.6","font-backup":"","font-weight":600,"font-style":"normal"},"header_icon_color":"#ea5353","top_header_background_color":"#181a32","disable_notification_bar":true,"main_slider_excerpt_font_control":{"font-family":"Poppins","variant":"regular","font-size":"15px","text-transform":"initial","line-height":"1.8","font-backup":"","font-weight":400,"font-style":"normal"},"custom_logo":624,"preloader_animation":"animation_ten","preloader_custom_image_width":"50","disable_mobile_top_header_border":false,"disable_mobile_search_icon":true},"theme_mods_bosa-pro-child":{"0":false,"custom_css_post_id":12,"header_button_repeater":[{"header_btn_type":"button-primary","header_btn_bg_color":"#eb5353","header_btn_border_color":"#ffffff","header_btn_text_color":"#ffffff","header_btn_hover_color":"#b53636","header_btn_text":"Get A Quote","header_btn_link":"#","header_btn_target":true,"header_btn_radius":"4"}],"transparent_header_button_repeater":[{"transparent_header_btn_type":"button-outline","transparent_header_home_btn_bg_color":"#eb5a3e","transparent_header_home_btn_border_color":"#ffffff","transparent_header_home_btn_text_color":"#ffffff","transparent_header_btn_bg_color":"#eb5a3e","transparent_header_btn_border_color":"#1a1a1a","transparent_header_btn_text_color":"#1a1a1a","transparent_header_btn_hover_color":"#086abd","transparent_header_btn_text":"Get a Quote","transparent_header_btn_link":"#","transparent_header_btn_target":true,"transparent_header_btn_radius":0}],"header_image_slider":[{"slider_item":""}],"notification_button_repeater":[{"noti_btn_type":"button-outline","noti_btn_bg_color":"#eb5a3e","noti_btn_border_color":"#ffffff","noti_btn_text_color":"#ffffff","noti_btn_hover_color":"#086abd","noti_btn_text":"View More","noti_btn_link":"#","noti_btn_target":true,"noti_btn_radius":"0"}],"social_media_links":[{"icon":"fab fa-facebook","link":"#","target":true},{"icon":"fab fa-twitter","link":"#","target":true},{"icon":"fab fa-instagram","link":"#","target":true},{"icon":"fab fa-google","link":"#","target":true},{"icon":"fab fa-linkedin","link":"#","target":true}],"main_slider_button_repeater":[{"slider_btn_type":"button-outline","slider_btn_bg_color":"#eb5a3e","slider_btn_border_color":"#ffffff","slider_btn_text_color":"#ffffff","slider_btn_hover_color":"#ea5353","slider_btn_text":"Learn More","slider_btn_radius":"4"}],"main_banner_buttons_repeater":[{"banner_btn_type":"button-outline","banner_btn_bg_color":"#eb5a3e","banner_btn_border_color":"#ffffff","banner_btn_text_color":"#ffffff","banner_btn_hover_color":"#086abd","banner_btn_text":"Learn More","banner_btn_link":"#","banner_btn_target":true,"banner_btn_radius":0}],"blog_page_button_repeater":[{"blog_btn_type":"button-text","blog_btn_bg_color":"#eb5a3e","blog_btn_border_color":"#1a1a1a","blog_btn_text_color":"#1a1a1a","blog_btn_hover_color":"#086abd","blog_btn_text":"View More","blog_btn_radius":0}],"coming_maintenance_buttons":[{"maintenance_btn_type":"button-outline","maintenance_btn_bg_color":"#eb5a3e","maintenance_btn_border_color":"#ffffff","maintenance_btn_text_color":"#ffffff","maintenance_btn_hover_color":"#086abd","maintenance_btn_text":"Button Text","maintenance_btn_link":"#","maintenance_btn_target":true,"maintenance_btn_radius":0}],"coming_maintenance_image_slider":[{"slider_item":""}],"header_layout":"header_fourteen","contact_phone":"+81 (352) 8489","contact_email":"yourname@company.com","contact_address":"New Street Road, London","footer_widget_area_top_padding":"80","top_footer_widget_title_color":"#ffffff","top_footer_widget_link_color":"#eeeeee","top_footer_widget_content_color":"#ffffff","footer_image":98,"top_footer_background_color":"rgba(22,25,64,0.97)","footer_widget_title_font_control":{"font-family":"Source Serif Pro","variant":"regular","font-size":"18px","text-transform":"none","line-height":"1.4","font-backup":"","font-weight":400,"font-style":"normal"},"site_title_font_control":{"font-family":"Source Serif Pro","variant":"600","font-size":"22px","text-transform":"none","font-backup":"","font-weight":600,"font-style":"normal"},"site_description_font_control":{"font-family":"Poppins","variant":"regular","font-size":"14px","text-transform":"none","font-backup":"","font-weight":400,"font-style":"normal"},"main_menu_font_control":{"font-family":"Poppins","font-size":"15px","text-transform":"uppercase","variant":"600","line-height":"1.5","font-backup":"","font-weight":600,"font-style":"normal"},"main_menu_description_font_control":{"font-family":"Poppins","font-size":"11px","text-transform":"none","variant":"regular","line-height":"1.3","font-backup":"","font-weight":400,"font-style":"normal"},"body_font_control":{"font-family":"Poppins","variant":"regular","font-size":"15px","font-backup":"","font-weight":400,"font-style":"normal"},"general_title_font_control":{"font-family":"Source Serif Pro","variant":"600","text-transform":"none","font-backup":"","font-weight":600,"font-style":"normal"},"page_title_font_control":{"font-family":"Source Serif Pro","variant":"600","font-size":"48px","text-transform":"none","font-backup":"","font-weight":600,"font-style":"normal"},"site_primary_color":"#181a32","header_textcolor":"#161940","site_heading_text_color":"#161940","site_body_text_color":"#565872","site_hover_color":"#eb5353","social_icons_size":"18","footer_widget_layout":"footer_widget_layout_seven","footer_layout":"footer_five","bottom_footer_background_color":"rgba(22,25,64,0.97)","bottom_footer_text_color":"#ffffff","bottom_footer_text_link_color":"#eeeeee","bottom_footer_area_top_padding":"10","top_header_text_color":"#eeeeee","top_header_text_link_hover_color":"#eb5353","bottom_header_text_color":"#181a32","bottom_header_text_link_hover_color":"#eb5353","sub_menu_link_hover_color":"#eb5353","header_image_height":"90","header_buttons_font_control":{"font-family":"Poppins","variant":"600","font-size":"14px","text-transform":"none","line-height":"1.3","font-backup":"","font-weight":600,"font-style":"normal"},"notification_bar_background_color":"#000000","notification_bar_title_font_control":{"font-family":"Poppins","variant":"regular","font-size":"13px","text-transform":"none","line-height":"1.3","font-backup":"","font-weight":400,"font-style":"normal"},"disable_sticky_notification_bar":true,"notification_bar_buttons_font_control":{"font-family":"Poppins","variant":"regular","font-size":"13px","text-transform":"none","line-height":"1","font-backup":"","font-weight":400,"font-style":"normal"},"main_slider_height":"650","main_slider_layout":"main_slider_one","nav_menu_locations":{"menu-2":21,"menu-1":20,"menu-3":22},"advanced_import_setup_complete":1617171451,"top_footer_widget_link_hover_color":"#ea5353","bottom_footer_text_link_hover_color":"#ea5353","separate_hover_color_for_main_slider":"#ea5353","slider_posts_number":"3","main_slider_title_font_control":{"font-family":"Source Serif Pro","variant":"600","font-size":"60px","text-transform":"capitalize","line-height":"1.4","font-backup":"","font-weight":600,"font-style":"normal"},"main_slider_cat_font_control":{"font-family":"Poppins","variant":"regular","font-size":"15px","text-transform":"uppercase","line-height":"1.6","font-backup":"","font-weight":400,"font-style":"normal"},"background_color_main_slider":"rgba(24,26,50,0.7)","disable_feature_posts_section_title":false,"feature_posts_section_title_font_control":{"font-family":"Source Serif Pro","variant":"600","font-size":"28px","text-transform":"none","line-height":"1.2","font-backup":"","font-weight":600,"font-style":"normal"},"featured_post_category_bgcolor":"#ea5353","featured_post_hover_color":"#dd3333","feature_posts_posts_number":"3","feature_posts_height":"300","featured_post_meta_color":"#eeeeee","featured_post_meta_icon_color":"#eeeeee","feature_posts_font_control":{"font-family":"Poppins","variant":"500","font-size":"18px","text-transform":"capitalize","line-height":"1.4","font-backup":"","font-weight":500,"font-style":"normal"},"featured_posts_cat_font_control":{"font-family":"Poppins","variant":"regular","font-size":"13px","text-transform":"capitalize","line-height":"1","font-backup":"","font-weight":400,"font-style":"normal"},"disable_latest_posts_section_title":false,"latest_posts_section_title":"From Our Blog","latest_posts_section_title_font_control":{"font-family":"Source Serif Pro","variant":"600","font-size":"28px","text-transform":"none","line-height":"1.2","font-backup":"","font-weight":600,"font-style":"normal"},"blog_post_title_color":"#181a32","archive_post_layout":"single","blog_post_category_color":"#ea5353","blog_post_meta_icon_color":"#ea5353","blog_post_text_color":"#565872","blog_post_hover_color":"#ea5353","blog_post_title_font_control":{"font-family":"Source Serif Pro","variant":"600","font-size":"28px","text-transform":"none","line-height":"1.4","font-backup":"","font-weight":600,"font-style":"normal"},"blog_post_cat_font_control":{"font-family":"Poppins","variant":"regular","font-size":"13px","text-transform":"uppercase","line-height":"1.6","font-backup":"","font-weight":400,"font-style":"normal"},"blog_post_excerpt_font_control":{"font-family":"Poppins","variant":"regular","font-size":"15px","text-transform":"initial","line-height":"1.8","font-backup":"","font-weight":400,"font-style":"normal"},"highlight_posts_section_title":"You May also Like This","highlight_posts_section_title_font_control":{"font-family":"Source Serif Pro","variant":"600","font-size":"28px","text-transform":"none","line-height":"1.2","font-backup":"","font-weight":600,"font-style":"normal"},"highlight_posts_section_layouts":"highlighted_one","highlight_post_title_color":"#181a32","highlight_post_category_bgcolor":"#ea5353","highlight_post_meta_icon_color":"#ea5353","highlight_post_hover_color":"#ea5353","highlight_posts_title_font_control":{"font-family":"Source Serif Pro","variant":"600","font-size":"18px","text-transform":"none","line-height":"1.4","font-backup":"","font-weight":600,"font-style":"normal"},"sidebar_widget_title_font_control":{"font-family":"Source Serif Pro","variant":"600","font-size":"16px","text-transform":"uppercase","line-height":"1.4","font-backup":"","font-weight":600,"font-style":"normal"},"logo_width":185,"disable_site_title":true,"disable_site_tagline":true,"disable_search_icon":false,"disable_hamburger_menu_icon":false,"header_phone_label":"Contact Us","contact_label_font_control":{"font-family":"Poppins","variant":"regular","font-size":"16px","text-transform":"none","line-height":"1.6","font-backup":"","font-weight":400,"font-style":"normal"},"contact_content_font_control":{"font-family":"Source Serif Pro","variant":"600","font-size":"18px","text-transform":"none","line-height":"1.6","font-backup":"","font-weight":600,"font-style":"normal"},"header_icon_color":"#ea5353","top_header_background_color":"#181a32","disable_notification_bar":true,"main_slider_excerpt_font_control":{"font-family":"Poppins","variant":"regular","font-size":"15px","text-transform":"initial","line-height":"1.8","font-backup":"","font-weight":400,"font-style":"normal"},"custom_logo":624,"preloader_animation":"animation_ten","preloader_custom_image_width":"50","disable_mobile_top_header_border":false,"disable_mobile_search_icon":true},"woocommerce_shop_page_id":"6","woocommerce_shop_page_id-child":"6"}}