{"widget_positions":{"wp_inactive_widgets":["recent-posts-2","recent-comments-2","archives-2","meta-2"],"right-sidebar":["search-2","bosa_pro_latest_post-4","categories-4"],"menu-sidebar":["search-4","text-4","bosa_pro_latest_post-5","categories-2"],"left-sidebar":[],"woocommerce-right-sidebar":["woocommerce_price_filter-2","woocommerce_products-2","media_gallery-2"],"woocommerce-left-sidebar":[],"footer-sidebar-1":["text-2"],"footer-sidebar-2":["bosa_pro_latest_post-2"],"footer-sidebar-3":["text-3"],"footer-sidebar-4":[],"array_version":3},"widget_options":{"recent-posts":{"2":{"title":"","number":5},"_multiwidget":1},"recent-comments":{"2":{"title":"","number":5},"_multiwidget":1},"archives":{"2":{"title":"","count":0,"dropdown":0},"_multiwidget":1},"meta":{"2":{"title":""},"_multiwidget":1},"search":{"2":{"title":""},"_multiwidget":1,"4":{"title":"Search"}},"bosa_pro_latest_post":{"2":{"title":"Latest Posts","category":0,"per_page":"2","show_date_comment":true,"layout":"left"},"_multiwidget":1,"4":{"title":"Latest Posts","category":0,"per_page":"5","show_date_comment":true,"layout":"left"},"5":{"title":"Latest Posts","category":0,"per_page":"4","show_date_comment":true,"layout":"right"}},"categories":{"2":{"title":"Categories","count":1,"hierarchical":0,"dropdown":0},"_multiwidget":1,"4":{"title":"Categories","count":1,"hierarchical":0,"dropdown":0}},"text":{"1":[],"2":{"title":"","text":"<img class=\"alignnone  wp-image-626\" src=\"https:\/\/demo.bosathemes.com\/bosa\/lawyer\/wp-content\/uploads\/sites\/37\/2021\/04\/bosa-lawyer-logo-white01.png\" alt=\"\" width=\"175\" height=\"51\" \/>\r\n\r\nDucimus perferendis, tempore. Incidunt. Minim hendrerit provident condimentum diam? Itaque, sequi sunt repellat praesentium ipsum eros scelerisque iaculis! Recusandae recusandae etiam.\r\n\r\n<img class=\"alignnone size-full wp-image-117\" src=\"https:\/\/demo.bosathemes.com\/bosa\/lawyer\/wp-content\/uploads\/sites\/37\/2021\/03\/bosa-lawyer-img44.png\" alt=\"\" width=\"275\" height=\"61\" \/>","filter":true,"visual":true},"3":{"title":"Our Office","text":"500 Treat Ave, Suite 200 San Francisco, CA 94110\r\n\r\n<span class=\"color-primary\">Email:\u00a0<\/span><a href=\"mailto:yourmail@company.com\">yourmail@company.com<\/a>\r\n\r\n<span class=\"color-primary\">Phone:\u00a0<\/span><a href=\"tel: +81 1234567890\">+81 1234567890<\/a>\r\n\r\n<span class=\"color-primary\">Fax:\u00a0<\/span>01895.456.789","filter":true,"visual":true},"4":{"title":"About Bosa Lawyer","text":"Ducimus perferendis, tempore. Incidunt. Minim hendrerit provident condimentum diam? Itaque, sequi sunt repellat praesentium ipsum eros scelerisque iaculis! Recusandae recusandae etiam.\r\n\r\n&nbsp;","filter":true,"visual":true},"_multiwidget":1},"woocommerce_price_filter":{"2":{"title":"Filter by price"},"_multiwidget":1},"woocommerce_products":{"2":{"title":"Products","number":5,"show":"","orderby":"date","order":"desc","hide_free":0,"show_hidden":0},"_multiwidget":1},"media_gallery":{"2":{"title":"Gallery","ids":[280,276,279,277,278,272],"columns":3,"size":"thumbnail","link_type":"post","orderby_random":false},"_multiwidget":1}}}