{"menu":{"menu-2":6,"menu-1":2},"options":{"blogname":"Gutener Marketing","blogname-child":"Gutener Marketing","blogdescription":"Just another Gutener Demos site","blogdescription-child":"Just another Gutener Demos site","posts_per_page":"10","posts_per_page-child":"10","date_format":"F j, Y","date_format-child":"F j, Y","time_format":"g:i a","time_format-child":"g:i a","show_on_front":"page","show_on_front-child":"page","thumbnail_size_w":"150","thumbnail_size_w-child":"150","thumbnail_size_h":"150","thumbnail_size_h-child":"150","thumbnail_crop":"1","thumbnail_crop-child":"1","medium_size_w":"300","medium_size_w-child":"300","medium_size_h":"300","medium_size_h-child":"300","avatar_default":"mystery","avatar_default-child":"mystery","large_size_w":"700","large_size_w-child":"700","large_size_h":"700","large_size_h-child":"700","page_for_posts":"88","page_for_posts-child":"88","page_on_front":"4","page_on_front-child":"4","medium_large_size_w":"768","medium_large_size_w-child":"768","medium_large_size_h":"0","medium_large_size_h-child":"0","theme_mods_gutener-pro":{"0":false,"custom_css_post_id":59,"logo_width":"190","disable_site_title":true,"disable_site_tagline":true,"header_image_slider":[],"social_media_links":[{"icon":"fab fa-facebook","link":"#"},{"icon":"fab fa-twitter","link":"#"},{"icon":"fab fa-google","link":"#"},{"icon":"fab fa-instagram","link":"#"},{"icon":"fab fa-youtube","link":"#"}],"main_banner_buttons":[{"text":"Button Text","link":"#","type":"button-outline"}],"coming_maintenance_buttons":[{"text":"Button Text","link":"#","type":"button-outline"}],"coming_maintenance_image_slider":[],"header_layout":"header_two","header_image_height":"120","top_header_text_color":"#777777","bottom_header_nine_background_color":"","top_header_one_background_color":"#ffffff","notification_bar_background_color":"#f5f5f5","notification_bar_title_color":"#212121","notification_bar_button_text_color":"#505050","notification_bar_button_type":"button-outline","top_header_two_background_color":"#ffffff","site_description_font_control":{"font-family":"Poppins","font-size":"14px","text-transform":"none","font-backup":"","variant":"regular","font-weight":400,"font-style":"normal"},"main_menu_font_control":{"font-family":"Poppins","font-size":"15px","text-transform":"uppercase","variant":"600","line-height":"1.5","font-backup":"","font-weight":600,"font-style":"normal"},"header_button_background_color":"#08d4c4","top_footer_background_color":"#f4f7fc","top_footer_widget_title_color":"#212121","top_footer_widget_link_color":"#505050","top_footer_widget_content_color":"#505050","footer_layout":"footer_one","disable_header_social_links":false,"preloader_animation":"animation_five","disable_blog_page_title":"enable_all_pages","disable_pagination":false,"highlight_posts_height":"250","disable_feature_posts_autoplay":true,"main_slider_controls":"slider","disable_main_slider":true,"blog_post_category_color":"#08d4c4","notification_bar_button_background_color":"#08d4c4","site_primary_color":"#08d4c4","site_hover_color":"#1ab99b","custom_logo":158,"footer_text":"Copyright \u00a9 2020. <a href=\"\/\/keonthemes.com\/downloads\/gutener\" target=\"_blank\">Gutener<\/a> Theme by <a href=\"\/\/keonthemes.com\" target=\"_blank\">Keon Themes<\/a>"},"theme_mods_gutener-pro-child":{"0":false,"nav_menu_locations":{"menu-1":2,"menu-2":6},"custom_css_post_id":59,"logo_width":"190","disable_site_title":true,"disable_site_tagline":true,"header_image_slider":[],"social_media_links":[{"icon":"fab fa-facebook","link":"#"},{"icon":"fab fa-twitter","link":"#"},{"icon":"fab fa-google","link":"#"},{"icon":"fab fa-instagram","link":"#"},{"icon":"fab fa-youtube","link":"#"}],"main_banner_buttons":[{"text":"Button Text","link":"#","type":"button-outline"}],"coming_maintenance_buttons":[{"text":"Button Text","link":"#","type":"button-outline"}],"coming_maintenance_image_slider":[],"header_layout":"header_two","header_image_height":"120","top_header_text_color":"#777777","bottom_header_nine_background_color":"","top_header_one_background_color":"#ffffff","notification_bar_background_color":"#f5f5f5","notification_bar_title_color":"#212121","notification_bar_button_text_color":"#505050","notification_bar_button_type":"button-outline","top_header_two_background_color":"#ffffff","site_description_font_control":{"font-family":"Poppins","font-size":"14px","text-transform":"none","font-backup":"","variant":"regular","font-weight":400,"font-style":"normal"},"main_menu_font_control":{"font-family":"Poppins","font-size":"15px","text-transform":"uppercase","variant":"600","line-height":"1.5","font-backup":"","font-weight":600,"font-style":"normal"},"header_button_background_color":"#08d4c4","top_footer_background_color":"#f4f7fc","top_footer_widget_title_color":"#212121","top_footer_widget_link_color":"#505050","top_footer_widget_content_color":"#505050","footer_layout":"footer_one","disable_header_social_links":false,"preloader_animation":"animation_five","disable_blog_page_title":"enable_all_pages","disable_pagination":false,"highlight_posts_height":"250","disable_feature_posts_autoplay":true,"main_slider_controls":"slider","disable_main_slider":true,"blog_post_category_color":"#08d4c4","notification_bar_button_background_color":"#08d4c4","site_primary_color":"#08d4c4","site_hover_color":"#1ab99b","custom_logo":158,"footer_text":"Copyright \u00a9 2020. <a href=\"\/\/keonthemes.com\/downloads\/gutener\" target=\"_blank\">Gutener<\/a> Theme by <a href=\"\/\/keonthemes.com\" target=\"_blank\">Keon Themes<\/a>"},"woocommerce_shop_page_id":"","woocommerce_shop_page_id-child":""}}