{"menu":{"menu-2":37,"menu-1":36,"menu-3":35},"options":{"blogname":"Bosa Consultancy","blogname-child":"Bosa Consultancy","blogdescription":"Bosa is the perfect theme for your Business","blogdescription-child":"Bosa is the perfect theme for your Business","posts_per_page":"10","posts_per_page-child":"10","date_format":"F j, Y","date_format-child":"F j, Y","time_format":"g:i a","time_format-child":"g:i a","show_on_front":"page","show_on_front-child":"page","thumbnail_size_w":"150","thumbnail_size_w-child":"150","thumbnail_size_h":"150","thumbnail_size_h-child":"150","thumbnail_crop":"1","thumbnail_crop-child":"1","medium_size_w":"300","medium_size_w-child":"300","medium_size_h":"300","medium_size_h-child":"300","avatar_default":"mystery","avatar_default-child":"mystery","large_size_w":"1024","large_size_w-child":"1024","large_size_h":"1024","large_size_h-child":"1024","page_for_posts":"47","page_for_posts-child":"47","page_on_front":"63","page_on_front-child":"63","medium_large_size_w":"768","medium_large_size_w-child":"768","medium_large_size_h":"0","medium_large_size_h-child":"0","woocommerce_shop_page_id":"6","woocommerce_shop_page_id-child":"6","theme_mods_bosa-pro":{"custom_css_post_id":12,"advanced_import_setup_complete":1613736936,"logo_width":"170","header_image_slider":[],"social_media_links":[{"icon":"fab fa-facebook","link":"#","target":true},{"icon":"fab fa-twitter","link":"#","target":true},{"icon":"fab fa-google","link":"#","target":true},{"icon":"fab fa-instagram","link":"#","target":true},{"icon":"fab fa-pinterest","link":"#","target":true}],"main_banner_buttons":[{"text":"Button Text","link":"#","type":"button-outline"}],"coming_maintenance_buttons":[{"maintenance_btn_type":"button-primary","maintenance_btn_bg_color":"#f3525a","maintenance_btn_border_color":"#ffffff","maintenance_btn_text_color":"#ffffff","maintenance_btn_hover_color":"#bf1b23","maintenance_btn_text":"learn more","maintenance_btn_link":"#","maintenance_btn_target":true,"maintenance_btn_radius":"5"}],"coming_maintenance_image_slider":[],"header_layout":"header_five","header_image_height":"90","disable_header_button":false,"top_footer_widget_columns":"three_columns","top_footer_background_color":"#301d44","top_footer_widget_title_color":"#ffffff","top_footer_widget_content_color":"#c6c6c6","top_footer_widget_link_color":"#cccccc","top_footer_widget_link_hover_color":"#fba311","bottom_footer_background_color":"rgba(48,29,68,0.93)","bottom_footer_text_color":"#dddddd","bottom_footer_text_link_color":"#ffffff","footer_layout":"footer_seven","bottom_footer_text_link_hover_color":"#fba311","footer_text":"Copyright \u00a9 2021<a href=\"https:\/\/demo.bosathemes.com\/bosa\/consultancy\" title=\"Bosa Business \"> Bosa Consultancy<\/a> .  Theme: <a href=\"https:\/\/bosathemes.com\/\" target=\"_blank\" title=\"Bosa\" rel=\"author\">Bosa<\/a> By KeonThemes.","site_primary_color":"#301d44","site_hover_color":"#5a3ac7","hide_slider_category":false,"main_slider_height":"650","slider_image_overlay_opacity":"5","slider_button_type":"button-outline","highlight_posts_posts_number":"4","blog_page_title_font_control":{"font-family":"Merriweather","font-size":"20px","text-transform":"none","font-backup":"","variant":"700","font-weight":700,"font-style":"normal"},"archive_post_layout":"list","blog_post_category_color":"#fba311","general_title_font_control":{"font-family":"Libre Caslon Text","text-transform":"capitalize","font-backup":"","variant":"700","font-weight":700,"font-style":"normal"},"main_slider_button_border_radius":"5","body_font_control":{"font-family":"Roboto","font-size":"15px","font-backup":"","variant":"regular","font-weight":400,"font-style":"normal"},"custom_logo":133,"disable_site_title":true,"disable_site_tagline":true,"header_button_repeater":[{"header_btn_type":"button-primary","header_btn_bg_color":"#301d44","header_btn_border_color":"#1a1a1a","header_btn_text_color":"#ffffff","header_btn_hover_color":"#fba311","header_btn_text":"Get An Appointment","header_btn_link":"#","header_btn_target":true,"header_btn_radius":"4"}],"disable_notification_bar":true,"footer_widget_layout":"footer_widget_layout_one","disable_footer_widget_title_border":true,"disable_footer_widget_list_item_border":false,"header_separate_logo":"https:\/\/demo.bosathemes.com\/bosa\/business-02\/wp-content\/uploads\/sites\/3\/2021\/02\/bosa-business2-logo-white1.png","bottom_header_text_link_hover_color":"#fba311","blog_post_title_font_control":{"font-family":"Libre Caslon Text","variant":"700","font-size":"20px","text-transform":"none","line-height":"1.4","font-backup":"","font-weight":700,"font-style":"normal"},"main_slider_font_control":{"font-family":"Merriweather","variant":"900","font-size":"50px","text-transform":"uppercase","line-height":"1.3","font-backup":"","font-weight":900,"font-style":"normal"},"section_title_font_control":{"font-family":"Merriweather","variant":"900","font-size":"30px","text-transform":"capitalize","font-backup":"","font-weight":900,"font-style":"normal"},"page_title_font_control":{"font-family":"Libre Caslon Text","variant":"700","font-size":"32px","text-transform":"capitalize","font-backup":"","font-weight":700,"font-style":"normal"},"main_menu_font_control":{"font-family":"Roboto","font-size":"15px","text-transform":"uppercase","variant":"700","line-height":"1.5","font-backup":"","font-weight":700,"font-style":"normal"},"highlight_posts_font_control":{"font-family":"Merriweather","variant":"700","font-size":"18px","text-transform":"capitalize","line-height":"1.4","font-backup":"","font-weight":700,"font-style":"normal"},"feature_posts_columns":"three_columns","feature_posts_overlay_opacity":"4","feature_posts_posts_number":"3","feature_posts_font_control":{"font-family":"Libre Caslon Text","variant":"700","font-size":"20px","text-transform":"capitalize","line-height":"1.4","font-backup":"","font-weight":700,"font-style":"normal"},"feature_posts_height":"300","highlight_posts_title_font_control":{"font-family":"Libre Caslon Text","variant":"700","font-size":"18px","text-transform":"capitalize","line-height":"1.4","font-backup":"","font-weight":700,"font-style":"normal"},"highlight_posts_section_title":"You may also like","slider_button_text":"LEARN MORE","footer_widget_title_font_control":{"font-family":"Libre Caslon Text","variant":"700","font-size":"20px","text-transform":"capitalize","line-height":"1.4","font-backup":"","font-weight":700,"font-style":"normal"},"footer_style_font_control":{"font-family":"Roboto","variant":"regular","font-size":"14px","text-transform":"none","line-height":"1.6","font-backup":"","font-weight":400,"font-style":"normal"},"sidebar_widget_title_font_control":{"font-family":"Libre Caslon Text","variant":"700","font-size":"15px","text-transform":"capitalize","line-height":"1.4","font-backup":"","font-weight":700,"font-style":"normal"},"transparent_header_button_repeater":[{"transparent_header_btn_type":"button-outline","transparent_header_home_btn_bg_color":"#eb5a3e","transparent_header_home_btn_border_color":"#ffffff","transparent_header_home_btn_text_color":"#ffffff","transparent_header_btn_bg_color":"#eb5a3e","transparent_header_btn_border_color":"#383838","transparent_header_btn_text_color":"#383838","transparent_header_btn_hover_color":"#bf1b23","transparent_header_btn_text":"Get a Quote","transparent_header_btn_link":"#","transparent_header_btn_target":true,"transparent_header_btn_radius":"5"}],"notification_button_repeater":[{"noti_btn_type":"button-primary","noti_btn_bg_color":"#f3525a","noti_btn_border_color":"#ffffff","noti_btn_text_color":"#ffffff","noti_btn_hover_color":"#bb1919","noti_btn_text":"View More","noti_btn_link":"#","noti_btn_target":true,"noti_btn_radius":0}],"footer_widget_area_top_padding":"60","main_slider_button_repeater":[{"slider_btn_type":"button-outline","slider_btn_bg_color":"#fba311","slider_btn_border_color":"#ffffff","slider_btn_text_color":"#ffffff","slider_btn_hover_color":"#fba311","slider_btn_text":"Learn More","slider_btn_radius":"5"}],"main_banner_buttons_repeater":[{"banner_btn_type":"button-primary","banner_btn_bg_color":"#f3525a","banner_btn_border_color":"#ffffff","banner_btn_text_color":"#ffffff","banner_btn_hover_color":"#bf1b23","banner_btn_text":"Learn More","banner_btn_link":"#","banner_btn_target":true,"banner_btn_radius":"13"}],"blog_page_button_repeater":[{"blog_btn_type":"button-primary","blog_btn_bg_color":"#fba311","blog_btn_border_color":"#1a1a1a","blog_btn_text_color":"#ffffff","blog_btn_hover_color":"#301d44","blog_btn_text":"View More","blog_btn_radius":"4"}],"bottom_footer_image_width":"170","bottom_footer_image":"https:\/\/demo.bosathemes.com\/bosa\/business-02\/wp-content\/uploads\/sites\/3\/2021\/02\/bosa-business2-logo-white1.png","bottom_footer_area_top_padding":"30","bottom_footer_area_bottom_padding":"30","social_icons_size":"16","disable_hamburger_menu_icon":false,"top_header_text_link_hover_color":"#fba311","top_hover_color_transparent_header":"#e79296","content_hover_color_transparent_header":"#e79296","disable_fixed_header":true,"header_buttons_font_control":{"font-family":"Roboto","variant":"500","font-size":"14px","text-transform":"capitalize","line-height":"1.3","font-backup":"","font-weight":500,"font-style":"normal"},"disable_footer_widget":false,"separate_hover_color_for_main_slider":"#fba311","main_slider_cat_font_control":{"font-family":"Roboto","variant":"regular","font-size":"15px","text-transform":"uppercase","line-height":"1.6","font-backup":"","font-weight":400,"font-style":"normal"},"main_slider_title_font_control":{"font-family":"Libre Caslon Text","variant":"700","font-size":"50px","text-transform":"capitalize","line-height":"1.4","font-backup":"","font-weight":700,"font-style":"normal"},"main_slider_meta_font_control":{"font-family":"Roboto","variant":"regular","font-size":"13px","text-transform":"capitalize","line-height":"1.6","font-backup":"","font-weight":400,"font-style":"normal"},"main_slider_excerpt_font_control":{"font-family":"Roboto","variant":"regular","font-size":"16px","text-transform":"initial","line-height":"1.8","font-backup":"","font-weight":400,"font-style":"normal"},"main_slider_button_font_control":{"font-family":"Roboto","variant":"500","font-size":"15px","text-transform":"capitalize","line-height":"1.5","font-backup":"","font-weight":500,"font-style":"normal"},"disable_feature_posts_section_title":false,"disable_latest_posts_section_title":true,"highlight_posts_cat_font_control":{"font-family":"Roboto","variant":"regular","font-size":"12px","text-transform":"capitalize","line-height":"1","font-backup":"","font-weight":400,"font-style":"normal"},"highlight_posts_meta_font_control":{"font-family":"Roboto","variant":"regular","font-size":"13px","text-transform":"capitalize","line-height":"1.6","font-backup":"","font-weight":400,"font-style":"normal"},"blog_post_cat_font_control":{"font-family":"Roboto","variant":"500","font-size":"15px","text-transform":"capitalize","line-height":"1.6","font-backup":"","font-weight":500,"font-style":"normal"},"blog_post_meta_font_control":{"font-family":"Roboto","variant":"regular","font-size":"13px","text-transform":"capitalize","line-height":"1.6","font-backup":"","font-weight":400,"font-style":"normal"},"blog_post_excerpt_font_control":{"font-family":"Roboto","variant":"regular","font-size":"15px","text-transform":"initial","line-height":"1.8","font-backup":"","font-weight":400,"font-style":"normal"},"fixed_header_separate_logo":"https:\/\/demo.bosathemes.com\/bosa\/business-02\/wp-content\/uploads\/sites\/3\/2021\/02\/bosa-business2-logo-01.png","fixed_header_logo_width":"160","transparent_header_top_header_color":"#e0e0e0","top_header_background_color":"#301d44","top_header_text_color":"#ffffff","transparent_header_top_background_color":"rgba(221,153,51,0)","preloader_animation":"animation_seven","preloader_custom_image_width":"40","disable_preloader":false,"disable_mobile_search_icon":true,"contact_phone":"+ 1987 123456","contact_email":"yourmail@email.com","contact_address":"Rock Street, San Francisco","disable_sticky_sidebar":false,"sub_menu_link_hover_color":"#fba311","notification_bar_buttons_font_control":{"font-family":"Rubik","variant":"500","font-size":"13px","text-transform":"uppercase","line-height":"1","font-backup":"","font-weight":500,"font-style":"normal"},"main_slider_controls":"slider","main_banner_button_font_control":{"font-family":"Rubik","variant":"500","font-size":"15px","text-transform":"uppercase","line-height":"1","font-backup":"","font-weight":500,"font-style":"normal"},"hide_post_button":false,"blog_post_button_font_control":{"font-family":"Roboto","variant":"regular","font-size":"14px","text-transform":"capitalize","line-height":"1.6","font-backup":"","font-weight":400,"font-style":"normal"},"maintenance_buttons_font_control":{"font-family":"Rubik","variant":"500","font-size":"15px","text-transform":"uppercase","line-height":"1","font-backup":"","font-weight":500,"font-style":"normal"},"bottom_footer_image_link":"https:\/\/demo.bosathemes.com\/bosa\/business-02\/","site_title_color":"#301d44","site_tagline_color":"#301d44","mid_header_text_color":"#301d44","mid_header_text_link_hover_color":"#fba311","bottom_header_text_color":"#301d44","header_phone_label":"Phone Number","header_email_label":"Email Adress","header_address_label":"Address Details","contact_label_font_control":{"font-family":"Roboto","variant":"700","font-size":"14px","text-transform":"uppercase","line-height":"1.6","font-backup":"","font-weight":700,"font-style":"normal"},"header_icon_color":"#fba311","site_body_text_color":"#301d44","header_textcolor":"#301d44","site_heading_text_color":"#301d44","site_title_font_control":{"font-family":"Libre Caslon Text","variant":"700","font-size":"26px","text-transform":"none","font-backup":"","font-weight":700,"font-style":"normal"},"site_description_font_control":{"font-family":"Roboto","variant":"regular","font-size":"14px","text-transform":"none","font-backup":"","font-weight":400,"font-style":"normal"},"main_menu_description_font_control":{"font-family":"Roboto","font-size":"11px","text-transform":"capitalize","variant":"regular","line-height":"1.3","font-backup":"","font-weight":400,"font-style":"normal"},"footer_widget_area_bottom_padding":"60","disable_footer_menu":true,"slider_posts_number":"3","background_color_main_slider":"rgba(2,1,1,0.6)","feature_posts_section_title_font_control":{"font-family":"Libre Caslon Text","variant":"700","font-size":"24px","text-transform":"none","line-height":"1.2","font-backup":"","font-weight":700,"font-style":"normal"},"feature_posts_section_title_desc_alignment":"left","featured_post_category_bgcolor":"#fba311","featured_post_hover_color":"#fba311","feature_posts_text_alignment":"text-center","feature_posts_title_alignment":"align-center","featured_posts_cat_font_control":{"font-family":"Roboto","variant":"regular","font-size":"14px","text-transform":"capitalize","line-height":"1","font-backup":"","font-weight":400,"font-style":"normal"},"featured_posts_meta_font_control":{"font-family":"Roboto","variant":"regular","font-size":"13px","text-transform":"capitalize","line-height":"1.6","font-backup":"","font-weight":400,"font-style":"normal"},"highlight_posts_section_title_font_control":{"font-family":"Libre Caslon Text","variant":"700","font-size":"24px","text-transform":"none","line-height":"1.2","font-backup":"","font-weight":700,"font-style":"normal"},"highlight_post_title_color":"#301d44","highlight_post_category_bgcolor":"#fba311","highlight_post_meta_color":"#301d44","highlight_post_hover_color":"#fba311","blog_post_title_color":"#301d44","blog_post_meta_color":"#fba311","blog_post_text_color":"#301d44"},"theme_mods_bosa-pro-child":{"custom_css_post_id":12,"advanced_import_setup_complete":1613736936,"logo_width":"170","header_image_slider":[],"social_media_links":[{"icon":"fab fa-facebook","link":"#","target":true},{"icon":"fab fa-twitter","link":"#","target":true},{"icon":"fab fa-google","link":"#","target":true},{"icon":"fab fa-instagram","link":"#","target":true},{"icon":"fab fa-pinterest","link":"#","target":true}],"main_banner_buttons":[{"text":"Button Text","link":"#","type":"button-outline"}],"coming_maintenance_buttons":[{"maintenance_btn_type":"button-primary","maintenance_btn_bg_color":"#f3525a","maintenance_btn_border_color":"#ffffff","maintenance_btn_text_color":"#ffffff","maintenance_btn_hover_color":"#bf1b23","maintenance_btn_text":"learn more","maintenance_btn_link":"#","maintenance_btn_target":true,"maintenance_btn_radius":"5"}],"coming_maintenance_image_slider":[],"header_layout":"header_five","header_image_height":"90","disable_header_button":false,"top_footer_widget_columns":"three_columns","top_footer_background_color":"#301d44","top_footer_widget_title_color":"#ffffff","top_footer_widget_content_color":"#c6c6c6","top_footer_widget_link_color":"#cccccc","top_footer_widget_link_hover_color":"#fba311","bottom_footer_background_color":"rgba(48,29,68,0.93)","bottom_footer_text_color":"#dddddd","bottom_footer_text_link_color":"#ffffff","footer_layout":"footer_seven","bottom_footer_text_link_hover_color":"#fba311","footer_text":"Copyright \u00a9 2021<a href=\"https:\/\/demo.bosathemes.com\/bosa\/consultancy\" title=\"Bosa Business \"> Bosa Consultancy<\/a> .  Theme: <a href=\"https:\/\/bosathemes.com\/\" target=\"_blank\" title=\"Bosa\" rel=\"author\">Bosa<\/a> By KeonThemes.","site_primary_color":"#301d44","site_hover_color":"#5a3ac7","hide_slider_category":false,"main_slider_height":"650","slider_image_overlay_opacity":"5","slider_button_type":"button-outline","highlight_posts_posts_number":"4","blog_page_title_font_control":{"font-family":"Merriweather","font-size":"20px","text-transform":"none","font-backup":"","variant":"700","font-weight":700,"font-style":"normal"},"archive_post_layout":"list","blog_post_category_color":"#fba311","general_title_font_control":{"font-family":"Libre Caslon Text","text-transform":"capitalize","font-backup":"","variant":"700","font-weight":700,"font-style":"normal"},"main_slider_button_border_radius":"5","body_font_control":{"font-family":"Roboto","font-size":"15px","font-backup":"","variant":"regular","font-weight":400,"font-style":"normal"},"custom_logo":133,"disable_site_title":true,"disable_site_tagline":true,"header_button_repeater":[{"header_btn_type":"button-primary","header_btn_bg_color":"#301d44","header_btn_border_color":"#1a1a1a","header_btn_text_color":"#ffffff","header_btn_hover_color":"#fba311","header_btn_text":"Get An Appointment","header_btn_link":"#","header_btn_target":true,"header_btn_radius":"4"}],"disable_notification_bar":true,"footer_widget_layout":"footer_widget_layout_one","disable_footer_widget_title_border":true,"disable_footer_widget_list_item_border":false,"header_separate_logo":"https:\/\/demo.bosathemes.com\/bosa\/business-02\/wp-content\/uploads\/sites\/3\/2021\/02\/bosa-business2-logo-white1.png","bottom_header_text_link_hover_color":"#fba311","blog_post_title_font_control":{"font-family":"Libre Caslon Text","variant":"700","font-size":"20px","text-transform":"none","line-height":"1.4","font-backup":"","font-weight":700,"font-style":"normal"},"main_slider_font_control":{"font-family":"Merriweather","variant":"900","font-size":"50px","text-transform":"uppercase","line-height":"1.3","font-backup":"","font-weight":900,"font-style":"normal"},"section_title_font_control":{"font-family":"Merriweather","variant":"900","font-size":"30px","text-transform":"capitalize","font-backup":"","font-weight":900,"font-style":"normal"},"page_title_font_control":{"font-family":"Libre Caslon Text","variant":"700","font-size":"32px","text-transform":"capitalize","font-backup":"","font-weight":700,"font-style":"normal"},"main_menu_font_control":{"font-family":"Roboto","font-size":"15px","text-transform":"uppercase","variant":"700","line-height":"1.5","font-backup":"","font-weight":700,"font-style":"normal"},"highlight_posts_font_control":{"font-family":"Merriweather","variant":"700","font-size":"18px","text-transform":"capitalize","line-height":"1.4","font-backup":"","font-weight":700,"font-style":"normal"},"feature_posts_columns":"three_columns","feature_posts_overlay_opacity":"4","feature_posts_posts_number":"3","feature_posts_font_control":{"font-family":"Libre Caslon Text","variant":"700","font-size":"20px","text-transform":"capitalize","line-height":"1.4","font-backup":"","font-weight":700,"font-style":"normal"},"feature_posts_height":"300","highlight_posts_title_font_control":{"font-family":"Libre Caslon Text","variant":"700","font-size":"18px","text-transform":"capitalize","line-height":"1.4","font-backup":"","font-weight":700,"font-style":"normal"},"highlight_posts_section_title":"You may also like","slider_button_text":"LEARN MORE","footer_widget_title_font_control":{"font-family":"Libre Caslon Text","variant":"700","font-size":"20px","text-transform":"capitalize","line-height":"1.4","font-backup":"","font-weight":700,"font-style":"normal"},"footer_style_font_control":{"font-family":"Roboto","variant":"regular","font-size":"14px","text-transform":"none","line-height":"1.6","font-backup":"","font-weight":400,"font-style":"normal"},"sidebar_widget_title_font_control":{"font-family":"Libre Caslon Text","variant":"700","font-size":"15px","text-transform":"capitalize","line-height":"1.4","font-backup":"","font-weight":700,"font-style":"normal"},"transparent_header_button_repeater":[{"transparent_header_btn_type":"button-outline","transparent_header_home_btn_bg_color":"#eb5a3e","transparent_header_home_btn_border_color":"#ffffff","transparent_header_home_btn_text_color":"#ffffff","transparent_header_btn_bg_color":"#eb5a3e","transparent_header_btn_border_color":"#383838","transparent_header_btn_text_color":"#383838","transparent_header_btn_hover_color":"#bf1b23","transparent_header_btn_text":"Get a Quote","transparent_header_btn_link":"#","transparent_header_btn_target":true,"transparent_header_btn_radius":"5"}],"notification_button_repeater":[{"noti_btn_type":"button-primary","noti_btn_bg_color":"#f3525a","noti_btn_border_color":"#ffffff","noti_btn_text_color":"#ffffff","noti_btn_hover_color":"#bb1919","noti_btn_text":"View More","noti_btn_link":"#","noti_btn_target":true,"noti_btn_radius":0}],"footer_widget_area_top_padding":"60","main_slider_button_repeater":[{"slider_btn_type":"button-outline","slider_btn_bg_color":"#fba311","slider_btn_border_color":"#ffffff","slider_btn_text_color":"#ffffff","slider_btn_hover_color":"#fba311","slider_btn_text":"Learn More","slider_btn_radius":"5"}],"main_banner_buttons_repeater":[{"banner_btn_type":"button-primary","banner_btn_bg_color":"#f3525a","banner_btn_border_color":"#ffffff","banner_btn_text_color":"#ffffff","banner_btn_hover_color":"#bf1b23","banner_btn_text":"Learn More","banner_btn_link":"#","banner_btn_target":true,"banner_btn_radius":"13"}],"blog_page_button_repeater":[{"blog_btn_type":"button-primary","blog_btn_bg_color":"#fba311","blog_btn_border_color":"#1a1a1a","blog_btn_text_color":"#ffffff","blog_btn_hover_color":"#301d44","blog_btn_text":"View More","blog_btn_radius":"4"}],"bottom_footer_image_width":"170","bottom_footer_image":"https:\/\/demo.bosathemes.com\/bosa\/business-02\/wp-content\/uploads\/sites\/3\/2021\/02\/bosa-business2-logo-white1.png","bottom_footer_area_top_padding":"30","bottom_footer_area_bottom_padding":"30","social_icons_size":"16","disable_hamburger_menu_icon":false,"top_header_text_link_hover_color":"#fba311","top_hover_color_transparent_header":"#e79296","content_hover_color_transparent_header":"#e79296","disable_fixed_header":true,"header_buttons_font_control":{"font-family":"Roboto","variant":"500","font-size":"14px","text-transform":"capitalize","line-height":"1.3","font-backup":"","font-weight":500,"font-style":"normal"},"disable_footer_widget":false,"separate_hover_color_for_main_slider":"#fba311","main_slider_cat_font_control":{"font-family":"Roboto","variant":"regular","font-size":"15px","text-transform":"uppercase","line-height":"1.6","font-backup":"","font-weight":400,"font-style":"normal"},"main_slider_title_font_control":{"font-family":"Libre Caslon Text","variant":"700","font-size":"50px","text-transform":"capitalize","line-height":"1.4","font-backup":"","font-weight":700,"font-style":"normal"},"main_slider_meta_font_control":{"font-family":"Roboto","variant":"regular","font-size":"13px","text-transform":"capitalize","line-height":"1.6","font-backup":"","font-weight":400,"font-style":"normal"},"main_slider_excerpt_font_control":{"font-family":"Roboto","variant":"regular","font-size":"16px","text-transform":"initial","line-height":"1.8","font-backup":"","font-weight":400,"font-style":"normal"},"main_slider_button_font_control":{"font-family":"Roboto","variant":"500","font-size":"15px","text-transform":"capitalize","line-height":"1.5","font-backup":"","font-weight":500,"font-style":"normal"},"disable_feature_posts_section_title":false,"disable_latest_posts_section_title":true,"highlight_posts_cat_font_control":{"font-family":"Roboto","variant":"regular","font-size":"12px","text-transform":"capitalize","line-height":"1","font-backup":"","font-weight":400,"font-style":"normal"},"highlight_posts_meta_font_control":{"font-family":"Roboto","variant":"regular","font-size":"13px","text-transform":"capitalize","line-height":"1.6","font-backup":"","font-weight":400,"font-style":"normal"},"blog_post_cat_font_control":{"font-family":"Roboto","variant":"500","font-size":"15px","text-transform":"capitalize","line-height":"1.6","font-backup":"","font-weight":500,"font-style":"normal"},"blog_post_meta_font_control":{"font-family":"Roboto","variant":"regular","font-size":"13px","text-transform":"capitalize","line-height":"1.6","font-backup":"","font-weight":400,"font-style":"normal"},"blog_post_excerpt_font_control":{"font-family":"Roboto","variant":"regular","font-size":"15px","text-transform":"initial","line-height":"1.8","font-backup":"","font-weight":400,"font-style":"normal"},"fixed_header_separate_logo":"https:\/\/demo.bosathemes.com\/bosa\/business-02\/wp-content\/uploads\/sites\/3\/2021\/02\/bosa-business2-logo-01.png","fixed_header_logo_width":"160","transparent_header_top_header_color":"#e0e0e0","top_header_background_color":"#301d44","top_header_text_color":"#ffffff","transparent_header_top_background_color":"rgba(221,153,51,0)","preloader_animation":"animation_seven","preloader_custom_image_width":"40","disable_preloader":false,"disable_mobile_search_icon":true,"contact_phone":"+ 1987 123456","contact_email":"yourmail@email.com","contact_address":"Rock Street, San Francisco","disable_sticky_sidebar":false,"sub_menu_link_hover_color":"#fba311","notification_bar_buttons_font_control":{"font-family":"Rubik","variant":"500","font-size":"13px","text-transform":"uppercase","line-height":"1","font-backup":"","font-weight":500,"font-style":"normal"},"main_slider_controls":"slider","main_banner_button_font_control":{"font-family":"Rubik","variant":"500","font-size":"15px","text-transform":"uppercase","line-height":"1","font-backup":"","font-weight":500,"font-style":"normal"},"hide_post_button":false,"blog_post_button_font_control":{"font-family":"Roboto","variant":"regular","font-size":"14px","text-transform":"capitalize","line-height":"1.6","font-backup":"","font-weight":400,"font-style":"normal"},"maintenance_buttons_font_control":{"font-family":"Rubik","variant":"500","font-size":"15px","text-transform":"uppercase","line-height":"1","font-backup":"","font-weight":500,"font-style":"normal"},"bottom_footer_image_link":"https:\/\/demo.bosathemes.com\/bosa\/business-02\/","site_title_color":"#301d44","site_tagline_color":"#301d44","mid_header_text_color":"#301d44","mid_header_text_link_hover_color":"#fba311","bottom_header_text_color":"#301d44","header_phone_label":"Phone Number","header_email_label":"Email Adress","header_address_label":"Address Details","contact_label_font_control":{"font-family":"Roboto","variant":"700","font-size":"14px","text-transform":"uppercase","line-height":"1.6","font-backup":"","font-weight":700,"font-style":"normal"},"header_icon_color":"#fba311","site_body_text_color":"#301d44","header_textcolor":"#301d44","site_heading_text_color":"#301d44","site_title_font_control":{"font-family":"Libre Caslon Text","variant":"700","font-size":"26px","text-transform":"none","font-backup":"","font-weight":700,"font-style":"normal"},"site_description_font_control":{"font-family":"Roboto","variant":"regular","font-size":"14px","text-transform":"none","font-backup":"","font-weight":400,"font-style":"normal"},"main_menu_description_font_control":{"font-family":"Roboto","font-size":"11px","text-transform":"capitalize","variant":"regular","line-height":"1.3","font-backup":"","font-weight":400,"font-style":"normal"},"footer_widget_area_bottom_padding":"60","disable_footer_menu":true,"slider_posts_number":"3","background_color_main_slider":"rgba(2,1,1,0.6)","feature_posts_section_title_font_control":{"font-family":"Libre Caslon Text","variant":"700","font-size":"24px","text-transform":"none","line-height":"1.2","font-backup":"","font-weight":700,"font-style":"normal"},"feature_posts_section_title_desc_alignment":"left","featured_post_category_bgcolor":"#fba311","featured_post_hover_color":"#fba311","feature_posts_text_alignment":"text-center","feature_posts_title_alignment":"align-center","featured_posts_cat_font_control":{"font-family":"Roboto","variant":"regular","font-size":"14px","text-transform":"capitalize","line-height":"1","font-backup":"","font-weight":400,"font-style":"normal"},"featured_posts_meta_font_control":{"font-family":"Roboto","variant":"regular","font-size":"13px","text-transform":"capitalize","line-height":"1.6","font-backup":"","font-weight":400,"font-style":"normal"},"highlight_posts_section_title_font_control":{"font-family":"Libre Caslon Text","variant":"700","font-size":"24px","text-transform":"none","line-height":"1.2","font-backup":"","font-weight":700,"font-style":"normal"},"highlight_post_title_color":"#301d44","highlight_post_category_bgcolor":"#fba311","highlight_post_meta_color":"#301d44","highlight_post_hover_color":"#fba311","blog_post_title_color":"#301d44","blog_post_meta_color":"#fba311","blog_post_text_color":"#301d44","nav_menu_locations":{"menu-1":36,"menu-3":35,"menu-2":37}}}}