{"widget_positions":{"wp_inactive_widgets":["search-3","recent-posts-4","tag_cloud-3","nav_menu-3","bosa_pro_latest_post-3","bosa_pro_latest_post-5","bosa_pro_latest_post-6","archives-2","meta-2","search-2","categories-2","recent-posts-2","recent-comments-2"],"right-sidebar":["search-4","bosa_pro_latest_post-2","categories-4","tag_cloud-4"],"menu-sidebar":["search-6","bosa_pro_latest_post-7","categories-6"],"left-sidebar":["bosa_pro_author_widget-4","categories-3","media_gallery-2"],"woocommerce-right-sidebar":["woocommerce_price_filter-2","woocommerce_products-2","media_gallery-4"],"woocommerce-left-sidebar":[],"footer-sidebar-1":["text-2"],"footer-sidebar-2":["bosa_pro_latest_post-8"],"footer-sidebar-3":["tag_cloud-2"],"footer-sidebar-4":["nav_menu-4"],"array_version":3},"widget_options":{"search":{"3":{"title":"Search"},"4":{"title":"Search"},"6":{"title":"Search"},"_multiwidget":1},"recent-posts":{"4":{"title":"most viewed","number":4,"show_date":true},"_multiwidget":1},"tag_cloud":{"2":{"title":"Post tags","count":0,"taxonomy":"post_tag"},"3":{"title":"Tags","count":0,"taxonomy":"post_tag"},"4":{"title":"Tag","count":0,"taxonomy":"post_tag"},"_multiwidget":1},"nav_menu":{"3":{"title":"Useful Links","nav_menu":"37"},"4":{"title":"Useful Links","nav_menu":"37"},"_multiwidget":1},"bosa_pro_latest_post":{"2":{"title":"Recent posts","category":0,"per_page":"5","show_date_comment":true,"layout":"left"},"3":{"title":"Latest Post","per_page":"2","show_date_comment":true,"layout":"left"},"5":{"title":"Latest Posts","per_page":"5","show_date_comment":true,"layout":"left"},"6":{"title":"Latest Posts","category":0,"per_page":"5","show_date_comment":true,"layout":"left"},"7":{"title":"Latest Posts","category":0,"per_page":"5","show_date_comment":true,"layout":"left"},"8":{"title":"Latest Posts","category":0,"per_page":"2","show_date_comment":true,"layout":"left"},"_multiwidget":1},"archives":{"_multiwidget":1},"meta":{"_multiwidget":1},"categories":{"3":{"title":"Categories","count":1,"hierarchical":0,"dropdown":0},"4":{"title":"Categories","count":1,"hierarchical":0,"dropdown":0},"6":{"title":"Categories","count":1,"hierarchical":0,"dropdown":0},"_multiwidget":1},"recent-comments":{"_multiwidget":1},"bosa_pro_author_widget":{"4":{"title":"About the Author","page_id":48,"full-square-thumb":false,"page_title":true,"excerpt_count":"20","sub_title":"Supervisor","social_title":null,"social_desc":null,"social_menu_icon_1":"fab fa-facebook","social_menu_link_1":"#","social_menu_icon_2":"fab fa-twitter","social_menu_link_2":"#","social_menu_icon_3":"fab fa-ijnstagram","social_menu_link_3":"#","social_menu_icon_4":"","social_menu_link_4":"","social_menu_icon_5":"","social_menu_link_5":"","social_menu_icon_6":"","social_menu_link_6":"","social_menu_icon_7":"","social_menu_link_7":"","social_menu_icon_8":"","social_menu_link_8":"","social_menu_icon_9":"","social_menu_link_9":""},"_multiwidget":1},"media_gallery":{"2":{"title":"Gallery","ids":[181,180,179,178,169,168],"columns":3,"size":"thumbnail","link_type":"post","orderby_random":false},"4":{"title":"Gallery","ids":[114,113,112,111,110,109],"columns":3,"size":"thumbnail","link_type":"post","orderby_random":false},"_multiwidget":1},"woocommerce_price_filter":{"2":{"title":"Filter by price"},"_multiwidget":1},"woocommerce_products":{"2":{"title":"Our Products","number":3,"show":"","orderby":"date","order":"desc","hide_free":0,"show_hidden":0},"_multiwidget":1},"text":{"1":[],"2":{"title":"About Bosa Consultancy","text":"Integer sociis irure aspernatur, arcu euismod anim blanditiis? Aute voluptatum cursus varius, dis ab convallis quo hac cum porta harum pariatur penatibus adipiscing interdum. Aenean. Suspen disse urna dignissim rhoncus ultricies\u00a0 Irure ridiculus.","filter":true,"visual":true},"_multiwidget":1}}}