{"menu":{"menu-2":14,"menu-1":13},"options":{"blogname":"Bosa Business","blogname-child":"Bosa Business","blogdescription":"Bosa is the perfect theme for your Business","blogdescription-child":"Bosa is the perfect theme for your Business","posts_per_page":"10","posts_per_page-child":"10","date_format":"F j, Y","date_format-child":"F j, Y","time_format":"g:i a","time_format-child":"g:i a","show_on_front":"page","show_on_front-child":"page","thumbnail_size_w":"150","thumbnail_size_w-child":"150","thumbnail_size_h":"150","thumbnail_size_h-child":"150","thumbnail_crop":"1","thumbnail_crop-child":"1","medium_size_w":"300","medium_size_w-child":"300","medium_size_h":"300","medium_size_h-child":"300","avatar_default":"mystery","avatar_default-child":"mystery","large_size_w":"1024","large_size_w-child":"1024","large_size_h":"1024","large_size_h-child":"1024","page_for_posts":"33","page_for_posts-child":"33","page_on_front":"37","page_on_front-child":"37","medium_large_size_w":"768","medium_large_size_w-child":"768","medium_large_size_h":"0","medium_large_size_h-child":"0","theme_mods_bosa-pro":{"0":false,"advanced_import_setup_complete":1600170608,"custom_css_post_id":90,"disable_header_button":false,"header_button_background_color":"#09925e","header_image_slider":[],"social_media_links":[{"icon":"fab fa-facebook","link":"#","target":true},{"icon":"fab fa-google","link":"#","target":true},{"icon":"fab fa-instagram","link":"#","target":true},{"icon":"fab fa-twitter","link":"#","target":true},{"icon":"fab fa-pinterest","link":"#","target":true}],"main_banner_buttons":[{"text":"Button Text","link":"#","type":"button-outline"}],"coming_maintenance_buttons":[{"maintenance_btn_type":"button-primary","maintenance_btn_bg_color":"#09925e","maintenance_btn_border_color":"#ffffff","maintenance_btn_text_color":"#ffffff","maintenance_btn_hover_color":"#4054b2","maintenance_btn_text":"Learn more","maintenance_btn_link":"#","maintenance_btn_target":true,"maintenance_btn_radius":0}],"coming_maintenance_image_slider":[],"header_button_text":"Get Quote","header_button_link":"#","top_footer_widget_columns":"three_columns","footer_image":196,"bottom_footer_background_color":"rgba(0,0,0,0.85)","bottom_footer_text_color":"#a7a7a7","bottom_footer_text_link_color":"#f4f4f4","top_footer_background_color":"rgba(0,0,0,0.78)","bottom_footer_text_link_hover_color":"#4054b2","top_footer_widget_title_color":"#e2e2e2","top_footer_widget_content_color":"#c6c6c6","top_footer_widget_link_color":"#e2e2e2","top_footer_widget_link_hover_color":"#4054b2","site_primary_color":"#09925e","site_hover_color":"#4054b2","hide_slider_category":true,"hide_slider_date":true,"hide_slider_author":true,"hide_slider_comment":true,"main_slider_height":"640","highlight_posts_posts_number":"4","highlight_posts_height":"340","archive_post_layout":"list","blog_post_category_color":"#09925e","blog_page_title_font_control":{"font-family":"Teko","font-size":"35px","text-transform":"none","font-backup":"","variant":"regular","font-weight":400,"font-style":"normal"},"body_font_control":{"font-family":"Poppins","font-size":"15px","font-backup":"","variant":"regular","font-weight":400,"font-style":"normal"},"general_title_font_control":{"font-family":"Poppins","text-transform":"capitalize","font-backup":"","variant":"500","font-weight":500,"font-style":"normal"},"page_title_font_control":{"font-family":"Teko","font-size":"40px","text-transform":"uppercase","font-backup":"","variant":"regular","font-weight":400,"font-style":"normal"},"section_title_font_control":{"font-family":"Teko","font-size":"35px","text-transform":"uppercase","font-backup":"","variant":"regular","font-weight":400,"font-style":"normal"},"slider_button_text":"LEARN MORE","logo_width":"150","disable_site_title":true,"disable_site_tagline":true,"notification_bar_button_type":"button-outline","notification_bar_button_border_radius":"0","notification_bar_background_color":"#09925e","notification_bar_button_link":"#","footer_text":"Copyright \u00a9 2021<a href=\"https:\/\/demo.bosathemes.com\/bosa\/business\" title=\"Bosa Business \"> Bosa Business<\/a> .  Theme: <a href=\"https:\/\/bosathemes.com\/\" target=\"_blank\" title=\"Bosa\" rel=\"author\">Bosa<\/a> By KeonThemes.","custom_logo":503,"header_button_repeater":[{"header_btn_type":"button-primary","header_btn_bg_color":"#09925e","header_btn_border_color":"#1a1a1a","header_btn_text_color":"#ffffff","header_btn_hover_color":"#4054b2","header_btn_text":"Get a Quote","header_btn_link":"#","header_btn_target":true,"header_btn_radius":0}],"footer_widget_layout":"footer_widget_layout_six","social_icons_size":"18","notification_bar_image_height":"40","notification_bar_title":"Minima augue eveniet repellendus laoreet dolorem, turpis, facere urna tempora, ducimus.","blog_post_title_font_control":{"font-family":"Teko","variant":"regular","font-size":"26px","text-transform":"uppercase","line-height":"1.2","font-backup":"","font-weight":400,"font-style":"normal"},"highlight_posts_font_control":{"font-family":"Teko","variant":"300","font-size":"26px","text-transform":"uppercase","line-height":"1.4","font-backup":"","font-weight":300,"font-style":"normal"},"post_excerpt_length":"10","main_menu_font_control":{"font-family":"Teko","font-size":"20px","text-transform":"uppercase","variant":"regular","line-height":"1.5","font-backup":"","font-weight":400,"font-style":"normal"},"feature_posts_posts_number":"2","feature_posts_height":"250","feature_posts_font_control":{"font-family":"Teko","variant":"regular","font-size":"24px","text-transform":"uppercase","line-height":"1.4","font-backup":"","font-weight":400,"font-style":"normal"},"feature_posts_section_layouts":"feature_one","highlight_posts_title_font_control":{"font-family":"Teko","variant":"regular","font-size":"24px","text-transform":"uppercase","line-height":"1.2","font-backup":"","font-weight":400,"font-style":"normal"},"main_slider_font_control":{"font-family":"Teko","variant":"500","font-size":"60px","text-transform":"uppercase","line-height":"1.2","font-backup":"","font-weight":500,"font-style":"normal"},"slider_button_type":"button-primary","main_slider_button_border_radius":"0","footer_widget_title_font_control":{"font-family":"Teko","variant":"regular","font-size":"25px","text-transform":"uppercase","line-height":"1.4","font-backup":"","font-weight":400,"font-style":"normal"},"footer_style_font_control":{"font-family":"Teko","variant":"regular","font-size":"20px","text-transform":"uppercase","line-height":"1.6","font-backup":"","font-weight":400,"font-style":"normal"},"sidebar_widget_title_font_control":{"font-family":"Teko","variant":"500","font-size":"20px","text-transform":"uppercase","line-height":"1.4","font-backup":"","font-weight":500,"font-style":"normal"},"hide_post_button":false,"post_button_type":"button-primary","post_button_border_radius":"0","blog_post_button_background_color":"#09925e","post_button_text":"READ MORE","disable_sticky_notification_bar":true,"transparent_header_button_repeater":[{"transparent_header_btn_type":"button-outline","transparent_header_home_btn_bg_color":"#eb5a3e","transparent_header_home_btn_border_color":"#ffffff","transparent_header_home_btn_text_color":"#ffffff","transparent_header_btn_bg_color":"#eb5a3e","transparent_header_btn_border_color":"#1a1a1a","transparent_header_btn_text_color":"#1a1a1a","transparent_header_btn_hover_color":"#086abd","transparent_header_btn_text":"Get a Quote","transparent_header_btn_link":"#","transparent_header_btn_target":true,"transparent_header_btn_radius":0}],"notification_button_repeater":[{"noti_btn_type":"button-outline","noti_btn_bg_color":"#09925e","noti_btn_border_color":"#ffffff","noti_btn_text_color":"#ffffff","noti_btn_hover_color":"#4054b2","noti_btn_text":"View More","noti_btn_link":"#","noti_btn_target":true,"noti_btn_radius":0}],"footer_widget_area_top_padding":"80","main_slider_button_repeater":[{"slider_btn_type":"button-primary","slider_btn_bg_color":"#09925e","slider_btn_border_color":"#ffffff","slider_btn_text_color":"#ffffff","slider_btn_hover_color":"#4054b2","slider_btn_text":"Learn More","slider_btn_radius":0}],"main_banner_buttons_repeater":[{"banner_btn_type":"button-primary","banner_btn_bg_color":"#09925e","banner_btn_border_color":"#ffffff","banner_btn_text_color":"#ffffff","banner_btn_hover_color":"#4054b2","banner_btn_text":"Learn More","banner_btn_link":"#","banner_btn_target":true,"banner_btn_radius":0}],"blog_page_button_repeater":[{"blog_btn_type":"button-primary","blog_btn_bg_color":"#09925e","blog_btn_border_color":"#1a1a1a","blog_btn_text_color":"#ffffff","blog_btn_hover_color":"#4054b2","blog_btn_text":"View More","blog_btn_radius":0}],"top_header_text_color":"#7a7a7a","bottom_header_text_color":"#212121","header_image_height":"80","notification_bar_buttons_font_control":{"font-family":"Poppins","variant":"500","font-size":"13px","text-transform":"uppercase","line-height":"1","font-backup":"","font-weight":500,"font-style":"normal"},"notification_bar_title_font_control":{"font-family":"Poppins","variant":"500","font-size":"13px","text-transform":"none","line-height":"1.3","font-backup":"","font-weight":500,"font-style":"normal"},"disable_hamburger_menu_icon":true,"header_buttons_font_control":{"font-family":"Open Sans","variant":"700","font-size":"13px","text-transform":"uppercase","line-height":"1","font-backup":"","font-weight":700,"font-style":"normal"},"separate_hover_color_for_main_slider":"#4054b2","main_slider_title_font_control":{"font-family":"Teko","variant":"500","font-size":"65px","text-transform":"uppercase","line-height":"1.2","font-backup":"","font-weight":500,"font-style":"normal"},"main_slider_button_font_control":{"font-family":"Open Sans","variant":"600","font-size":"15px","text-transform":"uppercase","line-height":"1.5","font-backup":"","font-weight":600,"font-style":"normal"},"disable_feature_posts_section":false,"feature_posts_category":"","disable_feature_posts_section_title":true,"highlight_posts_cat_font_control":{"font-family":"Poppins","variant":"500","font-size":"11px","text-transform":"uppercase","line-height":"1","font-backup":"","font-weight":500,"font-style":"normal"},"blog_post_cat_font_control":{"font-family":"Poppins","variant":"regular","font-size":"13px","text-transform":"uppercase","line-height":"1.6","font-backup":"","font-weight":400,"font-style":"normal"},"blog_post_button_font_control":{"font-family":"Open Sans","variant":"600","font-size":"14px","text-transform":"uppercase","line-height":"1.8","font-backup":"","font-weight":600,"font-style":"normal"},"feature_posts_columns":"two_columns","preloader_custom_image_width":"35","disable_mobile_search_icon":false,"contact_phone":"+ 1987 123456","contact_email":"yourmail@email.com","contact_address":"Rock Street, San Francisco","disable_sticky_sidebar":false,"main_slider_controls":"slider","main_banner_button_font_control":{"font-family":"Open Sans","variant":"600","font-size":"15px","text-transform":"uppercase","line-height":"1.6","font-backup":"","font-weight":600,"font-style":"normal"},"main_slider_excerpt_font_control":{"font-family":"Open Sans","variant":"regular","font-size":"17px","text-transform":"initial","line-height":"1.8","font-backup":"","font-weight":400,"font-style":"normal"},"maintenance_buttons_font_control":{"font-family":"Open Sans","variant":"600","font-size":"15px","text-transform":"uppercase","line-height":"1.4","font-backup":"","font-weight":600,"font-style":"normal"},"coming_maintenance_media_options":"slider","featured_post_category_bgcolor":"#09925e","featured_post_hover_color":"#4054b2","highlight_post_category_bgcolor":"#09925e","highlight_post_title_color":"#101010","feature_posts_text_alignment":"text-center","feature_posts_title_alignment":"align-center","highlight_posts_section_title_font_control":{"font-family":"Teko","variant":"regular","font-size":"35px","text-transform":"uppercase","line-height":"1.2","font-backup":"","font-weight":400,"font-style":"normal"}},"theme_mods_bosa-pro-child":{"0":false,"nav_menu_locations":{"menu-2":14,"menu-1":13},"advanced_import_setup_complete":1600170608,"custom_css_post_id":90,"disable_header_button":false,"header_button_background_color":"#09925e","header_image_slider":[],"social_media_links":[{"icon":"fab fa-facebook","link":"#","target":true},{"icon":"fab fa-google","link":"#","target":true},{"icon":"fab fa-instagram","link":"#","target":true},{"icon":"fab fa-twitter","link":"#","target":true},{"icon":"fab fa-pinterest","link":"#","target":true}],"main_banner_buttons":[{"text":"Button Text","link":"#","type":"button-outline"}],"coming_maintenance_buttons":[{"maintenance_btn_type":"button-primary","maintenance_btn_bg_color":"#09925e","maintenance_btn_border_color":"#ffffff","maintenance_btn_text_color":"#ffffff","maintenance_btn_hover_color":"#4054b2","maintenance_btn_text":"Learn more","maintenance_btn_link":"#","maintenance_btn_target":true,"maintenance_btn_radius":0}],"coming_maintenance_image_slider":[],"header_button_text":"Get Quote","header_button_link":"#","top_footer_widget_columns":"three_columns","footer_image":196,"bottom_footer_background_color":"rgba(0,0,0,0.85)","bottom_footer_text_color":"#a7a7a7","bottom_footer_text_link_color":"#f4f4f4","top_footer_background_color":"rgba(0,0,0,0.78)","bottom_footer_text_link_hover_color":"#4054b2","top_footer_widget_title_color":"#e2e2e2","top_footer_widget_content_color":"#c6c6c6","top_footer_widget_link_color":"#e2e2e2","top_footer_widget_link_hover_color":"#4054b2","site_primary_color":"#09925e","site_hover_color":"#4054b2","hide_slider_category":true,"hide_slider_date":true,"hide_slider_author":true,"hide_slider_comment":true,"main_slider_height":"640","highlight_posts_posts_number":"4","highlight_posts_height":"340","archive_post_layout":"list","blog_post_category_color":"#09925e","blog_page_title_font_control":{"font-family":"Teko","font-size":"35px","text-transform":"none","font-backup":"","variant":"regular","font-weight":400,"font-style":"normal"},"body_font_control":{"font-family":"Poppins","font-size":"15px","font-backup":"","variant":"regular","font-weight":400,"font-style":"normal"},"general_title_font_control":{"font-family":"Poppins","text-transform":"capitalize","font-backup":"","variant":"500","font-weight":500,"font-style":"normal"},"page_title_font_control":{"font-family":"Teko","font-size":"40px","text-transform":"uppercase","font-backup":"","variant":"regular","font-weight":400,"font-style":"normal"},"section_title_font_control":{"font-family":"Teko","font-size":"35px","text-transform":"uppercase","font-backup":"","variant":"regular","font-weight":400,"font-style":"normal"},"slider_button_text":"LEARN MORE","logo_width":"150","disable_site_title":true,"disable_site_tagline":true,"notification_bar_button_type":"button-outline","notification_bar_button_border_radius":"0","notification_bar_background_color":"#09925e","notification_bar_button_link":"#","footer_text":"Copyright \u00a9 2021<a href=\"https:\/\/demo.bosathemes.com\/bosa\/business\" title=\"Bosa Business \"> Bosa Business<\/a> .  Theme: <a href=\"https:\/\/bosathemes.com\/\" target=\"_blank\" title=\"Bosa\" rel=\"author\">Bosa<\/a> By KeonThemes.","custom_logo":503,"header_button_repeater":[{"header_btn_type":"button-primary","header_btn_bg_color":"#09925e","header_btn_border_color":"#1a1a1a","header_btn_text_color":"#ffffff","header_btn_hover_color":"#4054b2","header_btn_text":"Get a Quote","header_btn_link":"#","header_btn_target":true,"header_btn_radius":0}],"footer_widget_layout":"footer_widget_layout_six","social_icons_size":"18","notification_bar_image_height":"40","notification_bar_title":"Minima augue eveniet repellendus laoreet dolorem, turpis, facere urna tempora, ducimus.","blog_post_title_font_control":{"font-family":"Teko","variant":"regular","font-size":"26px","text-transform":"uppercase","line-height":"1.2","font-backup":"","font-weight":400,"font-style":"normal"},"highlight_posts_font_control":{"font-family":"Teko","variant":"300","font-size":"26px","text-transform":"uppercase","line-height":"1.4","font-backup":"","font-weight":300,"font-style":"normal"},"post_excerpt_length":"10","main_menu_font_control":{"font-family":"Teko","font-size":"20px","text-transform":"uppercase","variant":"regular","line-height":"1.5","font-backup":"","font-weight":400,"font-style":"normal"},"feature_posts_posts_number":"2","feature_posts_height":"250","feature_posts_font_control":{"font-family":"Teko","variant":"regular","font-size":"24px","text-transform":"uppercase","line-height":"1.4","font-backup":"","font-weight":400,"font-style":"normal"},"feature_posts_section_layouts":"feature_one","highlight_posts_title_font_control":{"font-family":"Teko","variant":"regular","font-size":"24px","text-transform":"uppercase","line-height":"1.2","font-backup":"","font-weight":400,"font-style":"normal"},"main_slider_font_control":{"font-family":"Teko","variant":"500","font-size":"60px","text-transform":"uppercase","line-height":"1.2","font-backup":"","font-weight":500,"font-style":"normal"},"slider_button_type":"button-primary","main_slider_button_border_radius":"0","footer_widget_title_font_control":{"font-family":"Teko","variant":"regular","font-size":"25px","text-transform":"uppercase","line-height":"1.4","font-backup":"","font-weight":400,"font-style":"normal"},"footer_style_font_control":{"font-family":"Teko","variant":"regular","font-size":"20px","text-transform":"uppercase","line-height":"1.6","font-backup":"","font-weight":400,"font-style":"normal"},"sidebar_widget_title_font_control":{"font-family":"Teko","variant":"500","font-size":"20px","text-transform":"uppercase","line-height":"1.4","font-backup":"","font-weight":500,"font-style":"normal"},"hide_post_button":false,"post_button_type":"button-primary","post_button_border_radius":"0","blog_post_button_background_color":"#09925e","post_button_text":"READ MORE","disable_sticky_notification_bar":true,"transparent_header_button_repeater":[{"transparent_header_btn_type":"button-outline","transparent_header_home_btn_bg_color":"#eb5a3e","transparent_header_home_btn_border_color":"#ffffff","transparent_header_home_btn_text_color":"#ffffff","transparent_header_btn_bg_color":"#eb5a3e","transparent_header_btn_border_color":"#1a1a1a","transparent_header_btn_text_color":"#1a1a1a","transparent_header_btn_hover_color":"#086abd","transparent_header_btn_text":"Get a Quote","transparent_header_btn_link":"#","transparent_header_btn_target":true,"transparent_header_btn_radius":0}],"notification_button_repeater":[{"noti_btn_type":"button-outline","noti_btn_bg_color":"#09925e","noti_btn_border_color":"#ffffff","noti_btn_text_color":"#ffffff","noti_btn_hover_color":"#4054b2","noti_btn_text":"View More","noti_btn_link":"#","noti_btn_target":true,"noti_btn_radius":0}],"footer_widget_area_top_padding":"80","main_slider_button_repeater":[{"slider_btn_type":"button-primary","slider_btn_bg_color":"#09925e","slider_btn_border_color":"#ffffff","slider_btn_text_color":"#ffffff","slider_btn_hover_color":"#4054b2","slider_btn_text":"Learn More","slider_btn_radius":0}],"main_banner_buttons_repeater":[{"banner_btn_type":"button-primary","banner_btn_bg_color":"#09925e","banner_btn_border_color":"#ffffff","banner_btn_text_color":"#ffffff","banner_btn_hover_color":"#4054b2","banner_btn_text":"Learn More","banner_btn_link":"#","banner_btn_target":true,"banner_btn_radius":0}],"blog_page_button_repeater":[{"blog_btn_type":"button-primary","blog_btn_bg_color":"#09925e","blog_btn_border_color":"#1a1a1a","blog_btn_text_color":"#ffffff","blog_btn_hover_color":"#4054b2","blog_btn_text":"View More","blog_btn_radius":0}],"top_header_text_color":"#7a7a7a","bottom_header_text_color":"#212121","header_image_height":"80","notification_bar_buttons_font_control":{"font-family":"Poppins","variant":"500","font-size":"13px","text-transform":"uppercase","line-height":"1","font-backup":"","font-weight":500,"font-style":"normal"},"notification_bar_title_font_control":{"font-family":"Poppins","variant":"500","font-size":"13px","text-transform":"none","line-height":"1.3","font-backup":"","font-weight":500,"font-style":"normal"},"disable_hamburger_menu_icon":true,"header_buttons_font_control":{"font-family":"Open Sans","variant":"700","font-size":"13px","text-transform":"uppercase","line-height":"1","font-backup":"","font-weight":700,"font-style":"normal"},"separate_hover_color_for_main_slider":"#4054b2","main_slider_title_font_control":{"font-family":"Teko","variant":"500","font-size":"65px","text-transform":"uppercase","line-height":"1.2","font-backup":"","font-weight":500,"font-style":"normal"},"main_slider_button_font_control":{"font-family":"Open Sans","variant":"600","font-size":"15px","text-transform":"uppercase","line-height":"1.5","font-backup":"","font-weight":600,"font-style":"normal"},"disable_feature_posts_section":false,"feature_posts_category":"","disable_feature_posts_section_title":true,"highlight_posts_cat_font_control":{"font-family":"Poppins","variant":"500","font-size":"11px","text-transform":"uppercase","line-height":"1","font-backup":"","font-weight":500,"font-style":"normal"},"blog_post_cat_font_control":{"font-family":"Poppins","variant":"regular","font-size":"13px","text-transform":"uppercase","line-height":"1.6","font-backup":"","font-weight":400,"font-style":"normal"},"blog_post_button_font_control":{"font-family":"Open Sans","variant":"600","font-size":"14px","text-transform":"uppercase","line-height":"1.8","font-backup":"","font-weight":600,"font-style":"normal"},"feature_posts_columns":"two_columns","preloader_custom_image_width":"35","disable_mobile_search_icon":false,"contact_phone":"+ 1987 123456","contact_email":"yourmail@email.com","contact_address":"Rock Street, San Francisco","disable_sticky_sidebar":false,"main_slider_controls":"slider","main_banner_button_font_control":{"font-family":"Open Sans","variant":"600","font-size":"15px","text-transform":"uppercase","line-height":"1.6","font-backup":"","font-weight":600,"font-style":"normal"},"main_slider_excerpt_font_control":{"font-family":"Open Sans","variant":"regular","font-size":"17px","text-transform":"initial","line-height":"1.8","font-backup":"","font-weight":400,"font-style":"normal"},"maintenance_buttons_font_control":{"font-family":"Open Sans","variant":"600","font-size":"15px","text-transform":"uppercase","line-height":"1.4","font-backup":"","font-weight":600,"font-style":"normal"},"coming_maintenance_media_options":"slider","featured_post_category_bgcolor":"#09925e","featured_post_hover_color":"#4054b2","highlight_post_category_bgcolor":"#09925e","highlight_post_title_color":"#101010","feature_posts_text_alignment":"text-center","feature_posts_title_alignment":"align-center","highlight_posts_section_title_font_control":{"font-family":"Teko","variant":"regular","font-size":"35px","text-transform":"uppercase","line-height":"1.2","font-backup":"","font-weight":400,"font-style":"normal"}},"woocommerce_shop_page_id":"238","woocommerce_shop_page_id-child":"238"}}