{"widget_positions":{"wp_inactive_widgets":["archives-2","meta-2","search-2","categories-2","recent-posts-2","recent-comments-2"],"menu-sidebar":["text-3","bosa_pro_latest_post-4"],"left-sidebar":["bosa_pro_author_widget-2","categories-3","media_gallery-2"],"right-sidebar":["calendar-2","categories-4","bosa_pro_latest_post-3","media_gallery-3"],"woocommerce-left-sidebar":[],"woocommerce-right-sidebar":["woocommerce_product_search-2","woocommerce_price_filter-2","woocommerce_products-2","media_gallery-4"],"footer-sidebar-1":["text-2"],"footer-sidebar-2":["bosa_pro_latest_post-2"],"footer-sidebar-3":["tag_cloud-2"],"footer-sidebar-4":[],"array_version":3},"widget_options":{"archives":{"2":{"title":"","count":0,"dropdown":0},"_multiwidget":1},"meta":{"2":{"title":""},"_multiwidget":1},"search":{"3":{"title":"Search"},"_multiwidget":1,"2":{"title":""}},"categories":{"3":{"title":"Categories","count":1,"hierarchical":0,"dropdown":0},"4":{"title":"Categories","count":1,"hierarchical":0,"dropdown":0},"_multiwidget":1,"2":{"title":"","count":0,"hierarchical":0,"dropdown":0}},"recent-posts":{"2":{"title":"","number":5},"_multiwidget":1},"recent-comments":{"2":{"title":"","number":5},"_multiwidget":1},"text":{"1":[],"2":{"title":"About Bosa Business","text":"Integer, sociis irure aspernatur, arcu euismod anim blanditiis? Aute voluptatum cursus varius, dis ab convallis quo hac cum porta harum pariatur penatibus adipiscing interdum. Aenean.","filter":true,"visual":true},"3":{"title":"About us","text":"Voluptates cras ex numquam euismod fermentum eum. Ullamcorper, soluta dictumst corporis reprehenderit per rem, ipsa netus ratione totam architecto praesent, proident, quae molestias possimus harum.","filter":true,"visual":true},"_multiwidget":1},"bosa_pro_latest_post":{"2":{"title":"Latest Posts","per_page":"2","show_date_comment":true,"layout":"left"},"3":{"title":"Latest posts","per_page":"3","show_date_comment":true,"layout":"left"},"4":{"title":"Recent posts","per_page":"3","show_date_comment":true,"layout":"left"},"_multiwidget":1},"bosa_pro_author_widget":{"2":{"title":"About the Author","page_id":35,"full-square-thumb":false,"page_title":true,"excerpt_count":"20","sub_title":"Blogger","social_title":null,"social_desc":null,"social_menu_icon_1":"fab fa-facebook","social_menu_link_1":"#","social_menu_icon_2":"fab fa-twitter","social_menu_link_2":"#","social_menu_icon_3":"fab fa-instagram","social_menu_link_3":"#","social_menu_icon_4":"","social_menu_link_4":"","social_menu_icon_5":"","social_menu_link_5":"","social_menu_icon_6":"","social_menu_link_6":"","social_menu_icon_7":"","social_menu_link_7":"","social_menu_icon_8":"","social_menu_link_8":"","social_menu_icon_9":"","social_menu_link_9":""},"_multiwidget":1},"media_gallery":{"2":{"title":"Gallery","ids":[112,111,110,109,108,107],"columns":3,"size":"thumbnail","link_type":"post","orderby_random":false},"3":{"title":"Gallery","ids":[112,107,108,109,110,111],"columns":3,"size":"thumbnail","link_type":"post","orderby_random":false},"4":{"title":"Gallery","ids":[253,249,248,247,254,246],"columns":3,"size":"thumbnail","link_type":"post","orderby_random":false},"_multiwidget":1},"calendar":{"2":{"title":"Calender"},"_multiwidget":1},"woocommerce_product_search":{"2":{"title":"product search"},"_multiwidget":1},"woocommerce_price_filter":{"2":{"title":"Filter by price"},"_multiwidget":1},"woocommerce_products":{"2":{"title":"Products","number":2,"show":"","orderby":"date","order":"desc","hide_free":0,"show_hidden":0},"_multiwidget":1},"tag_cloud":{"2":{"title":"Post tags","count":1,"taxonomy":"post_tag"},"_multiwidget":1}}}