{"menu":{"menu-2":17,"menu-1":16},"options":{"blogname":"Gutener Cardealer","blogname-child":"Gutener Cardealer","blogdescription":"A great deal better!","blogdescription-child":"A great deal better!","posts_per_page":"10","posts_per_page-child":"10","date_format":"F j, Y","date_format-child":"F j, Y","time_format":"g:i a","time_format-child":"g:i a","show_on_front":"page","show_on_front-child":"page","thumbnail_size_w":"150","thumbnail_size_w-child":"150","thumbnail_size_h":"150","thumbnail_size_h-child":"150","thumbnail_crop":"1","thumbnail_crop-child":"1","medium_size_w":"300","medium_size_w-child":"300","medium_size_h":"300","medium_size_h-child":"300","avatar_default":"mystery","avatar_default-child":"mystery","large_size_w":"700","large_size_w-child":"700","large_size_h":"700","large_size_h-child":"700","page_for_posts":"392","page_for_posts-child":"392","page_on_front":"338","page_on_front-child":"338","medium_large_size_w":"768","medium_large_size_w-child":"768","medium_large_size_h":"0","medium_large_size_h-child":"0","woocommerce_shop_page_id":"4","woocommerce_shop_page_id-child":"4","theme_mods_gutener-pro":{"0":false,"custom_css_post_id":93,"header_image_slider":[],"social_media_links":[{"icon":"fab fa-facebook","link":"#"},{"icon":"fab fa-twitter","link":"#"},{"icon":"fab fa-youtube","link":"#"},{"icon":"fab fa-google","link":"#"},{"icon":"fab fa-instagram","link":"#"}],"main_banner_buttons":[{"text":"Button Text","link":"#","type":"button-outline"}],"coming_maintenance_buttons":[{"text":"Button Text","link":"#","type":"button-outline"}],"coming_maintenance_image_slider":[],"logo_width":"250","disable_site_title":true,"header_layout":"header_three","header_image_height":"140","header_image_size":"cover","disable_header_slider_autoplay":true,"site_title_font_control":{"font-family":"Montserrat","font-size":"62px","text-transform":"none","font-backup":"","variant":"regular","font-weight":400,"font-style":"normal"},"site_description_font_control":{"font-family":"Montserrat","font-size":"14px","text-transform":"none","font-backup":"","variant":"regular","font-weight":400,"font-style":"normal"},"main_menu_font_control":{"font-family":"Montserrat","font-size":"15px","text-transform":"uppercase","variant":"600","line-height":"1.5","font-backup":"","font-weight":600,"font-style":"normal"},"general_title_font_control":{"font-family":"Montserrat","text-transform":"none","font-backup":"","variant":"regular","font-weight":400,"font-style":"normal"},"page_title_font_control":{"font-family":"Montserrat","font-size":"48px","text-transform":"none","font-backup":"","variant":"regular","font-weight":400,"font-style":"normal"},"section_title_font_control":{"font-family":"Montserrat","font-size":"24px","text-transform":"none","font-backup":"","variant":"regular","font-weight":400,"font-style":"normal"},"notification_bar_background_color":"#f5f5f5","notification_bar_title_color":"#212121","notification_bar_button_background_color":"#5970b4","notification_bar_button_text_color":"#354984","notification_bar_button_type":"button-outline","top_header_five_background_color":"#001f3f","top_header_text_color":"#e3e3e3","bottom_header_text_color":"#ffffff","top_footer_background_color":"#f5f5f5","top_footer_widget_title_color":"#001f3f","top_footer_widget_link_color":"#676767","top_footer_widget_content_color":"#676767","header_button_text":"Get A Car","site_tagline_color":"#e3e3e3","disable_site_tagline":true,"disable_notification_bar":false,"header_button_background_color":"#5970b4","notification_bar_button_target":true,"main_slider_height":"550","site_primary_color":"#5970b4","site_hover_color":"#354984","disable_main_slider":true,"preloader_animation":"animation_three","disable_contact_detail":false,"header_separate_logo":"https:\/\/demo.keonthemes.com\/gutener\/demo5\/wp-content\/uploads\/sites\/6\/2020\/06\/gutener-car-dealer-logo-250-73.png","custom_logo":506},"theme_mods_gutener-pro-child":{"0":false,"custom_css_post_id":93,"header_image_slider":[],"social_media_links":[{"icon":"fab fa-facebook","link":"#"},{"icon":"fab fa-twitter","link":"#"},{"icon":"fab fa-youtube","link":"#"},{"icon":"fab fa-google","link":"#"},{"icon":"fab fa-instagram","link":"#"}],"main_banner_buttons":[{"text":"Button Text","link":"#","type":"button-outline"}],"coming_maintenance_buttons":[{"text":"Button Text","link":"#","type":"button-outline"}],"coming_maintenance_image_slider":[],"logo_width":"250","disable_site_title":true,"header_layout":"header_three","header_image_height":"140","header_image_size":"cover","disable_header_slider_autoplay":true,"nav_menu_locations":{"menu-1":16,"menu-2":17},"site_title_font_control":{"font-family":"Montserrat","font-size":"62px","text-transform":"none","font-backup":"","variant":"regular","font-weight":400,"font-style":"normal"},"site_description_font_control":{"font-family":"Montserrat","font-size":"14px","text-transform":"none","font-backup":"","variant":"regular","font-weight":400,"font-style":"normal"},"main_menu_font_control":{"font-family":"Montserrat","font-size":"15px","text-transform":"uppercase","variant":"600","line-height":"1.5","font-backup":"","font-weight":600,"font-style":"normal"},"general_title_font_control":{"font-family":"Montserrat","text-transform":"none","font-backup":"","variant":"regular","font-weight":400,"font-style":"normal"},"page_title_font_control":{"font-family":"Montserrat","font-size":"48px","text-transform":"none","font-backup":"","variant":"regular","font-weight":400,"font-style":"normal"},"section_title_font_control":{"font-family":"Montserrat","font-size":"24px","text-transform":"none","font-backup":"","variant":"regular","font-weight":400,"font-style":"normal"},"notification_bar_background_color":"#f5f5f5","notification_bar_title_color":"#212121","notification_bar_button_background_color":"#5970b4","notification_bar_button_text_color":"#354984","notification_bar_button_type":"button-outline","top_header_five_background_color":"#001f3f","top_header_text_color":"#e3e3e3","bottom_header_text_color":"#ffffff","top_footer_background_color":"#f5f5f5","top_footer_widget_title_color":"#001f3f","top_footer_widget_link_color":"#676767","top_footer_widget_content_color":"#676767","header_button_text":"Get A Car","site_tagline_color":"#e3e3e3","disable_site_tagline":true,"disable_notification_bar":false,"header_button_background_color":"#5970b4","notification_bar_button_target":true,"main_slider_height":"550","site_primary_color":"#5970b4","site_hover_color":"#354984","disable_main_slider":true,"preloader_animation":"animation_three","disable_contact_detail":false,"header_separate_logo":"https:\/\/demo.keonthemes.com\/gutener\/demo5\/wp-content\/uploads\/sites\/6\/2020\/06\/gutener-car-dealer-logo-250-73.png","custom_logo":506}}}