{"widget_positions":{"sidebar-1":["search-2","recent-posts-2","recent-comments-2"],"sidebar-2":["archives-2","categories-2","meta-2"],"wp_inactive_widgets":[],"menu-sidebar":["search-3","a2a_follow_widget-2","gutener_pro_author_widget-2"],"left-sidebar":["gutener_pro_author_widget-3","a2a_follow_widget-3","calendar-2"],"right-sidebar":["gutener_pro_author_widget-4","calendar-3","categories-3","a2a_follow_widget-4"],"footer-sidebar-1":["text-2"],"footer-sidebar-2":["recent-posts-3"],"footer-sidebar-3":["mc4wp_form_widget-2"],"footer-sidebar-4":["categories-4"],"array_version":3},"widget_options":{"search":{"2":{"title":""},"3":{"title":"Search"},"_multiwidget":1},"recent-posts":{"2":{"title":"","number":5},"3":{"title":"Latest Posts","number":2,"show_date":true},"_multiwidget":1},"recent-comments":{"2":{"title":"","number":5},"_multiwidget":1},"archives":{"2":{"title":"","count":0,"dropdown":0},"_multiwidget":1},"categories":{"2":{"title":"","count":0,"hierarchical":0,"dropdown":0},"3":{"title":"Categories","count":1,"hierarchical":0,"dropdown":0},"4":{"title":"Categories","count":1,"hierarchical":0,"dropdown":0},"_multiwidget":1},"meta":{"2":{"title":""},"_multiwidget":1},"a2a_follow_widget":{"2":{"title":"Follow Us:","icon_size":"32","facebook_id":"keonthemes","twitter_id":"keonthemes","instagram_id":"keonthemes","pinterest_id":"#","behance_id":"","flickr_id":"","foursquare_id":"","github_id":"","linkedin_id":"#","linkedin_company_id":"","medium_id":"","snapchat_id":"","tumblr_id":"","vimeo_id":"","youtube_id":"","youtube_channel_id":"","feed_id":""},"3":{"title":"Follow Us","icon_size":"32","facebook_id":"Keonthemes","twitter_id":"Keonthemes","instagram_id":"Keonthemes","pinterest_id":"Keonthemes","behance_id":"","flickr_id":"","foursquare_id":"","github_id":"","linkedin_id":"#","linkedin_company_id":"","medium_id":"","snapchat_id":"","tumblr_id":"","vimeo_id":"","youtube_id":"Keonthemes","youtube_channel_id":"","feed_id":""},"4":{"title":"Follow Us","icon_size":"32","facebook_id":"keonthemes","twitter_id":"keonthemes","instagram_id":"keonthemes","pinterest_id":"Keonthemes","behance_id":"","flickr_id":"","foursquare_id":"","github_id":"Keonthemes","linkedin_id":"#","linkedin_company_id":"","medium_id":"","snapchat_id":"","tumblr_id":"","vimeo_id":"","youtube_id":"keonthemes","youtube_channel_id":"","feed_id":""},"_multiwidget":1},"gutener_pro_author_widget":{"2":{"title":"About the Author","page_id":125,"full-square-thumb":false,"page_title":true,"excerpt_count":"20","sub_title":"Customer Service","social_title":null,"social_desc":null,"social_menu_icon_1":"fab fa-facebook","social_menu_link_1":"#","social_menu_icon_2":"fab fa-instagram","social_menu_link_2":"#","social_menu_icon_3":"fab fa-twitter","social_menu_link_3":"#","social_menu_icon_4":"","social_menu_link_4":"","social_menu_icon_5":"","social_menu_link_5":"","social_menu_icon_6":"","social_menu_link_6":"","social_menu_icon_7":"","social_menu_link_7":"","social_menu_icon_8":"","social_menu_link_8":"","social_menu_icon_9":"","social_menu_link_9":""},"3":{"title":"About the Author","page_id":125,"full-square-thumb":false,"page_title":true,"excerpt_count":"20","sub_title":"Lifestyle Blogger","social_title":null,"social_desc":null,"social_menu_icon_1":"fab fa-facebook","social_menu_link_1":"#","social_menu_icon_2":"fab fa-instagram","social_menu_link_2":"#","social_menu_icon_3":"fab fa-twitter","social_menu_link_3":"#","social_menu_icon_4":"","social_menu_link_4":"","social_menu_icon_5":"","social_menu_link_5":"","social_menu_icon_6":"","social_menu_link_6":"","social_menu_icon_7":"","social_menu_link_7":"","social_menu_icon_8":"","social_menu_link_8":"","social_menu_icon_9":"","social_menu_link_9":""},"4":{"title":"About the Author","page_id":125,"full-square-thumb":false,"page_title":true,"excerpt_count":"20","sub_title":"Lifestyle Blogger","social_title":null,"social_desc":null,"social_menu_icon_1":"fab fa-facebook","social_menu_link_1":"#","social_menu_icon_2":"fab fa-twitter","social_menu_link_2":"#","social_menu_icon_3":"fab fa-instagram","social_menu_link_3":"#","social_menu_icon_4":"","social_menu_link_4":"","social_menu_icon_5":"","social_menu_link_5":"","social_menu_icon_6":"","social_menu_link_6":"","social_menu_icon_7":"","social_menu_link_7":"","social_menu_icon_8":"","social_menu_link_8":"","social_menu_icon_9":"","social_menu_link_9":""},"_multiwidget":1},"calendar":{"2":{"title":"Calendar"},"3":{"title":"Calendar"},"_multiwidget":1},"text":{"1":[],"2":{"title":"About Gutener Car Dealer","text":"We provide everything you need to build an amazing dealership website developed especially for car sellers dealers or auto motor retailers.","filter":true,"visual":true},"_multiwidget":1},"mc4wp_form_widget":{"2":{"title":"Newsletter"},"_multiwidget":1}}}