{"menu":{"menu-2":6,"menu-1":7},"options":{"blogname":"Blog 4","blogname-child":"Blog 4","blogdescription":"Just another Gutener Demos site","blogdescription-child":"Just another Gutener Demos site","posts_per_page":"10","posts_per_page-child":"10","date_format":"F j, Y","date_format-child":"F j, Y","time_format":"g:i a","time_format-child":"g:i a","show_on_front":"posts","show_on_front-child":"posts","thumbnail_size_w":"150","thumbnail_size_w-child":"150","thumbnail_size_h":"150","thumbnail_size_h-child":"150","thumbnail_crop":"1","thumbnail_crop-child":"1","medium_size_w":"300","medium_size_w-child":"300","medium_size_h":"300","medium_size_h-child":"300","avatar_default":"mystery","avatar_default-child":"mystery","large_size_w":"1024","large_size_w-child":"1024","large_size_h":"1024","large_size_h-child":"1024","page_for_posts":"0","page_for_posts-child":"0","page_on_front":"0","page_on_front-child":"0","medium_large_size_w":"768","medium_large_size_w-child":"768","medium_large_size_h":"0","medium_large_size_h-child":"0","theme_mods_gutener-pro":{"0":false,"sidebars_widgets":{"time":1589271710,"data":{"wp_inactive_widgets":[],"menu-sidebar":["search-2","recent-posts-2","recent-comments-2"],"left-sidebar":["archives-2","categories-2","meta-2"],"right-sidebar":[],"footer-sidebar-1":[],"footer-sidebar-2":[],"footer-sidebar-3":[],"footer-sidebar-4":[]}},"custom_css_post_id":-1,"header_media_options":"slider","header_image_slider":[{"slider_item":110}],"social_media_links":[{"icon":"fab fa-facebook-f","link":"facebook.com"},{"icon":"fab fa-twitter","link":"twitter.com"},{"icon":"fab fa-instagram","link":"instagram.com"},{"icon":"fab fa-linkedin","link":"linkedin.com"},{"icon":"fab fa-youtube","link":"youtube.com"}],"main_banner_buttons":[{"text":"Button Text","link":"#","type":"button-outline"}],"coming_maintenance_buttons":[{"text":"Button Text","link":"#","type":"button-outline"}],"coming_maintenance_image_slider":[],"header_image_height":"400","disable_main_slider":false,"main_slider_height":"550","header_video_upload":"","header_layout":"header_one","top_header_nine_background_color":"rgba(249,160,50,0.25)","site_title_color":"#ffffff","site_tagline_color":"#e8e8e8","highlight_posts_columns":"two_columns","highlight_posts_posts_number":"2","highlight_posts_height":"320","highlight_posts_category":"4","site_layout":"default","background_image":"","disable_footer_social_links":false,"disable_instagram":false,"enable_instagram_homepage":true,"insta_shortcode":"[instagram-feed showheader=false num=12 cols=6 showfollow=true]","advanced_import_setup_complete":1589716370,"logo_width":"320","main_slider_controls":"slider","banner_image":"https:\/\/demo.keonthemes.com\/gutener\/demo203\/wp-content\/uploads\/sites\/16\/2020\/05\/gutener-img3-1370x550-1.jpg","background_repeat":"repeat","background_attachment":"fixed","sidebar_settings":"right","archive_post_layout":"grid","display_slider_on":"blog-page-above-latest-posts","mid_header_text_color":"#101010","mid_header_background_color":"rgba(10,10,10,0.69)","disable_sticky_notification_bar":true,"disable_site_title":true,"custom_logo":122},"theme_mods_gutener-pro-child":{"0":false,"sidebars_widgets":{"time":1589271710,"data":{"wp_inactive_widgets":[],"menu-sidebar":["search-2","recent-posts-2","recent-comments-2"],"left-sidebar":["archives-2","categories-2","meta-2"],"right-sidebar":[],"footer-sidebar-1":[],"footer-sidebar-2":[],"footer-sidebar-3":[],"footer-sidebar-4":[]}},"custom_css_post_id":-1,"header_media_options":"slider","header_image_slider":[{"slider_item":110}],"social_media_links":[{"icon":"fab fa-facebook-f","link":"facebook.com"},{"icon":"fab fa-twitter","link":"twitter.com"},{"icon":"fab fa-instagram","link":"instagram.com"},{"icon":"fab fa-linkedin","link":"linkedin.com"},{"icon":"fab fa-youtube","link":"youtube.com"}],"main_banner_buttons":[{"text":"Button Text","link":"#","type":"button-outline"}],"coming_maintenance_buttons":[{"text":"Button Text","link":"#","type":"button-outline"}],"coming_maintenance_image_slider":[],"header_image_height":"400","disable_main_slider":false,"main_slider_height":"550","header_video_upload":"","header_layout":"header_one","top_header_nine_background_color":"rgba(249,160,50,0.25)","site_title_color":"#ffffff","site_tagline_color":"#e8e8e8","highlight_posts_columns":"two_columns","highlight_posts_posts_number":"2","highlight_posts_height":"320","highlight_posts_category":"4","site_layout":"default","background_image":"","disable_footer_social_links":false,"disable_instagram":false,"enable_instagram_homepage":true,"insta_shortcode":"[instagram-feed showheader=false num=12 cols=6 showfollow=true]","nav_menu_locations":{"menu-2":6,"menu-1":7},"advanced_import_setup_complete":1589716370,"logo_width":"320","main_slider_controls":"slider","banner_image":"https:\/\/demo.keonthemes.com\/gutener\/demo203\/wp-content\/uploads\/sites\/16\/2020\/05\/gutener-img3-1370x550-1.jpg","background_repeat":"repeat","background_attachment":"fixed","sidebar_settings":"right","archive_post_layout":"grid","display_slider_on":"blog-page-above-latest-posts","mid_header_text_color":"#101010","mid_header_background_color":"rgba(10,10,10,0.69)","disable_sticky_notification_bar":true,"disable_site_title":true,"custom_logo":122},"woocommerce_shop_page_id":"","woocommerce_shop_page_id-child":""}}