{"menu":{"menu-2":6,"menu-1":5},"options":{"blogname":"Gutener Construction","blogname-child":"Gutener Construction","blogdescription":"We Build Your Future!!","blogdescription-child":"We Build Your Future!!","posts_per_page":"10","posts_per_page-child":"10","date_format":"F j, Y","date_format-child":"F j, Y","time_format":"g:i a","time_format-child":"g:i a","show_on_front":"page","show_on_front-child":"page","thumbnail_size_w":"150","thumbnail_size_w-child":"150","thumbnail_size_h":"150","thumbnail_size_h-child":"150","thumbnail_crop":"1","thumbnail_crop-child":"1","medium_size_w":"300","medium_size_w-child":"300","medium_size_h":"300","medium_size_h-child":"300","avatar_default":"mystery","avatar_default-child":"mystery","large_size_w":"1024","large_size_w-child":"1024","large_size_h":"1024","large_size_h-child":"1024","page_for_posts":"36","page_for_posts-child":"36","page_on_front":"4","page_on_front-child":"4","medium_large_size_w":"768","medium_large_size_w-child":"768","medium_large_size_h":"0","medium_large_size_h-child":"0","theme_mods_gutener-pro":{"0":false,"custom_css_post_id":-1,"header_image_slider":[],"social_media_links":[{"icon":"fab fa-facebook","link":"#"},{"icon":"fab fa-twitter","link":"#"},{"icon":"fab fa-google","link":"#"},{"icon":"fab fa-instagram","link":"#"},{"icon":"fab fa-pinterest","link":"#"}],"main_banner_buttons":[{"text":"Button Text","link":"#","type":"button-outline"}],"coming_maintenance_buttons":[{"text":"Button Text","link":"#","type":"button-outline"}],"coming_maintenance_image_slider":[],"custom_logo":139,"disable_site_title":true,"disable_site_tagline":false,"header_layout":"header_six","site_primary_color":"#f4de2f","site_hover_color":"#c4af0b","notification_bar_button_background_color":"#f4de2f"},"theme_mods_gutener-pro-child":{"0":false,"nav_menu_locations":{"menu-1":5,"menu-2":6},"custom_css_post_id":-1,"header_image_slider":[],"social_media_links":[{"icon":"fab fa-facebook","link":"#"},{"icon":"fab fa-twitter","link":"#"},{"icon":"fab fa-google","link":"#"},{"icon":"fab fa-instagram","link":"#"},{"icon":"fab fa-pinterest","link":"#"}],"main_banner_buttons":[{"text":"Button Text","link":"#","type":"button-outline"}],"coming_maintenance_buttons":[{"text":"Button Text","link":"#","type":"button-outline"}],"coming_maintenance_image_slider":[],"custom_logo":139,"disable_site_title":true,"disable_site_tagline":false,"header_layout":"header_six","site_primary_color":"#f4de2f","site_hover_color":"#c4af0b","notification_bar_button_background_color":"#f4de2f"},"woocommerce_shop_page_id":"","woocommerce_shop_page_id-child":""}}