{"menu":{"menu-2":9,"menu-1":8,"menu-3":37},"options":{"blogname":"Bosa Travel Blog","blogname-child":"Bosa Travel Blog","blogdescription":"Bosa is the perfect theme for your Business","blogdescription-child":"Bosa is the perfect theme for your Business","posts_per_page":"8","posts_per_page-child":"8","date_format":"F j, Y","date_format-child":"F j, Y","time_format":"g:i a","time_format-child":"g:i a","show_on_front":"posts","show_on_front-child":"posts","thumbnail_size_w":"150","thumbnail_size_w-child":"150","thumbnail_size_h":"150","thumbnail_size_h-child":"150","thumbnail_crop":"1","thumbnail_crop-child":"1","medium_size_w":"300","medium_size_w-child":"300","medium_size_h":"300","medium_size_h-child":"300","avatar_default":"mystery","avatar_default-child":"mystery","large_size_w":"1024","large_size_w-child":"1024","large_size_h":"1024","large_size_h-child":"1024","page_for_posts":"0","page_for_posts-child":"0","page_on_front":"0","page_on_front-child":"0","medium_large_size_w":"768","medium_large_size_w-child":"768","medium_large_size_h":"0","medium_large_size_h-child":"0","theme_mods_bosa-pro":{"0":false,"custom_css_post_id":355,"header_layout":"header_six","header_image_slider":[{"slider_item":235},{"slider_item":385}],"social_media_links":[{"icon":"fab fa-facebook","link":"#","target":true},{"icon":"fab fa-twitter","link":"#","target":true},{"icon":"fab fa-instagram","link":"#","target":true},{"icon":"fab fa-google","link":"#","target":true},{"icon":"fab fa-youtube","link":"#","target":true},{"icon":"fab fa-linkedin","link":"#","target":true}],"main_banner_buttons":[{"text":"Read More","link":"#","type":"button-primary"}],"coming_maintenance_buttons":[{"maintenance_btn_type":"button-primary","maintenance_btn_bg_color":"#59815b","maintenance_btn_border_color":"#ffffff","maintenance_btn_text_color":"#ffffff","maintenance_btn_hover_color":"#546d55","maintenance_btn_text":"Learn more","maintenance_btn_link":"#","maintenance_btn_target":true,"maintenance_btn_radius":0}],"coming_maintenance_image_slider":[],"header_image_height":"280","header_nav_height":"60","header_image_size":"cover","site_title_color":"#ffffff","site_tagline_color":"#ffffff","mid_header_background_color":"rgba(0,0,0,0.5)","main_slider_controls":"slider","main_slider_height":"650","banner_button_border_radius":"3","slider_width_controls":"boxed","main_slider_button_border_radius":"0","banner_title":"Wow what beautiful place to visit","banner_subtitle":"Nature is beautiful that have power to rejoice mood.","banner_image":"https:\/\/demo.bosathemes.com\/bosa\/blog-02\/wp-content\/uploads\/sites\/7\/2020\/09\/bosa-travel-blog-img1-1200-800.jpg","blog_page_title_font_control":{"font-family":"Merriweather Sans","font-size":"25px","text-transform":"none","font-backup":"","variant":"700","font-weight":700,"font-style":"normal"},"archive_post_layout":"list-reverse","general_title_font_control":{"font-family":"Oswald","text-transform":"uppercase","font-backup":"","variant":"600","font-weight":600,"font-style":"normal"},"page_title_font_control":{"font-family":"Oswald","font-size":"48px","text-transform":"uppercase","font-backup":"","variant":"600","font-weight":600,"font-style":"normal"},"site_layout":"compact","disable_site_layout_shadow":false,"sidebar_settings":"right","main_banner_content_alignment":"center","highlight_posts_height":"320","highlight_posts_columns":"four_columns","highlight_posts_posts_number":"4","highlight_posts_image_size":"cover","disable_highlight_posts_title":false,"highlight_posts_category":"3","disable_highlight_posts_section_title":false,"highlight_posts_overlay_opacity":"4","feature_posts_slides_show":"4","hide_feature_posts_category":false,"hide_feature_posts_author":false,"hide_feature_posts_date":false,"hide_feature_posts_comment":true,"disable_sidebar_blog_page":false,"disable_sidebar_page":true,"disable_sidebar_single_post":true,"hide_post_button":false,"post_button_text":"READ MORE","post_button_type":"button-primary","post_button_border_radius":"0","blog_post_category_color":"#404040","site_primary_color":"#5da561","footer_image":235,"top_footer_background_color":"rgba(10,10,10,0.8)","bottom_footer_background_color":"rgba(10,10,10,0.93)","top_footer_widget_title_color":"#f2f2f2","top_footer_widget_link_color":"#c7c7c7","top_footer_widget_content_color":"#c7c7c7","bottom_footer_text_color":"#b7b7b7","bottom_footer_text_link_color":"#ffffff","disable_footer_social_links":false,"footer_layout":"footer_one","post_image_background_overlay_opacity":5,"blog_post_title_color":"#030303","blog_post_meta_color":"#767676","blog_post_text_color":"#333333","blog_post_button_color":"#ff7607","post_excerpt_length":"15","hide_slider_category":false,"hide_slider_date":true,"hide_slider_author":true,"hide_slider_comment":true,"slider_button_type":"button-primary","enable_instagram_homepage":false,"slider_category":"2","logo_width":"220","hide_author":false,"disable_pagination":false,"hide_date":false,"hide_comment":false,"hide_category":false,"feature_posts_category":"2","main_slider_content_alignment":"center","bottom_header_text_color":"#333333","bottom_header_background_color":"","main_slider_image_size":"cover","top_header_text_color":"#f2f2f2","top_header_background_color":"rgba(0,0,0,0.15)","disable_feature_posts_dots":false,"footer_text":"Copyright \u00a9 2021<a href=\"https:\/\/demo.bosathemes.com\/bosa\/blog-02\" title=\"Bosa Travel Blog\"> Bosa Travel Blog<\/a> .  Theme: <a href=\"https:\/\/bosathemes.com\/\" target=\"_blank\" title=\"Bosa\" rel=\"author\">Bosa<\/a> By KeonThemes.","disable_site_title":true,"disable_site_tagline":true,"disable_sticky_sidebar":false,"disable_header_slider_autoplay":false,"header_button_repeater":[{"header_btn_type":""}],"notification_bar_image_height":"40","notification_bar_button_border_radius":"0","disable_sticky_notification_bar":true,"feature_posts_posts_number":"4","feature_posts_height":"390","feature_posts_columns":"four_columns","notification_bar_button_type":"button-outline","feature_posts_font_control":{"font-family":"Oswald","variant":"500","font-size":"20px","text-transform":"uppercase","line-height":"1.4","font-backup":"","font-weight":500,"font-style":"normal"},"disable_slider_autoplay":true,"slider_image_overlay_opacity":"3","hide_slider_excerpt":true,"slider_excerpt_length":"20","blog_post_button_text_color":"#ffffff","disable_feature_posts_section_title":false,"disable_feature_posts_section_description":true,"disable_feature_posts_title":false,"feature_posts_section_title_desc_alignment":"center","disable_latest_posts_section_title":false,"latest_posts_section_title":"From Our Blog","disable_latest_posts_section_description":true,"highlight_posts_section_title":"You May Also Like","disable_highlight_posts_section_description":true,"highlight_posts_section_description":"Section Description","highlight_posts_title_font_control":{"font-family":"Oswald","variant":"600","font-size":"20px","text-transform":"uppercase","line-height":"1.4","font-backup":"","font-weight":600,"font-style":"normal"},"disable_footer_parallax_scrolling":false,"bottom_footer_image":"","bottom_footer_image_width":"60","disable_responsive_footer_widget":true,"disable_footer_widget_list_item_border":false,"footer_widget_layout":"footer_widget_layout_seven","social_icons_size":"18","footer_image_size":"cover","main_slider_font_control":{"font-family":"Oswald","variant":"600","font-size":"50px","text-transform":"uppercase","line-height":"1.4","font-backup":"","font-weight":600,"font-style":"normal"},"feature_posts_overlay_opacity":"3","blog_post_title_font_control":{"font-family":"Oswald","variant":"500","font-size":"24px","text-transform":"uppercase","line-height":"1.4","font-backup":"","font-weight":500,"font-style":"normal"},"body_font_control":{"font-family":"Mulish","variant":"regular","font-size":"15px","font-backup":"","font-weight":400,"font-style":"normal"},"section_title_font_control":{"font-family":"Oswald","variant":"600","font-size":"30px","text-transform":"uppercase","font-backup":"","font-weight":600,"font-style":"normal"},"main_menu_font_control":{"font-family":"Oswald","font-size":"16px","text-transform":"uppercase","variant":"500","line-height":"1.5","font-backup":"","font-weight":500,"font-style":"normal"},"sidebar_widget_title_font_control":{"font-family":"Oswald","variant":"600","font-size":"18px","text-transform":"uppercase","line-height":"1.4","font-backup":"","font-weight":600,"font-style":"normal"},"blog_post_button_background_color":"#59815b","site_hover_color":"#59815b","footer_widget_title_font_control":{"font-family":"Oswald","variant":"500","font-size":"18px","text-transform":"uppercase","line-height":"1.4","font-backup":"","font-weight":500,"font-style":"normal"},"footer_style_font_control":{"font-family":"Oswald","variant":"500","font-size":"15px","text-transform":"uppercase","line-height":"1.6","font-backup":"","font-weight":500,"font-style":"normal"},"slider_posts_number":"5","latest_posts_section_title_desc_alignment":"left","feature_posts_section_layouts":"feature_one","transparent_header_button_repeater":[{"transparent_header_btn_type":"button-outline","transparent_header_home_btn_bg_color":"#eb5a3e","transparent_header_home_btn_border_color":"#ffffff","transparent_header_home_btn_text_color":"#ffffff","transparent_header_btn_bg_color":"#eb5a3e","transparent_header_btn_border_color":"#1a1a1a","transparent_header_btn_text_color":"#1a1a1a","transparent_header_btn_hover_color":"#086abd","transparent_header_btn_text":"Get a Quote","transparent_header_btn_link":"#","transparent_header_btn_target":true,"transparent_header_btn_radius":0}],"notification_button_repeater":[{"noti_btn_type":"button-outline","noti_btn_bg_color":"#0d782c","noti_btn_border_color":"#ffffff","noti_btn_text_color":"#ffffff","noti_btn_hover_color":"#77ad7a","noti_btn_text":"View More","noti_btn_link":"#","noti_btn_target":true,"noti_btn_radius":0}],"main_slider_button_repeater":[{"slider_btn_type":"button-primary","slider_btn_bg_color":"#5da561","slider_btn_border_color":"#ffffff","slider_btn_text_color":"#ffffff","slider_btn_hover_color":"#59815b","slider_btn_text":"Learn More","slider_btn_radius":0}],"main_banner_buttons_repeater":[{"banner_btn_type":"button-outline","banner_btn_bg_color":"#eb5a3e","banner_btn_border_color":"#ffffff","banner_btn_text_color":"#ffffff","banner_btn_hover_color":"#086abd","banner_btn_text":"Learn More","banner_btn_link":"","banner_btn_target":true,"banner_btn_radius":0}],"blog_page_button_repeater":[{"blog_btn_type":"button-primary","blog_btn_bg_color":"#5da561","blog_btn_border_color":"#1a1a1a","blog_btn_text_color":"#ffffff","blog_btn_hover_color":"#59815b","blog_btn_text":"View More","blog_btn_radius":0}],"footer_widget_area_top_padding":"70","disable_fixed_header":true,"disable_mobile_search_icon":true,"separate_hover_color_for_main_slider":"#9ecba1","main_slider_title_font_control":{"font-family":"Oswald","variant":"600","font-size":"50px","text-transform":"uppercase","line-height":"1.4","font-backup":"","font-weight":600,"font-style":"normal"},"main_slider_meta_font_control":{"font-family":"Open Sans","variant":"regular","font-size":"13px","text-transform":"capitalize","line-height":"1.6","font-backup":"","font-weight":400,"font-style":"normal"},"main_slider_excerpt_font_control":{"font-family":"Open Sans","variant":"regular","font-size":"16px","text-transform":"initial","line-height":"1.8","font-backup":"","font-weight":400,"font-style":"normal"},"main_slider_button_font_control":{"font-family":"Open Sans","variant":"regular","font-size":"15px","text-transform":"uppercase","line-height":"1.5","font-backup":"","font-weight":400,"font-style":"normal"},"disable_feature_posts_section":false,"highlight_posts_cat_font_control":{"font-family":"Open Sans","variant":"regular","font-size":"12px","text-transform":"uppercase","line-height":"1","font-backup":"","font-weight":400,"font-style":"normal"},"highlight_posts_meta_font_control":{"font-family":"Open Sans","variant":"regular","font-size":"13px","text-transform":"capitalize","line-height":"1.6","font-backup":"","font-weight":400,"font-style":"normal"},"blog_post_button_font_control":{"font-family":"Open Sans","variant":"600","font-size":"13px","text-transform":"uppercase","line-height":"1.8","font-backup":"","font-weight":600,"font-style":"normal"},"top_footer_widget_link_hover_color":"#77ad7a","bottom_footer_text_link_hover_color":"#77ad7a","top_header_text_link_hover_color":"#77ad7a","bottom_header_text_link_hover_color":"#5da561","sub_menu_link_hover_color":"#5da561","maintenance_buttons_font_control":{"font-family":"Open Sans","variant":"regular","font-size":"15px","text-transform":"uppercase","line-height":"1.5","font-backup":"","font-weight":400,"font-style":"normal"},"preloader_animation":"animation_four","custom_logo":609,"featured_post_category_bgcolor":"#5da561","feature_posts_text_alignment":"text-center","feature_posts_title_alignment":"align-center","disable_feature_title_divider":true,"hide_featured_posts_category":true,"hide_featured_posts_date":true,"hide_featured_posts_author":true,"hide_featured_posts_comment":true,"feature_posts_section_title_font_control":{"font-family":"Oswald","variant":"600","font-size":"30px","text-transform":"uppercase","line-height":"1.2","font-backup":"","font-weight":600,"font-style":"normal"},"featured_post_hover_color":"#a9d9ac","latest_posts_section_title_font_control":{"font-family":"Oswald","variant":"600","font-size":"30px","text-transform":"uppercase","line-height":"1.2","font-backup":"","font-weight":600,"font-style":"normal"},"highlight_posts_section_title_font_control":{"font-family":"Oswald","variant":"600","font-size":"30px","text-transform":"uppercase","line-height":"1.2","font-backup":"","font-weight":600,"font-style":"normal"},"highlight_post_category_bgcolor":"#5da561","highlight_post_hover_color":"#59815b"},"theme_mods_bosa-pro-child":{"0":false,"nav_menu_locations":{"menu-1":8,"menu-2":9,"menu-3":37},"custom_css_post_id":355,"header_layout":"header_six","header_image_slider":[{"slider_item":235},{"slider_item":385}],"social_media_links":[{"icon":"fab fa-facebook","link":"#","target":true},{"icon":"fab fa-twitter","link":"#","target":true},{"icon":"fab fa-instagram","link":"#","target":true},{"icon":"fab fa-google","link":"#","target":true},{"icon":"fab fa-youtube","link":"#","target":true},{"icon":"fab fa-linkedin","link":"#","target":true}],"main_banner_buttons":[{"text":"Read More","link":"#","type":"button-primary"}],"coming_maintenance_buttons":[{"maintenance_btn_type":"button-primary","maintenance_btn_bg_color":"#59815b","maintenance_btn_border_color":"#ffffff","maintenance_btn_text_color":"#ffffff","maintenance_btn_hover_color":"#546d55","maintenance_btn_text":"Learn more","maintenance_btn_link":"#","maintenance_btn_target":true,"maintenance_btn_radius":0}],"coming_maintenance_image_slider":[],"header_image_height":"280","header_nav_height":"60","header_image_size":"cover","site_title_color":"#ffffff","site_tagline_color":"#ffffff","mid_header_background_color":"rgba(0,0,0,0.5)","main_slider_controls":"slider","main_slider_height":"650","banner_button_border_radius":"3","slider_width_controls":"boxed","main_slider_button_border_radius":"0","banner_title":"Wow what beautiful place to visit","banner_subtitle":"Nature is beautiful that have power to rejoice mood.","banner_image":"https:\/\/demo.bosathemes.com\/bosa\/blog-02\/wp-content\/uploads\/sites\/7\/2020\/09\/bosa-travel-blog-img1-1200-800.jpg","blog_page_title_font_control":{"font-family":"Merriweather Sans","font-size":"25px","text-transform":"none","font-backup":"","variant":"700","font-weight":700,"font-style":"normal"},"archive_post_layout":"list-reverse","general_title_font_control":{"font-family":"Oswald","text-transform":"uppercase","font-backup":"","variant":"600","font-weight":600,"font-style":"normal"},"page_title_font_control":{"font-family":"Oswald","font-size":"48px","text-transform":"uppercase","font-backup":"","variant":"600","font-weight":600,"font-style":"normal"},"site_layout":"compact","disable_site_layout_shadow":false,"sidebar_settings":"right","main_banner_content_alignment":"center","highlight_posts_height":"320","highlight_posts_columns":"four_columns","highlight_posts_posts_number":"4","highlight_posts_image_size":"cover","disable_highlight_posts_title":false,"highlight_posts_category":"3","disable_highlight_posts_section_title":false,"highlight_posts_overlay_opacity":"4","feature_posts_slides_show":"4","hide_feature_posts_category":false,"hide_feature_posts_author":false,"hide_feature_posts_date":false,"hide_feature_posts_comment":true,"disable_sidebar_blog_page":false,"disable_sidebar_page":true,"disable_sidebar_single_post":true,"hide_post_button":false,"post_button_text":"READ MORE","post_button_type":"button-primary","post_button_border_radius":"0","blog_post_category_color":"#404040","site_primary_color":"#5da561","footer_image":235,"top_footer_background_color":"rgba(10,10,10,0.8)","bottom_footer_background_color":"rgba(10,10,10,0.93)","top_footer_widget_title_color":"#f2f2f2","top_footer_widget_link_color":"#c7c7c7","top_footer_widget_content_color":"#c7c7c7","bottom_footer_text_color":"#b7b7b7","bottom_footer_text_link_color":"#ffffff","disable_footer_social_links":false,"footer_layout":"footer_one","post_image_background_overlay_opacity":5,"blog_post_title_color":"#030303","blog_post_meta_color":"#767676","blog_post_text_color":"#333333","blog_post_button_color":"#ff7607","post_excerpt_length":"15","hide_slider_category":false,"hide_slider_date":true,"hide_slider_author":true,"hide_slider_comment":true,"slider_button_type":"button-primary","enable_instagram_homepage":false,"slider_category":"2","logo_width":"220","hide_author":false,"disable_pagination":false,"hide_date":false,"hide_comment":false,"hide_category":false,"feature_posts_category":"2","main_slider_content_alignment":"center","bottom_header_text_color":"#333333","bottom_header_background_color":"","main_slider_image_size":"cover","top_header_text_color":"#f2f2f2","top_header_background_color":"rgba(0,0,0,0.15)","disable_feature_posts_dots":false,"footer_text":"Copyright \u00a9 2021<a href=\"https:\/\/demo.bosathemes.com\/bosa\/blog-02\" title=\"Bosa Travel Blog\"> Bosa Travel Blog<\/a> .  Theme: <a href=\"https:\/\/bosathemes.com\/\" target=\"_blank\" title=\"Bosa\" rel=\"author\">Bosa<\/a> By KeonThemes.","disable_site_title":true,"disable_site_tagline":true,"disable_sticky_sidebar":false,"disable_header_slider_autoplay":false,"header_button_repeater":[{"header_btn_type":""}],"notification_bar_image_height":"40","notification_bar_button_border_radius":"0","disable_sticky_notification_bar":true,"feature_posts_posts_number":"4","feature_posts_height":"390","feature_posts_columns":"four_columns","notification_bar_button_type":"button-outline","feature_posts_font_control":{"font-family":"Oswald","variant":"500","font-size":"20px","text-transform":"uppercase","line-height":"1.4","font-backup":"","font-weight":500,"font-style":"normal"},"disable_slider_autoplay":true,"slider_image_overlay_opacity":"3","hide_slider_excerpt":true,"slider_excerpt_length":"20","blog_post_button_text_color":"#ffffff","disable_feature_posts_section_title":false,"disable_feature_posts_section_description":true,"disable_feature_posts_title":false,"feature_posts_section_title_desc_alignment":"center","disable_latest_posts_section_title":false,"latest_posts_section_title":"From Our Blog","disable_latest_posts_section_description":true,"highlight_posts_section_title":"You May Also Like","disable_highlight_posts_section_description":true,"highlight_posts_section_description":"Section Description","highlight_posts_title_font_control":{"font-family":"Oswald","variant":"600","font-size":"20px","text-transform":"uppercase","line-height":"1.4","font-backup":"","font-weight":600,"font-style":"normal"},"disable_footer_parallax_scrolling":false,"bottom_footer_image":"","bottom_footer_image_width":"60","disable_responsive_footer_widget":true,"disable_footer_widget_list_item_border":false,"footer_widget_layout":"footer_widget_layout_seven","social_icons_size":"18","footer_image_size":"cover","main_slider_font_control":{"font-family":"Oswald","variant":"600","font-size":"50px","text-transform":"uppercase","line-height":"1.4","font-backup":"","font-weight":600,"font-style":"normal"},"feature_posts_overlay_opacity":"3","blog_post_title_font_control":{"font-family":"Oswald","variant":"500","font-size":"24px","text-transform":"uppercase","line-height":"1.4","font-backup":"","font-weight":500,"font-style":"normal"},"body_font_control":{"font-family":"Mulish","variant":"regular","font-size":"15px","font-backup":"","font-weight":400,"font-style":"normal"},"section_title_font_control":{"font-family":"Oswald","variant":"600","font-size":"30px","text-transform":"uppercase","font-backup":"","font-weight":600,"font-style":"normal"},"main_menu_font_control":{"font-family":"Oswald","font-size":"16px","text-transform":"uppercase","variant":"500","line-height":"1.5","font-backup":"","font-weight":500,"font-style":"normal"},"sidebar_widget_title_font_control":{"font-family":"Oswald","variant":"600","font-size":"18px","text-transform":"uppercase","line-height":"1.4","font-backup":"","font-weight":600,"font-style":"normal"},"blog_post_button_background_color":"#59815b","site_hover_color":"#59815b","footer_widget_title_font_control":{"font-family":"Oswald","variant":"500","font-size":"18px","text-transform":"uppercase","line-height":"1.4","font-backup":"","font-weight":500,"font-style":"normal"},"footer_style_font_control":{"font-family":"Oswald","variant":"500","font-size":"15px","text-transform":"uppercase","line-height":"1.6","font-backup":"","font-weight":500,"font-style":"normal"},"slider_posts_number":"5","latest_posts_section_title_desc_alignment":"left","feature_posts_section_layouts":"feature_one","transparent_header_button_repeater":[{"transparent_header_btn_type":"button-outline","transparent_header_home_btn_bg_color":"#eb5a3e","transparent_header_home_btn_border_color":"#ffffff","transparent_header_home_btn_text_color":"#ffffff","transparent_header_btn_bg_color":"#eb5a3e","transparent_header_btn_border_color":"#1a1a1a","transparent_header_btn_text_color":"#1a1a1a","transparent_header_btn_hover_color":"#086abd","transparent_header_btn_text":"Get a Quote","transparent_header_btn_link":"#","transparent_header_btn_target":true,"transparent_header_btn_radius":0}],"notification_button_repeater":[{"noti_btn_type":"button-outline","noti_btn_bg_color":"#0d782c","noti_btn_border_color":"#ffffff","noti_btn_text_color":"#ffffff","noti_btn_hover_color":"#77ad7a","noti_btn_text":"View More","noti_btn_link":"#","noti_btn_target":true,"noti_btn_radius":0}],"main_slider_button_repeater":[{"slider_btn_type":"button-primary","slider_btn_bg_color":"#5da561","slider_btn_border_color":"#ffffff","slider_btn_text_color":"#ffffff","slider_btn_hover_color":"#59815b","slider_btn_text":"Learn More","slider_btn_radius":0}],"main_banner_buttons_repeater":[{"banner_btn_type":"button-outline","banner_btn_bg_color":"#eb5a3e","banner_btn_border_color":"#ffffff","banner_btn_text_color":"#ffffff","banner_btn_hover_color":"#086abd","banner_btn_text":"Learn More","banner_btn_link":"","banner_btn_target":true,"banner_btn_radius":0}],"blog_page_button_repeater":[{"blog_btn_type":"button-primary","blog_btn_bg_color":"#5da561","blog_btn_border_color":"#1a1a1a","blog_btn_text_color":"#ffffff","blog_btn_hover_color":"#59815b","blog_btn_text":"View More","blog_btn_radius":0}],"footer_widget_area_top_padding":"70","disable_fixed_header":true,"disable_mobile_search_icon":true,"separate_hover_color_for_main_slider":"#9ecba1","main_slider_title_font_control":{"font-family":"Oswald","variant":"600","font-size":"50px","text-transform":"uppercase","line-height":"1.4","font-backup":"","font-weight":600,"font-style":"normal"},"main_slider_meta_font_control":{"font-family":"Open Sans","variant":"regular","font-size":"13px","text-transform":"capitalize","line-height":"1.6","font-backup":"","font-weight":400,"font-style":"normal"},"main_slider_excerpt_font_control":{"font-family":"Open Sans","variant":"regular","font-size":"16px","text-transform":"initial","line-height":"1.8","font-backup":"","font-weight":400,"font-style":"normal"},"main_slider_button_font_control":{"font-family":"Open Sans","variant":"regular","font-size":"15px","text-transform":"uppercase","line-height":"1.5","font-backup":"","font-weight":400,"font-style":"normal"},"disable_feature_posts_section":false,"highlight_posts_cat_font_control":{"font-family":"Open Sans","variant":"regular","font-size":"12px","text-transform":"uppercase","line-height":"1","font-backup":"","font-weight":400,"font-style":"normal"},"highlight_posts_meta_font_control":{"font-family":"Open Sans","variant":"regular","font-size":"13px","text-transform":"capitalize","line-height":"1.6","font-backup":"","font-weight":400,"font-style":"normal"},"blog_post_button_font_control":{"font-family":"Open Sans","variant":"600","font-size":"13px","text-transform":"uppercase","line-height":"1.8","font-backup":"","font-weight":600,"font-style":"normal"},"top_footer_widget_link_hover_color":"#77ad7a","bottom_footer_text_link_hover_color":"#77ad7a","top_header_text_link_hover_color":"#77ad7a","bottom_header_text_link_hover_color":"#5da561","sub_menu_link_hover_color":"#5da561","maintenance_buttons_font_control":{"font-family":"Open Sans","variant":"regular","font-size":"15px","text-transform":"uppercase","line-height":"1.5","font-backup":"","font-weight":400,"font-style":"normal"},"preloader_animation":"animation_four","custom_logo":609,"featured_post_category_bgcolor":"#5da561","feature_posts_text_alignment":"text-center","feature_posts_title_alignment":"align-center","disable_feature_title_divider":true,"hide_featured_posts_category":true,"hide_featured_posts_date":true,"hide_featured_posts_author":true,"hide_featured_posts_comment":true,"feature_posts_section_title_font_control":{"font-family":"Oswald","variant":"600","font-size":"30px","text-transform":"uppercase","line-height":"1.2","font-backup":"","font-weight":600,"font-style":"normal"},"featured_post_hover_color":"#a9d9ac","latest_posts_section_title_font_control":{"font-family":"Oswald","variant":"600","font-size":"30px","text-transform":"uppercase","line-height":"1.2","font-backup":"","font-weight":600,"font-style":"normal"},"highlight_posts_section_title_font_control":{"font-family":"Oswald","variant":"600","font-size":"30px","text-transform":"uppercase","line-height":"1.2","font-backup":"","font-weight":600,"font-style":"normal"},"highlight_post_category_bgcolor":"#5da561","highlight_post_hover_color":"#59815b"},"woocommerce_shop_page_id":"494","woocommerce_shop_page_id-child":"494"}}