{"widget_positions":{"wp_inactive_widgets":["bosa_pro_author_widget-5","bosa_pro_latest_post-3","media_gallery-3"],"menu-sidebar":["search-2","bosa_pro_author_widget-2","bosa_pro_latest_post-4","a2a_follow_widget-2"],"right-sidebar":["bosa_pro_author_widget-3","bosa_pro_latest_post-2","media_video-2","media_image-2","a2a_follow_widget-3"],"left-sidebar":["categories-2","recent-posts-2","calendar-2","tag_cloud-2"],"woocommerce-right-sidebar":["woocommerce_product_search-2","woocommerce_price_filter-2","woocommerce_products-2","media_gallery-4"],"woocommerce-left-sidebar":[],"footer-sidebar-1":["text-3"],"footer-sidebar-2":["recent-posts-4"],"footer-sidebar-3":["tag_cloud-3"],"footer-sidebar-4":[],"array_version":3},"widget_options":{"bosa_pro_author_widget":{"2":{"title":"About the Author","page_id":58,"full-square-thumb":false,"page_title":true,"excerpt_count":"20","sub_title":"Travel Blogger","social_title":null,"social_desc":null,"social_menu_icon_1":"fab fa-facebook","social_menu_link_1":"#","social_menu_icon_2":"fab fa-twitter","social_menu_link_2":"#","social_menu_icon_3":"fab fa-instagram","social_menu_link_3":"#","social_menu_icon_4":"","social_menu_link_4":"","social_menu_icon_5":"","social_menu_link_5":"","social_menu_icon_6":"","social_menu_link_6":"","social_menu_icon_7":"","social_menu_link_7":"","social_menu_icon_8":"","social_menu_link_8":"","social_menu_icon_9":"","social_menu_link_9":""},"3":{"title":"About the Author","page_id":58,"full-square-thumb":true,"page_title":true,"excerpt_count":"20","sub_title":"Travel Blogger","social_title":null,"social_desc":null,"social_menu_icon_1":"fab fa-facebook","social_menu_link_1":"#","social_menu_icon_2":"fab fa-twitter","social_menu_link_2":"#","social_menu_icon_3":"fab fa-instagram","social_menu_link_3":"#","social_menu_icon_4":"","social_menu_link_4":"","social_menu_icon_5":"","social_menu_link_5":"","social_menu_icon_6":"","social_menu_link_6":"","social_menu_icon_7":"","social_menu_link_7":"","social_menu_icon_8":"","social_menu_link_8":"","social_menu_icon_9":"","social_menu_link_9":""},"_multiwidget":1,"5":[],"7":{"title":"About Author","page_id":58,"full-square-thumb":true,"page_title":true,"excerpt_count":"20","sub_title":"Lifestyle Blogger","social_title":null,"social_desc":null,"social_menu_icon_1":"fab fa-facebook","social_menu_link_1":"","social_menu_icon_2":"","social_menu_link_2":"","social_menu_icon_3":"","social_menu_link_3":"","social_menu_icon_4":"","social_menu_link_4":"","social_menu_icon_5":"","social_menu_link_5":"","social_menu_icon_6":"","social_menu_link_6":"","social_menu_icon_7":"","social_menu_link_7":"","social_menu_icon_8":"","social_menu_link_8":"","social_menu_icon_9":"","social_menu_link_9":""}},"bosa_pro_latest_post":{"2":{"title":"Latest Posts","per_page":"5","show_date_comment":true,"layout":"left"},"3":{"title":"Latest Posts","per_page":"2","show_date_comment":true,"layout":"left"},"4":{"title":"Recent posts","per_page":"2","show_date_comment":true,"layout":"full"},"_multiwidget":1},"media_gallery":{"3":{"title":"Gallery","ids":[273,272,179,233,225,274],"columns":3,"size":"thumbnail","link_type":"post","orderby_random":false},"4":{"title":"Gallery","ids":[509,508,507,506,505,504],"columns":3,"size":"thumbnail","link_type":"post","orderby_random":false},"_multiwidget":1},"search":{"2":{"title":"Search"},"_multiwidget":1},"a2a_follow_widget":{"2":{"title":"Follow Us:","icon_size":"20","facebook_id":"Keonthemes","twitter_id":"Keonthemes","instagram_id":"keonthemes","pinterest_id":"keonthemes","behance_id":"","flickr_id":"","foursquare_id":"","github_id":"#","linkedin_id":"#","linkedin_company_id":"","medium_id":"","snapchat_id":"","tumblr_id":"","vimeo_id":"","youtube_id":"Keonthemes","youtube_channel_id":"","feed_id":""},"3":{"title":"Follow Us","icon_size":"20","facebook_id":"Keonthemes","twitter_id":"Keonthemes","instagram_id":"Keonthemes","pinterest_id":"Keonthemes","behance_id":"","flickr_id":"","foursquare_id":"","github_id":"Keonthemes","linkedin_id":"#","linkedin_company_id":"","medium_id":"","snapchat_id":"","tumblr_id":"","vimeo_id":"","youtube_id":"Keonthemes","youtube_channel_id":"","feed_id":""},"_multiwidget":1},"media_video":{"2":{"preload":"metadata","loop":false,"content":"","mp4":"https:\/\/demo.bosathemes.com\/bosa\/blog-02\/wp-content\/uploads\/sites\/7\/2020\/09\/ezgif.com-video-to-mp41-online-video-cutter.com_.mp4","m4v":"","webm":"","ogv":"","flv":"","attachment_id":67,"url":"https:\/\/demo.bosathemes.com\/bosa\/blog-02\/wp-content\/uploads\/sites\/7\/2020\/09\/ezgif.com-video-to-mp41-online-video-cutter.com_.mp4","title":"Video Tour"},"_multiwidget":1},"media_image":{"2":{"size":"full","width":345,"height":450,"caption":"","alt":"","link_type":"custom","link_url":"#","image_classes":"","link_classes":"","link_rel":"","link_target_blank":false,"image_title":"Advertisement","attachment_id":477,"url":"https:\/\/demo.bosathemes.com\/bosa\/blog-02\/wp-content\/uploads\/sites\/7\/2020\/12\/bosa-blog2-img17.jpg","title":"Advertisement"},"_multiwidget":1},"categories":{"2":{"title":"","count":0,"hierarchical":0,"dropdown":0},"_multiwidget":1,"4":[]},"recent-posts":{"2":{"title":"Recent Posts","number":5,"show_date":true},"_multiwidget":1,"4":[]},"calendar":{"2":{"title":"Calendar"},"_multiwidget":1,"4":[]},"tag_cloud":{"2":{"title":"Tags","count":0,"taxonomy":"post_tag"},"3":{"title":"Tags","count":0,"taxonomy":"post_tag"},"_multiwidget":1},"woocommerce_product_search":{"2":{"title":"Search product"},"_multiwidget":1},"woocommerce_price_filter":{"2":{"title":"Filter by price"},"_multiwidget":1},"woocommerce_products":{"2":{"title":"Products","number":5,"show":"","orderby":"date","order":"desc","hide_free":0,"show_hidden":0},"_multiwidget":1},"text":{"1":[],"3":{"title":"","text":"<img class=\"alignnone size-full wp-image-609\" src=\"https:\/\/demo.bosathemes.com\/bosa\/blog-02\/wp-content\/uploads\/sites\/7\/2021\/02\/bosa-blog-travel-logo1.png\" alt=\"\" width=\"220\" height=\"57\" \/>\r\n\r\nBosa is clean, creative, powerful, flexible, highly customizable and Gutenberg ready WordPress theme. It is fully responsive and is sure to make your website stand out from the crowd. Bosa works perfectly with Gutenberg and the most popular page builder Elementor that can easily drag-and-drop your ideas from the interface.\r\n\r\nPhone:<strong> (+125) 988 577 256<\/strong>\r\nAddress: <strong>Rock Street, LT-58 , London<\/strong>","filter":true,"visual":true},"_multiwidget":1}}}