{"menu":{"menu-2":17,"menu-1":16},"options":{"blogname":"Gutener Business 1","blogname-child":"Gutener Business 1","blogdescription":"Business is way to success","blogdescription-child":"Business is way to success","posts_per_page":"10","posts_per_page-child":"10","date_format":"F j, Y","date_format-child":"F j, Y","time_format":"g:i a","time_format-child":"g:i a","show_on_front":"page","show_on_front-child":"page","thumbnail_size_w":"150","thumbnail_size_w-child":"150","thumbnail_size_h":"150","thumbnail_size_h-child":"150","thumbnail_crop":"1","thumbnail_crop-child":"1","medium_size_w":"300","medium_size_w-child":"300","medium_size_h":"300","medium_size_h-child":"300","avatar_default":"mystery","avatar_default-child":"mystery","large_size_w":"1024","large_size_w-child":"1024","large_size_h":"1024","large_size_h-child":"1024","page_for_posts":"261","page_for_posts-child":"261","page_on_front":"187","page_on_front-child":"187","medium_large_size_w":"768","medium_large_size_w-child":"768","medium_large_size_h":"0","medium_large_size_h-child":"0","woocommerce_shop_page_id":"","woocommerce_shop_page_id-child":"","theme_mods_gutener-pro":{"0":false,"custom_css_post_id":138,"header_image_slider":[],"social_media_links":[{"icon":"fab fa-facebook","link":"#"},{"icon":"fab fa-twitter","link":"#"},{"icon":"fab fa-instagram","link":"#"},{"icon":"fab fa-google","link":"#"},{"icon":"fab fa-pinterest","link":"#"}],"main_banner_buttons":[{"text":"Button Text","link":"#","type":"button-outline"}],"coming_maintenance_buttons":[{"text":"Button Text","link":"#","type":"button-outline"}],"coming_maintenance_image_slider":[],"custom_logo":312,"logo_width":"190","disable_site_title":true,"header_layout":"header_two","disable_site_tagline":true,"header_image_height":"120","notification_bar_button_background_color":"#3db8db","site_primary_color":"#3db8db","header_button_background_color":"#3db8db","site_hover_color":"#1192b6","preloader_animation":"animation_two","highlight_posts_posts_number":"3"},"theme_mods_gutener-pro-child":{"0":false,"nav_menu_locations":{"menu-1":16,"menu-2":17},"custom_css_post_id":138,"header_image_slider":[],"social_media_links":[{"icon":"fab fa-facebook","link":"#"},{"icon":"fab fa-twitter","link":"#"},{"icon":"fab fa-instagram","link":"#"},{"icon":"fab fa-google","link":"#"},{"icon":"fab fa-pinterest","link":"#"}],"main_banner_buttons":[{"text":"Button Text","link":"#","type":"button-outline"}],"coming_maintenance_buttons":[{"text":"Button Text","link":"#","type":"button-outline"}],"coming_maintenance_image_slider":[],"custom_logo":312,"logo_width":"190","disable_site_title":true,"header_layout":"header_two","disable_site_tagline":true,"header_image_height":"120","notification_bar_button_background_color":"#3db8db","site_primary_color":"#3db8db","header_button_background_color":"#3db8db","site_hover_color":"#1192b6","preloader_animation":"animation_two","highlight_posts_posts_number":"3"}}}