{"widget_positions":{"wp_inactive_widgets":[],"menu-sidebar":["gutener_pro_author_widget-2","search-2","a2a_follow_widget-2"],"left-sidebar":["gutener_pro_author_widget-3","categories-2","calendar-2","media_gallery-2"],"right-sidebar":["calendar-3","gutener_pro_latest_post-2","a2a_follow_widget-3","media_gallery-3"],"footer-sidebar-1":["text-2"],"footer-sidebar-2":["gutener_pro_latest_post-3"],"footer-sidebar-3":["mc4wp_form_widget-2"],"footer-sidebar-4":["categories-3"],"array_version":3},"widget_options":{"gutener_pro_author_widget":{"2":{"title":"About the Author","page_id":22,"full-square-thumb":false,"page_title":true,"excerpt_count":"20","sub_title":"CEO, Advisor","social_title":null,"social_desc":null,"social_menu_icon_1":"fab fa-facebook","social_menu_link_1":"#","social_menu_icon_2":"fab fa-twitter","social_menu_link_2":"#","social_menu_icon_3":"fab fa-instagram","social_menu_link_3":"#","social_menu_icon_4":"","social_menu_link_4":"","social_menu_icon_5":"","social_menu_link_5":"","social_menu_icon_6":"","social_menu_link_6":"","social_menu_icon_7":"","social_menu_link_7":"","social_menu_icon_8":"","social_menu_link_8":"","social_menu_icon_9":"","social_menu_link_9":""},"3":{"title":"About the Author","page_id":22,"full-square-thumb":false,"page_title":true,"excerpt_count":"20","sub_title":"Supervisor","social_title":null,"social_desc":null,"social_menu_icon_1":"fab fa-facebook","social_menu_link_1":"#","social_menu_icon_2":"fab fa-google","social_menu_link_2":"#","social_menu_icon_3":"fab fa-twitter","social_menu_link_3":"#","social_menu_icon_4":"","social_menu_link_4":"","social_menu_icon_5":"","social_menu_link_5":"","social_menu_icon_6":"","social_menu_link_6":"","social_menu_icon_7":"","social_menu_link_7":"","social_menu_icon_8":"","social_menu_link_8":"","social_menu_icon_9":"","social_menu_link_9":""},"_multiwidget":1},"search":{"2":{"title":""},"_multiwidget":1},"a2a_follow_widget":{"2":{"title":"Follow us","icon_size":"20","facebook_id":"keonthemes","twitter_id":"keonthemes","instagram_id":"keonthemes","pinterest_id":"keonthemes","behance_id":"keonthemes","flickr_id":"","foursquare_id":"","github_id":"","linkedin_id":"#","linkedin_company_id":"","medium_id":"","snapchat_id":"","tumblr_id":"","vimeo_id":"","youtube_id":"keonthemes","youtube_channel_id":"","feed_id":""},"3":{"title":"Follow us","icon_size":"20","facebook_id":"Keonthemes","twitter_id":"Keonthemes","instagram_id":"Keonthemes","pinterest_id":"Keonthemes","behance_id":"Keonthemes","flickr_id":"","foursquare_id":"","github_id":"","linkedin_id":"#","linkedin_company_id":"","medium_id":"","snapchat_id":"","tumblr_id":"","vimeo_id":"","youtube_id":"Keonthemes","youtube_channel_id":"","feed_id":""},"_multiwidget":1},"categories":{"2":{"title":"Categories","count":1,"hierarchical":0,"dropdown":0},"3":{"title":"Categories","count":1,"hierarchical":0,"dropdown":0},"_multiwidget":1},"calendar":{"2":{"title":"Calender"},"3":{"title":"Calender"},"_multiwidget":1},"media_gallery":{"2":{"title":"Gallery","ids":[33,32,31,28,34,35],"columns":3,"size":"thumbnail","link_type":"post","orderby_random":false},"3":{"title":"Gallery","ids":[28,25,30,29,34,35],"columns":3,"size":"thumbnail","link_type":"post","orderby_random":false},"_multiwidget":1},"gutener_pro_latest_post":{"2":{"title":"Latest posts","per_page":"2","show_date_comment":true,"layout":"left"},"3":{"title":"Latest Posts","per_page":"2","show_date_comment":true,"layout":"left"},"_multiwidget":1},"text":{"1":[],"2":{"title":"About Gutener Business","text":"Consectetur aut perferendis rem, pede hac aliqua porro! Quas leo tempus, class sit, irure facilisi alias? Mollitia donec, luctus quisquam, nonummy, phasellus consequat mollit, sem accusantium hymenaeos. Aliquet.","filter":true,"visual":true},"_multiwidget":1},"mc4wp_form_widget":{"2":{"title":"Newsletter"},"_multiwidget":1}}}