{"menu":{"menu-2":4,"menu-1":3},"options":{"blogname":"Bosa Insurance","blogname-child":"Bosa Insurance","blogdescription":"Bosa is the perfect theme for your Business","blogdescription-child":"Bosa is the perfect theme for your Business","posts_per_page":"10","posts_per_page-child":"10","date_format":"F j, Y","date_format-child":"F j, Y","time_format":"g:i a","time_format-child":"g:i a","show_on_front":"page","show_on_front-child":"page","thumbnail_size_w":"150","thumbnail_size_w-child":"150","thumbnail_size_h":"150","thumbnail_size_h-child":"150","thumbnail_crop":"1","thumbnail_crop-child":"1","medium_size_w":"300","medium_size_w-child":"300","medium_size_h":"300","medium_size_h-child":"300","avatar_default":"mystery","avatar_default-child":"mystery","large_size_w":"1024","large_size_w-child":"1024","large_size_h":"1024","large_size_h-child":"1024","page_for_posts":"5","page_for_posts-child":"5","page_on_front":"7","page_on_front-child":"7","medium_large_size_w":"768","medium_large_size_w-child":"768","medium_large_size_h":"0","medium_large_size_h-child":"0","theme_mods_bosa":{"0":false,"custom_css_post_id":78,"header_image_slider":[{"slider_item":""}],"social_media_links":[{"icon":"fab fa-facebook","link":"#","target":true},{"icon":"fab fa-twitter","link":"#","target":true},{"icon":"fab fa-instagram","link":"#","target":true},{"icon":"fab fa-google","link":"#","target":true},{"icon":"fab fa-youtube","link":"#","target":true}],"main_banner_buttons":[{"text":"","link":"","type":"button-outline"}],"social_icons_size":"18","footer_widget_layout":"footer_widget_layout_one","top_footer_background_color":"#21222c","top_footer_widget_title_color":"#f3f3f3","top_footer_widget_link_color":"#d3d3d3","top_footer_widget_link_hover_color":"#98b2d7","disable_footer_widget_list_item_border":false,"top_footer_widget_content_color":"#d3d3d3","disable_footer_widget_title_border":false,"footer_layout":"footer_two","bottom_footer_background_color":"#21222c","bottom_footer_text_color":"#d3d3d3","disable_footer_menu":false,"bottom_footer_text_link_color":"#ffffff","bottom_footer_text_link_hover_color":"#98b2d7","footer_text":"Copyright \u00a9 2020<a href=\"https:\/\/demo.bosathemes.com\/bosa\/insurance\" title=\"Bosa Insurance \"> Bosa Insurance<\/a> . ","top_header_background_color":"#244062","top_header_text_color":"#c4c4c4","contact_phone":"001(352) 8454","contact_email":"yourname@company.com","contact_address":"New Street Road, South Wales, London","disable_hamburger_menu_icon":true,"header_button_background_color":"#465974","top_header_text_link_hover_color":"#98b2d7","bottom_header_text_color":"#233d62","bottom_header_text_link_hover_color":"#000000","header_image_height":"90","blog_page_title_font_control":{"font-family":"Merriweather","variant":"700","font-size":"20px","text-transform":"capitalize","font-backup":"","font-weight":700,"font-style":"normal"},"site_title_font_control":{"font-family":"Merriweather","variant":"700","font-size":"26px","text-transform":"none","font-backup":"","font-weight":700,"font-style":"normal"},"general_title_font_control":{"font-family":"Merriweather","text-transform":"capitalize","font-backup":"","variant":"700","font-weight":700,"font-style":"normal"},"page_title_font_control":{"font-family":"Merriweather","variant":"900","font-size":"35px","text-transform":"none","font-backup":"","font-weight":900,"font-style":"normal"},"section_title_font_control":{"font-family":"Merriweather","variant":"700","font-size":"24px","text-transform":"capitalize","font-backup":"","font-weight":700,"font-style":"normal"},"main_slider_height":"600","slider_category":"5","main_slider_content_alignment":"left","hide_slider_date":true,"hide_slider_author":true,"hide_slider_comment":true,"feature_posts_posts_number":"3","feature_posts_height":"280","feature_posts_category":"6","disable_highlight_posts_section_title":false,"highlight_posts_section_title":"You may also like","blog_post_title_color":"#233d62","blog_post_category_color":"#233d62","blog_post_text_color":"#687693","header_textcolor":"#233d62","site_heading_text_color":"#233d62","site_primary_color":"#233d62","site_body_text_color":"#687693","site_hover_color":"#000000","custom_logo":168,"logo_width":"175","disable_site_title":true,"disable_site_tagline":true,"single_post_author_title":"About Author","related_posts_title":"Related post","related_posts_count":"4","header_button_repeater":[{"header_btn_type":"button-primary","header_btn_bg_color":"#233d62","header_btn_border_color":"#1a1a1a","header_btn_text_color":"#ffffff","header_btn_hover_color":"#000000","header_btn_text":"get a quote","header_btn_link":"#","header_btn_target":true,"header_btn_radius":0}],"transparent_header_button_repeater":[{"transparent_header_btn_type":"button-outline","transparent_header_home_btn_bg_color":"#eb5a3e","transparent_header_home_btn_border_color":"#ffffff","transparent_header_home_btn_text_color":"#ffffff","transparent_header_btn_bg_color":"#eb5a3e","transparent_header_btn_border_color":"#1a1a1a","transparent_header_btn_text_color":"#1a1a1a","transparent_header_btn_hover_color":"#086abd","transparent_header_btn_text":"","transparent_header_btn_link":"","transparent_header_btn_target":true,"transparent_header_btn_radius":0}],"main_slider_button_repeater":[{"slider_btn_type":"button-primary","slider_btn_bg_color":"#233d62","slider_btn_border_color":"#ffffff","slider_btn_text_color":"#ffffff","slider_btn_hover_color":"#000000","slider_btn_text":"read more","slider_btn_radius":0}],"main_banner_buttons_repeater":[{"banner_btn_type":"button-primary","banner_btn_bg_color":"#233d62","banner_btn_border_color":"#ffffff","banner_btn_text_color":"#ffffff","banner_btn_hover_color":"#000000","banner_btn_text":"Read more","banner_btn_link":"#","banner_btn_target":true,"banner_btn_radius":0}],"blog_page_button_repeater":[{"blog_btn_type":"button-primary","blog_btn_bg_color":"#233d62","blog_btn_border_color":"#1a1a1a","blog_btn_text_color":"#ffffff","blog_btn_hover_color":"#000000","blog_btn_text":"read more","blog_btn_radius":0}],"footer_widget_area_top_padding":"60","footer_widget_area_bottom_padding":"50","disable_mobile_search_icon":true,"main_menu_font_control":{"font-family":"Merriweather","font-size":"15px","text-transform":"none","variant":"700","line-height":"1.5","font-backup":"","font-weight":700,"font-style":"normal"},"header_buttons_font_control":{"font-family":"Open Sans","variant":"600","font-size":"14px","text-transform":"uppercase","line-height":"1.3","font-backup":"","font-weight":600,"font-style":"normal"},"footer_widget_title_font_control":{"font-family":"Merriweather","variant":"regular","font-size":"17px","text-transform":"none","line-height":"1.4","font-backup":"","font-weight":400,"font-style":"normal"},"footer_style_font_control":{"font-family":"Merriweather","variant":"regular","font-size":"14px","text-transform":"none","line-height":"1.6","font-backup":"","font-weight":400,"font-style":"normal"},"bottom_footer_image":289,"bottom_footer_image_link":"https:\/\/demo.bosathemes.com\/bosa\/insurance","bottom_footer_image_width":"190","hide_slider_category":true,"main_slider_excerpt_font_control":{"font-family":"Open Sans","variant":"regular","font-size":"16px","text-transform":"initial","line-height":"1.8","font-backup":"","font-weight":400,"font-style":"normal"},"main_slider_title_font_control":{"font-family":"Merriweather","variant":"700","font-size":"55px","text-transform":"uppercase","line-height":"1.4","font-backup":"","font-weight":700,"font-style":"normal"},"main_slider_button_font_control":{"font-family":"Open Sans","variant":"600","font-size":"15px","text-transform":"uppercase","line-height":"1.8","font-backup":"","font-weight":600,"font-style":"normal"},"feature_posts_font_control":{"font-family":"Merriweather","variant":"700","font-size":"18px","text-transform":"uppercase","line-height":"1.4","font-backup":"","font-weight":700,"font-style":"normal"},"highlight_posts_cat_font_control":{"font-family":"Open Sans","variant":"regular","font-size":"12px","text-transform":"uppercase","line-height":"1","font-backup":"","font-weight":400,"font-style":"normal"},"highlight_posts_title_font_control":{"font-family":"Merriweather","variant":"700","font-size":"18px","text-transform":"capitalize","line-height":"1.4","font-backup":"","font-weight":700,"font-style":"normal"},"highlight_posts_meta_font_control":{"font-family":"Open Sans","variant":"regular","font-size":"13px","text-transform":"capitalize","line-height":"1.6","font-backup":"","font-weight":400,"font-style":"normal"},"archive_post_layout":"grid","blog_post_title_font_control":{"font-family":"Merriweather","variant":"700","font-size":"21px","text-transform":"capitalize","line-height":"1.4","font-backup":"","font-weight":700,"font-style":"normal"},"blog_post_meta_font_control":{"font-family":"Open Sans","variant":"regular","font-size":"13px","text-transform":"capitalize","line-height":"1.6","font-backup":"","font-weight":400,"font-style":"normal"},"hide_post_button":false,"blog_post_button_font_control":{"font-family":"Open Sans","variant":"600","font-size":"14px","text-transform":"uppercase","line-height":"2","font-backup":"","font-weight":600,"font-style":"normal"},"sidebar_widget_title_font_control":{"font-family":"Merriweather","variant":"700","font-size":"15px","text-transform":"uppercase","line-height":"1.4","font-backup":"","font-weight":700,"font-style":"normal"},"disable_sticky_sidebar":false,"separate_hover_color_for_main_slider":"#98b2d7","main_slider_controls":"slider","banner_title":"welcome to bosa","banner_subtitle":"Bosa is multipurpose WordPress site","preloader_animation":"animation_five","featured_post_category_bgcolor":"#233d62","featured_post_hover_color":"#98b2d7","highlight_post_title_color":"#233d62","highlight_post_category_bgcolor":"#233d62","highlight_post_hover_color":"#98b2d7","featured_posts_cat_font_control":{"font-family":"Poppins","variant":"regular","font-size":"12px","text-transform":"capitalize","line-height":"1","font-backup":"","font-weight":400,"font-style":"normal"},"highlight_posts_section_title_font_control":{"font-family":"Merriweather","variant":"700","font-size":"24px","text-transform":"none","line-height":"1.2","font-backup":"","font-weight":700,"font-style":"normal"}},"theme_mods_bosa-child":{"0":false,"nav_menu_locations":{"menu-1":3,"menu-2":4},"custom_css_post_id":78,"header_image_slider":[{"slider_item":""}],"social_media_links":[{"icon":"fab fa-facebook","link":"#","target":true},{"icon":"fab fa-twitter","link":"#","target":true},{"icon":"fab fa-instagram","link":"#","target":true},{"icon":"fab fa-google","link":"#","target":true},{"icon":"fab fa-youtube","link":"#","target":true}],"main_banner_buttons":[{"text":"","link":"","type":"button-outline"}],"social_icons_size":"18","footer_widget_layout":"footer_widget_layout_one","top_footer_background_color":"#21222c","top_footer_widget_title_color":"#f3f3f3","top_footer_widget_link_color":"#d3d3d3","top_footer_widget_link_hover_color":"#98b2d7","disable_footer_widget_list_item_border":false,"top_footer_widget_content_color":"#d3d3d3","disable_footer_widget_title_border":false,"footer_layout":"footer_two","bottom_footer_background_color":"#21222c","bottom_footer_text_color":"#d3d3d3","disable_footer_menu":false,"bottom_footer_text_link_color":"#ffffff","bottom_footer_text_link_hover_color":"#98b2d7","footer_text":"Copyright \u00a9 2020<a href=\"https:\/\/demo.bosathemes.com\/bosa\/insurance\" title=\"Bosa Insurance \"> Bosa Insurance<\/a> . ","top_header_background_color":"#244062","top_header_text_color":"#c4c4c4","contact_phone":"001(352) 8454","contact_email":"yourname@company.com","contact_address":"New Street Road, South Wales, London","disable_hamburger_menu_icon":true,"header_button_background_color":"#465974","top_header_text_link_hover_color":"#98b2d7","bottom_header_text_color":"#233d62","bottom_header_text_link_hover_color":"#000000","header_image_height":"90","blog_page_title_font_control":{"font-family":"Merriweather","variant":"700","font-size":"20px","text-transform":"capitalize","font-backup":"","font-weight":700,"font-style":"normal"},"site_title_font_control":{"font-family":"Merriweather","variant":"700","font-size":"26px","text-transform":"none","font-backup":"","font-weight":700,"font-style":"normal"},"general_title_font_control":{"font-family":"Merriweather","text-transform":"capitalize","font-backup":"","variant":"700","font-weight":700,"font-style":"normal"},"page_title_font_control":{"font-family":"Merriweather","variant":"900","font-size":"35px","text-transform":"none","font-backup":"","font-weight":900,"font-style":"normal"},"section_title_font_control":{"font-family":"Merriweather","variant":"700","font-size":"24px","text-transform":"capitalize","font-backup":"","font-weight":700,"font-style":"normal"},"main_slider_height":"600","slider_category":"5","main_slider_content_alignment":"left","hide_slider_date":true,"hide_slider_author":true,"hide_slider_comment":true,"feature_posts_posts_number":"3","feature_posts_height":"280","feature_posts_category":"6","disable_highlight_posts_section_title":false,"highlight_posts_section_title":"You may also like","blog_post_title_color":"#233d62","blog_post_category_color":"#233d62","blog_post_text_color":"#687693","header_textcolor":"#233d62","site_heading_text_color":"#233d62","site_primary_color":"#233d62","site_body_text_color":"#687693","site_hover_color":"#000000","custom_logo":168,"logo_width":"175","disable_site_title":true,"disable_site_tagline":true,"single_post_author_title":"About Author","related_posts_title":"Related post","related_posts_count":"4","header_button_repeater":[{"header_btn_type":"button-primary","header_btn_bg_color":"#233d62","header_btn_border_color":"#1a1a1a","header_btn_text_color":"#ffffff","header_btn_hover_color":"#000000","header_btn_text":"get a quote","header_btn_link":"#","header_btn_target":true,"header_btn_radius":0}],"transparent_header_button_repeater":[{"transparent_header_btn_type":"button-outline","transparent_header_home_btn_bg_color":"#eb5a3e","transparent_header_home_btn_border_color":"#ffffff","transparent_header_home_btn_text_color":"#ffffff","transparent_header_btn_bg_color":"#eb5a3e","transparent_header_btn_border_color":"#1a1a1a","transparent_header_btn_text_color":"#1a1a1a","transparent_header_btn_hover_color":"#086abd","transparent_header_btn_text":"","transparent_header_btn_link":"","transparent_header_btn_target":true,"transparent_header_btn_radius":0}],"main_slider_button_repeater":[{"slider_btn_type":"button-primary","slider_btn_bg_color":"#233d62","slider_btn_border_color":"#ffffff","slider_btn_text_color":"#ffffff","slider_btn_hover_color":"#000000","slider_btn_text":"read more","slider_btn_radius":0}],"main_banner_buttons_repeater":[{"banner_btn_type":"button-primary","banner_btn_bg_color":"#233d62","banner_btn_border_color":"#ffffff","banner_btn_text_color":"#ffffff","banner_btn_hover_color":"#000000","banner_btn_text":"Read more","banner_btn_link":"#","banner_btn_target":true,"banner_btn_radius":0}],"blog_page_button_repeater":[{"blog_btn_type":"button-primary","blog_btn_bg_color":"#233d62","blog_btn_border_color":"#1a1a1a","blog_btn_text_color":"#ffffff","blog_btn_hover_color":"#000000","blog_btn_text":"read more","blog_btn_radius":0}],"footer_widget_area_top_padding":"60","footer_widget_area_bottom_padding":"50","disable_mobile_search_icon":true,"main_menu_font_control":{"font-family":"Merriweather","font-size":"15px","text-transform":"none","variant":"700","line-height":"1.5","font-backup":"","font-weight":700,"font-style":"normal"},"header_buttons_font_control":{"font-family":"Open Sans","variant":"600","font-size":"14px","text-transform":"uppercase","line-height":"1.3","font-backup":"","font-weight":600,"font-style":"normal"},"footer_widget_title_font_control":{"font-family":"Merriweather","variant":"regular","font-size":"17px","text-transform":"none","line-height":"1.4","font-backup":"","font-weight":400,"font-style":"normal"},"footer_style_font_control":{"font-family":"Merriweather","variant":"regular","font-size":"14px","text-transform":"none","line-height":"1.6","font-backup":"","font-weight":400,"font-style":"normal"},"bottom_footer_image":289,"bottom_footer_image_link":"https:\/\/demo.bosathemes.com\/bosa\/insurance","bottom_footer_image_width":"190","hide_slider_category":true,"main_slider_excerpt_font_control":{"font-family":"Open Sans","variant":"regular","font-size":"16px","text-transform":"initial","line-height":"1.8","font-backup":"","font-weight":400,"font-style":"normal"},"main_slider_title_font_control":{"font-family":"Merriweather","variant":"700","font-size":"55px","text-transform":"uppercase","line-height":"1.4","font-backup":"","font-weight":700,"font-style":"normal"},"main_slider_button_font_control":{"font-family":"Open Sans","variant":"600","font-size":"15px","text-transform":"uppercase","line-height":"1.8","font-backup":"","font-weight":600,"font-style":"normal"},"feature_posts_font_control":{"font-family":"Merriweather","variant":"700","font-size":"18px","text-transform":"uppercase","line-height":"1.4","font-backup":"","font-weight":700,"font-style":"normal"},"highlight_posts_cat_font_control":{"font-family":"Open Sans","variant":"regular","font-size":"12px","text-transform":"uppercase","line-height":"1","font-backup":"","font-weight":400,"font-style":"normal"},"highlight_posts_title_font_control":{"font-family":"Merriweather","variant":"700","font-size":"18px","text-transform":"capitalize","line-height":"1.4","font-backup":"","font-weight":700,"font-style":"normal"},"highlight_posts_meta_font_control":{"font-family":"Open Sans","variant":"regular","font-size":"13px","text-transform":"capitalize","line-height":"1.6","font-backup":"","font-weight":400,"font-style":"normal"},"archive_post_layout":"grid","blog_post_title_font_control":{"font-family":"Merriweather","variant":"700","font-size":"21px","text-transform":"capitalize","line-height":"1.4","font-backup":"","font-weight":700,"font-style":"normal"},"blog_post_meta_font_control":{"font-family":"Open Sans","variant":"regular","font-size":"13px","text-transform":"capitalize","line-height":"1.6","font-backup":"","font-weight":400,"font-style":"normal"},"hide_post_button":false,"blog_post_button_font_control":{"font-family":"Open Sans","variant":"600","font-size":"14px","text-transform":"uppercase","line-height":"2","font-backup":"","font-weight":600,"font-style":"normal"},"sidebar_widget_title_font_control":{"font-family":"Merriweather","variant":"700","font-size":"15px","text-transform":"uppercase","line-height":"1.4","font-backup":"","font-weight":700,"font-style":"normal"},"disable_sticky_sidebar":false,"separate_hover_color_for_main_slider":"#98b2d7","main_slider_controls":"slider","banner_title":"welcome to bosa","banner_subtitle":"Bosa is multipurpose WordPress site","preloader_animation":"animation_five","featured_post_category_bgcolor":"#233d62","featured_post_hover_color":"#98b2d7","highlight_post_title_color":"#233d62","highlight_post_category_bgcolor":"#233d62","highlight_post_hover_color":"#98b2d7","featured_posts_cat_font_control":{"font-family":"Poppins","variant":"regular","font-size":"12px","text-transform":"capitalize","line-height":"1","font-backup":"","font-weight":400,"font-style":"normal"},"highlight_posts_section_title_font_control":{"font-family":"Merriweather","variant":"700","font-size":"24px","text-transform":"none","line-height":"1.2","font-backup":"","font-weight":700,"font-style":"normal"}},"woocommerce_shop_page_id":"257","woocommerce_shop_page_id-child":"257"}}