{"widget_positions":{"wp_inactive_widgets":["search-2","recent-comments-2"],"right-sidebar":["calendar-2","bosa_latest_post-3","media_gallery-2"],"menu-sidebar":["text-5","recent-posts-2"],"left-sidebar":["archives-2","categories-2","meta-2"],"woocommerce-right-sidebar":["woocommerce_product_search-2","woocommerce_price_filter-2","woocommerce_products-2","media_gallery-3"],"woocommerce-left-sidebar":[],"footer-sidebar-1":["text-2"],"footer-sidebar-2":["bosa_latest_post-2"],"footer-sidebar-3":["tag_cloud-2"],"footer-sidebar-4":["text-3"],"array_version":3},"widget_options":{"search":{"2":{"title":""},"_multiwidget":1},"recent-comments":{"2":{"title":"","number":5},"_multiwidget":1},"calendar":{"2":{"title":"Calender"},"_multiwidget":1},"bosa_latest_post":{"2":{"title":"Latest Posts","per_page":"2","show_date_comment":false,"layout":"left"},"3":{"title":"Recent Posts","per_page":"2","show_date_comment":false,"layout":"full"},"_multiwidget":1},"media_gallery":{"2":{"title":"Gallery","ids":[108,107,118,119,123,122],"columns":3,"size":"thumbnail","link_type":"post","orderby_random":false},"3":{"title":"Gallery","ids":[268,267,266,265,264,263],"columns":3,"size":"thumbnail","link_type":"post","orderby_random":false},"_multiwidget":1},"text":{"1":[],"2":{"title":"About Bosa Insurance","text":"Ad laboriosam deserunt luctus, lectus nibh habitasse minus quas donec per sint, ex esse, quod risus eros delectus harum quam? Ligula impedit cubilia blandit! Hymenaeos.","filter":true,"visual":true},"3":{"title":"Official info:","text":"Laboriosam, inventore, pretium penatibus sequi ea eos tempore. Quos ratione ultrices ornare.\r\n\r\n<strong>Open Hours<\/strong>: Mon-Sat : 8am- 5pm. Sunday : CLOSED","filter":true,"visual":true},"_multiwidget":1,"5":{"title":"About Us","text":"Viverra voluptatibus officiis veniam tenetur minus, excepturi? Doloremque corporis, vel placerat a, nisl ullamco voluptas quidem proident.","filter":true,"visual":true}},"recent-posts":{"2":{"title":"","number":5},"_multiwidget":1},"archives":{"2":{"title":"","count":0,"dropdown":0},"_multiwidget":1},"categories":{"2":{"title":"","count":0,"hierarchical":0,"dropdown":0},"_multiwidget":1},"meta":{"2":{"title":""},"_multiwidget":1},"woocommerce_product_search":{"2":{"title":"Product Search"},"_multiwidget":1},"woocommerce_price_filter":{"2":{"title":"Filter by price"},"_multiwidget":1},"woocommerce_products":{"2":{"title":"Products","number":5,"show":"","orderby":"date","order":"desc","hide_free":0,"show_hidden":0},"_multiwidget":1},"tag_cloud":{"2":{"title":"Post Tags","count":0,"taxonomy":"post_tag"},"_multiwidget":1}}}