{"menu":{"menu-2":6,"menu-1":5},"options":{"blogname":"Gutener Business","blogname-child":"Gutener Business","blogdescription":"Just another Gutener Demos site","blogdescription-child":"Just another Gutener Demos site","posts_per_page":"10","posts_per_page-child":"10","date_format":"F j, Y","date_format-child":"F j, Y","time_format":"g:i a","time_format-child":"g:i a","show_on_front":"page","show_on_front-child":"page","thumbnail_size_w":"150","thumbnail_size_w-child":"150","thumbnail_size_h":"150","thumbnail_size_h-child":"150","thumbnail_crop":"1","thumbnail_crop-child":"1","medium_size_w":"300","medium_size_w-child":"300","medium_size_h":"300","medium_size_h-child":"300","avatar_default":"mystery","avatar_default-child":"mystery","large_size_w":"700","large_size_w-child":"700","large_size_h":"700","large_size_h-child":"700","page_for_posts":"48","page_for_posts-child":"48","page_on_front":"4","page_on_front-child":"4","medium_large_size_w":"768","medium_large_size_w-child":"768","medium_large_size_h":"0","medium_large_size_h-child":"0","theme_mods_gutener":{"0":false,"custom_css_post_id":61,"header_layout":"header_two","header_image_slider":[],"social_media_links":[{"icon":"fab fa-facebook","link":"#"},{"icon":"fab fa-twitter","link":"#"},{"icon":"fab fa-instagram","link":"#"},{"icon":"fab fa-google","link":"#"},{"icon":"fab fa-youtube","link":"#"},{"icon":"fab fa-pinterest","link":"#"}],"main_banner_buttons":[{"text":"Button Text","link":"#","type":"button-outline"}],"header_image_height":"100","header_button_background_color":"#4761e8","header_button_text":"Get a Quote","logo_width":"190","disable_site_title":true,"disable_site_tagline":true,"custom_logo":51,"header_button_border_radius":"4","site_primary_color":"#4761e8","site_hover_color":"#0099ff","top_footer_background_color":"rgba(103,41,162,0.97)","bottom_footer_background_color":"rgba(103,41,162,0.99)","top_footer_widget_title_color":"#ffffff","top_footer_widget_link_color":"#f1f1f1","top_footer_widget_content_color":"#f1f1f1","bottom_footer_text_color":"#f1f1f1","bottom_footer_text_link_color":"#cccccc","footer_image":"https:\/\/demo.keonthemes.com\/gutener\/demo12\/wp-content\/uploads\/sites\/48\/2020\/09\/gutener-business-img32-1200-410.jpg","header_textcolor":"#121521","site_heading_text_color":"#121521","blog_post_title_color":"#121521","blog_post_category_color":"#4761e8","highlight_posts_posts_number":"3","site_title_font_control":{"font-family":"Roboto Slab","font-size":"62px","text-transform":"none","font-backup":"","variant":"regular","font-weight":400,"font-style":"normal"},"general_title_font_control":{"font-family":"Roboto Slab","text-transform":"none","font-backup":"","variant":"regular","font-weight":400,"font-style":"normal"},"page_title_font_control":{"font-family":"Roboto Slab","font-size":"48px","text-transform":"none","font-backup":"","variant":"regular","font-weight":400,"font-style":"normal"},"section_title_font_control":{"font-family":"Roboto Slab","font-size":"24px","text-transform":"none","font-backup":"","variant":"regular","font-weight":400,"font-style":"normal"},"disable_blog_page_title":"enable_all_pages","hide_author":false,"hide_date":false,"hide_comment":false,"hide_category":false,"hide_single_post_date":false,"main_slider_height":"550","hide_slider_category":true,"hide_slider_date":true,"hide_slider_author":true,"hide_slider_comment":true,"slider_category":"8","contact_phone":"+ 1987 123456","contact_email":"yourmail@email.com","contact_address":"Rock Street, San Francisco, California","feature_posts_section_title":"Featured Posts"},"theme_mods_gutener-child":{"0":false,"nav_menu_locations":{"menu-1":5,"menu-2":6},"custom_css_post_id":61,"header_layout":"header_two","header_image_slider":[],"social_media_links":[{"icon":"fab fa-facebook","link":"#"},{"icon":"fab fa-twitter","link":"#"},{"icon":"fab fa-instagram","link":"#"},{"icon":"fab fa-google","link":"#"},{"icon":"fab fa-youtube","link":"#"},{"icon":"fab fa-pinterest","link":"#"}],"main_banner_buttons":[{"text":"Button Text","link":"#","type":"button-outline"}],"header_image_height":"100","header_button_background_color":"#4761e8","header_button_text":"Get a Quote","logo_width":"190","disable_site_title":true,"disable_site_tagline":true,"custom_logo":51,"header_button_border_radius":"4","site_primary_color":"#4761e8","site_hover_color":"#0099ff","top_footer_background_color":"rgba(103,41,162,0.97)","bottom_footer_background_color":"rgba(103,41,162,0.99)","top_footer_widget_title_color":"#ffffff","top_footer_widget_link_color":"#f1f1f1","top_footer_widget_content_color":"#f1f1f1","bottom_footer_text_color":"#f1f1f1","bottom_footer_text_link_color":"#cccccc","footer_image":"https:\/\/demo.keonthemes.com\/gutener\/demo12\/wp-content\/uploads\/sites\/48\/2020\/09\/gutener-business-img32-1200-410.jpg","header_textcolor":"#121521","site_heading_text_color":"#121521","blog_post_title_color":"#121521","blog_post_category_color":"#4761e8","highlight_posts_posts_number":"3","site_title_font_control":{"font-family":"Roboto Slab","font-size":"62px","text-transform":"none","font-backup":"","variant":"regular","font-weight":400,"font-style":"normal"},"general_title_font_control":{"font-family":"Roboto Slab","text-transform":"none","font-backup":"","variant":"regular","font-weight":400,"font-style":"normal"},"page_title_font_control":{"font-family":"Roboto Slab","font-size":"48px","text-transform":"none","font-backup":"","variant":"regular","font-weight":400,"font-style":"normal"},"section_title_font_control":{"font-family":"Roboto Slab","font-size":"24px","text-transform":"none","font-backup":"","variant":"regular","font-weight":400,"font-style":"normal"},"disable_blog_page_title":"enable_all_pages","hide_author":false,"hide_date":false,"hide_comment":false,"hide_category":false,"hide_single_post_date":false,"main_slider_height":"550","hide_slider_category":true,"hide_slider_date":true,"hide_slider_author":true,"hide_slider_comment":true,"slider_category":"8","contact_phone":"+ 1987 123456","contact_email":"yourmail@email.com","contact_address":"Rock Street, San Francisco, California","feature_posts_section_title":"Featured Posts"}}}