{"widget_positions":{"wp_inactive_widgets":[],"menu-sidebar":["search-3","gutener_author_widget-2"],"left-sidebar":["gutener_author_widget-3","calendar-2","gutener_latest_post-3"],"right-sidebar":["gutener_author_widget-4","categories-4","calendar-3","gutener_latest_post-4"],"footer-sidebar-1":["text-3"],"footer-sidebar-2":["categories-5"],"footer-sidebar-3":["gutener_latest_post-5"],"footer-sidebar-4":["nav_menu-3"],"array_version":3},"widget_options":{"search":{"3":{"title":"Search"},"_multiwidget":1},"gutener_author_widget":{"2":{"title":"About the Author","page_id":66,"full-square-thumb":false,"page_title":true,"excerpt_count":"20","sub_title":"CEO, Beta","social_title":null,"social_desc":null,"social_menu_icon_1":"fab fa-facebook","social_menu_link_1":"#","social_menu_icon_2":"fab fa-twitter","social_menu_link_2":"#","social_menu_icon_3":"fab fa-instagram","social_menu_link_3":"#","social_menu_icon_4":"","social_menu_link_4":"","social_menu_icon_5":"","social_menu_link_5":"","social_menu_icon_6":"","social_menu_link_6":"","social_menu_icon_7":"","social_menu_link_7":"","social_menu_icon_8":"","social_menu_link_8":"","social_menu_icon_9":"","social_menu_link_9":""},"3":{"title":"About the Author","page_id":66,"full-square-thumb":false,"page_title":true,"excerpt_count":"20","sub_title":"CEO, Beta","social_title":null,"social_desc":null,"social_menu_icon_1":"fab fa-facebook","social_menu_link_1":"#","social_menu_icon_2":"fab fa-twitter","social_menu_link_2":"#","social_menu_icon_3":"fab fa-instagram","social_menu_link_3":"#","social_menu_icon_4":"","social_menu_link_4":"","social_menu_icon_5":"","social_menu_link_5":"","social_menu_icon_6":"","social_menu_link_6":"","social_menu_icon_7":"","social_menu_link_7":"","social_menu_icon_8":"","social_menu_link_8":"","social_menu_icon_9":"","social_menu_link_9":""},"4":{"title":"About the Author","page_id":66,"full-square-thumb":false,"page_title":true,"excerpt_count":"20","sub_title":"CEO, Beta","social_title":null,"social_desc":null,"social_menu_icon_1":"fab fa-facebook","social_menu_link_1":"#","social_menu_icon_2":"fab fa-twitter","social_menu_link_2":"#","social_menu_icon_3":"fab fa-instagram","social_menu_link_3":"#","social_menu_icon_4":"","social_menu_link_4":"","social_menu_icon_5":"","social_menu_link_5":"","social_menu_icon_6":"","social_menu_link_6":"","social_menu_icon_7":"","social_menu_link_7":"","social_menu_icon_8":"","social_menu_link_8":"","social_menu_icon_9":"","social_menu_link_9":""},"_multiwidget":1},"calendar":{"2":{"title":"Calendar"},"3":{"title":"Calendar"},"_multiwidget":1},"gutener_latest_post":{"2":{"title":"Latest Posts","per_page":"2","show_date_comment":true,"layout":"left"},"3":{"title":"Latest Posts","per_page":"3","show_date_comment":true,"layout":"left"},"4":{"title":"Latest Posts","per_page":"3","show_date_comment":true,"layout":"left"},"5":{"title":"Latest Posts","per_page":"2","show_date_comment":true,"layout":"left"},"_multiwidget":1},"categories":{"3":{"title":"Categories","count":1,"hierarchical":0,"dropdown":0},"4":{"title":"Categories","count":1,"hierarchical":0,"dropdown":0},"5":{"title":"Categories","count":1,"hierarchical":0,"dropdown":0},"_multiwidget":1},"text":{"1":[],"2":{"title":"About Gutener Business","text":"Cubilia, illo temporibus lorem! Praesent reprehenderit doloremque non eaque at at nemo eos potenti lorem! Praesent reprehenderit doloremque non eaque at at nemo eos potenti","filter":true,"visual":true},"3":{"title":"About Gutener Business","text":"Gutener is clean, creative, powerful, flexible, highly customizable and Gutenberg ready WordPress theme. It is fully responsive and is sure to make your website stand out from the crowd.","filter":true,"visual":true},"_multiwidget":1},"nav_menu":{"2":{"title":"Quick Links","nav_menu":5},"3":{"title":"Quick Links","nav_menu":7},"_multiwidget":1}}}