{"menu":{"menu-1":30,"menu-3":45},"options":{"blogname":"Bosa Shop","blogname-child":"Bosa Shop","blogdescription":"Bosa is the perfect theme for your Business","blogdescription-child":"Bosa is the perfect theme for your Business","posts_per_page":"10","posts_per_page-child":"10","date_format":"F j, Y","date_format-child":"F j, Y","time_format":"g:i a","time_format-child":"g:i a","show_on_front":"page","show_on_front-child":"page","thumbnail_size_w":"150","thumbnail_size_w-child":"150","thumbnail_size_h":"150","thumbnail_size_h-child":"150","thumbnail_crop":"1","thumbnail_crop-child":"1","medium_size_w":"300","medium_size_w-child":"300","medium_size_h":"300","medium_size_h-child":"300","avatar_default":"mystery","avatar_default-child":"mystery","large_size_w":"1024","large_size_w-child":"1024","large_size_h":"1024","large_size_h-child":"1024","page_for_posts":"181","page_for_posts-child":"181","page_on_front":"83","page_on_front-child":"83","medium_large_size_w":"768","medium_large_size_w-child":"768","medium_large_size_h":"0","medium_large_size_h-child":"0","theme_mods_bosa-pro":{"0":false,"custom_css_post_id":13,"header_image_slider":[],"social_media_links":[{"icon":"fab fa-facebook","link":"#","target":true},{"icon":"fab fa-twitter","link":"#","target":true},{"icon":"fab fa-instagram","link":"#","target":true},{"icon":"fab fa-google","link":"#","target":true},{"icon":"fab fa-pinterest","link":"#","target":true}],"main_banner_buttons":[{"text":"SHOP NOW","link":"#","type":"button-primary"},{"text":"LEARN MORE","link":"#","type":"button-outline"}],"disable_page_title":"enable_all_pages","coming_maintenance_buttons":[{"maintenance_btn_type":"button-primary","maintenance_btn_bg_color":"#ffffff","maintenance_btn_border_color":"#ffffff","maintenance_btn_text_color":"#313131","maintenance_btn_hover_color":"#313131","maintenance_btn_text":"Button Text","maintenance_btn_link":"#","maintenance_btn_target":true,"maintenance_btn_radius":0}],"coming_maintenance_image_slider":[],"header_layout":"header_eleven","site_title_color":"#191414","site_tagline_color":"#615f5f","site_title_color_transparent_header":"#ffffff","content_color_transparent_header":"#413e3e","header_button_text_color":"#f9f9f9","advanced_import_setup_complete":1602235000,"header_image_height":"130","header_nav_height":"60","logo_width":"180","disable_site_title":true,"disable_site_tagline":true,"main_slider_controls":"banner","main_slider_height":"550","banner_title":"have a great shopping!!","banner_subtitle":"Incidunt accusamus vehicula aspernatur labore aptent temporibus pede elit eius, aute conubia voluptates habitasse ipsa, ultricies pharetra quia nascetur molestie sunt duis! Blanditiis, animi.","archive_post_layout":"list","banner_image":217,"highlight_posts_columns":"three_columns","highlight_posts_posts_number":"3","highlight_posts_category":"32","highlight_posts_height":"300","disable_highlight_posts_section":false,"disable_highlight_posts_section_title":false,"site_primary_color":"#c2a476","site_hover_color":"#927548","blog_post_category_color":"#cf9006","main_menu_font_control":{"font-family":"Poppins","font-size":"15px","text-transform":"uppercase","variant":"regular","line-height":"1.5","font-backup":"","font-weight":400,"font-style":"normal"},"body_font_control":{"font-family":"Poppins","variant":"regular","font-size":"15px","font-backup":"","font-weight":400,"font-style":"normal"},"blog_page_title_font_control":{"font-family":"Oregano","variant":"regular","font-size":"24px","text-transform":"capitalize","font-backup":"","font-weight":400,"font-style":"normal"},"general_title_font_control":{"font-family":"Poppins","text-transform":"uppercase","font-backup":"","variant":"500","font-weight":500,"font-style":"normal"},"page_title_font_control":{"font-family":"Oregano","variant":"regular","font-size":"48px","text-transform":"none","font-backup":"","font-weight":400,"font-style":"normal"},"section_title_font_control":{"font-family":"Oregano","variant":"regular","font-size":"38px","text-transform":"none","font-backup":"","font-weight":400,"font-style":"normal"},"banner_button_border_radius":"0","footer_text":"Copyright \u00a9 2021<a href=\"https:\/\/demo.bosathemes.com\/bosa\/shop\" title=\"Bosa Shop \"> Bosa Shop<\/a> .  Theme: <a href=\"https:\/\/bosathemes.com\/\" target=\"_blank\" title=\"Bosa\" rel=\"author\">Bosa<\/a> By KeonThemes.","bottom_header_background_color":"#313131","top_footer_widget_columns":"three_columns","top_footer_background_color":"#2f2f2f","footer_layout":"footer_ten","bottom_footer_background_color":"#333333","top_footer_widget_title_color":"#f2f2f2","top_footer_widget_link_color":"#ffffff","top_footer_widget_link_hover_color":"#c2a476","top_footer_widget_content_color":"#d2d0d0","bottom_footer_text_color":"#dddddd","bottom_footer_text_link_color":"#ffffff","bottom_footer_text_link_hover_color":"#c2a476","top_header_background_color":"#ffffff","social_icons_size":"20","disable_hamburger_menu_icon":false,"header_button_repeater":[{"header_btn_type":""}],"disable_notification_bar":false,"bottom_header_text_color":"#fcfcfc","mid_header_background_color":"","mid_header_text_color":"#c3865d","disable_header_below_border":true,"disable_header_border":false,"top_header_text_color":"#757272","notification_bar_image":401,"notification_bar_image_height":"40","top_header_text_link_hover_color":"#c2a476","bottom_header_text_link_hover_color":"#c2a476","disable_contact_detail":false,"footer_widget_layout":"footer_widget_layout_six","main_slider_font_control":{"font-family":"Oregano","variant":"regular","font-size":"50px","text-transform":"uppercase","line-height":"1.4","font-backup":"","font-weight":400,"font-style":"normal"},"highlight_posts_font_control":{"font-family":"Oregano","variant":"regular","font-size":"18px","text-transform":"uppercase","line-height":"1.4","font-backup":"","font-weight":400,"font-style":"normal"},"blog_post_title_font_control":{"font-family":"Poppins","variant":"500","font-size":"19px","text-transform":"uppercase","line-height":"1.4","font-backup":"","font-weight":500,"font-style":"normal"},"feature_posts_title_font_control":{"font-family":"Oregano","variant":"regular","font-size":"28px","text-transform":"none","line-height":"1.4","font-backup":"","font-weight":400,"font-style":"normal"},"disable_feature_posts_section_title":false,"disable_feature_posts_section_description":true,"feature_posts_section_title_desc_alignment":"left","sidebar_widget_title_font_control":{"font-family":"Poppins","variant":"600","font-size":"15px","text-transform":"uppercase","line-height":"1.4","font-backup":"","font-weight":600,"font-style":"normal"},"footer_widget_title_font_control":{"font-family":"Oregano","variant":"regular","font-size":"22px","text-transform":"none","line-height":"1.4","font-backup":"","font-weight":400,"font-style":"normal"},"footer_style_font_control":{"font-family":"Oregano","variant":"regular","font-size":"18px","text-transform":"none","line-height":"1.6","font-backup":"","font-weight":400,"font-style":"normal"},"feature_posts_font_control":{"font-family":"Poppins","variant":"500","font-size":"18px","text-transform":"uppercase","line-height":"1.4","font-backup":"","font-weight":500,"font-style":"normal"},"highlight_posts_section_title":"From Our Blog","notification_bar_title":"Black Friday Sale - Up to 40%","disable_notification_bar_button":false,"disable_sticky_notification_bar":true,"notification_button_repeater":[{"noti_btn_type":"button-primary","noti_btn_bg_color":"#c2a476","noti_btn_border_color":"#ffffff","noti_btn_text_color":"#ffffff","noti_btn_hover_color":"#313131","noti_btn_text":"shop now","noti_btn_link":"#","noti_btn_target":true,"noti_btn_radius":0}],"main_slider_button_repeater":[{"slider_btn_type":"button-primary","slider_btn_bg_color":"#ffffff","slider_btn_border_color":"#ffffff","slider_btn_text_color":"#ffffff","slider_btn_hover_color":"#313131","slider_btn_text":"Learn More","slider_btn_radius":0}],"main_banner_buttons_repeater":[{"banner_btn_type":"button-primary","banner_btn_bg_color":"#ffffff","banner_btn_border_color":"#ffffff","banner_btn_text_color":"#313131","banner_btn_hover_color":"#313131","banner_btn_text":"Learn More","banner_btn_link":"#","banner_btn_target":true,"banner_btn_radius":0}],"blog_page_button_repeater":[{"blog_btn_type":"button-primary","blog_btn_bg_color":"#ffffff","blog_btn_border_color":"#1a1a1a","blog_btn_text_color":"#1a1a1a","blog_btn_hover_color":"#313131","blog_btn_text":"View More","blog_btn_radius":0}],"notification_bar_image_size":"cover","notification_bar_image_overlay_opacity":"0","transparent_header_button_repeater":[{"transparent_header_btn_type":"button-outline","transparent_header_home_btn_bg_color":"#eb5a3e","transparent_header_home_btn_border_color":"#ffffff","transparent_header_home_btn_text_color":"#ffffff","transparent_header_btn_bg_color":"#eb5a3e","transparent_header_btn_border_color":"#1a1a1a","transparent_header_btn_text_color":"#1a1a1a","transparent_header_btn_hover_color":"#086abd","transparent_header_btn_text":"Get a Quote","transparent_header_btn_link":"#","transparent_header_btn_target":true,"transparent_header_btn_radius":0}],"footer_widget_area_top_padding":"60","main_slider_title_font_control":{"font-family":"Oregano","variant":"regular","font-size":"70px","text-transform":"uppercase","line-height":"1.4","font-backup":"","font-weight":400,"font-style":"normal"},"main_banner_subtitle_font_control":{"font-family":"Poppins","variant":"regular","font-size":"16px","text-transform":"initial","line-height":"1.8","font-backup":"","font-weight":400,"font-style":"normal"},"main_banner_button_font_control":{"font-family":"Poppins","variant":"500","font-size":"15px","text-transform":"uppercase","line-height":"1.7","font-backup":"","font-weight":500,"font-style":"normal"},"banner_image_overlay_opacity":"6","highlight_posts_cat_font_control":{"font-family":"Poppins","variant":"regular","font-size":"12px","text-transform":"uppercase","line-height":"1","font-backup":"","font-weight":400,"font-style":"normal"},"highlight_posts_title_font_control":{"font-family":"Poppins","variant":"500","font-size":"22px","text-transform":"uppercase","line-height":"1.4","font-backup":"","font-weight":500,"font-style":"normal"},"blog_post_cat_font_control":{"font-family":"Poppins","variant":"regular","font-size":"13px","text-transform":"uppercase","line-height":"1.6","font-backup":"","font-weight":400,"font-style":"normal"},"blog_post_excerpt_font_control":{"font-family":"Poppins","variant":"regular","font-size":"15px","text-transform":"initial","line-height":"1.8","font-backup":"","font-weight":400,"font-style":"normal"},"feature_posts_height":"250","disable_footer_widget_title_border":false,"disable_footer_widget_list_item_border":true,"contact_phone":"+ 1987 123456","contact_email":"yourmail@email.com","contact_address":"Rock Street, San Francisco","notification_bar_title_font_control":{"font-family":"Poppins","variant":"regular","font-size":"16px","text-transform":"capitalize","line-height":"1.3","font-backup":"","font-weight":400,"font-style":"normal"},"notification_bar_title_color":"#333333","notification_image_link":"https:\/\/bosathemes.com\/pricing","notification_bar_buttons_font_control":{"font-family":"Montserrat","variant":"regular","font-size":"13px","text-transform":"uppercase","line-height":"1","font-backup":"","font-weight":400,"font-style":"normal"},"disable_fixed_header":false,"mid_header_text_link_hover_color":"#c2a476","disable_sticky_sidebar":false,"separate_hover_color_for_main_slider":"#c2a476","hide_post_button":true,"preloader_animation":"animation_four","preloader_custom_image_width":"40","custom_logo":663,"feature_posts_section_title_font_control":{"font-family":"Poppins","variant":"600","font-size":"32px","text-transform":"capitalize","line-height":"1.2","font-backup":"","font-weight":600,"font-style":"normal"},"featured_post_category_bgcolor":"#c2a476","featured_post_hover_color":"#927548","feature_posts_text_alignment":"text-center","hide_featured_posts_date":true,"hide_featured_posts_author":true,"hide_featured_posts_comment":true,"feature_posts_title_alignment":"align-bottom","highlight_posts_section_title_font_control":{"font-family":"Poppins","variant":"600","font-size":"32px","text-transform":"none","line-height":"1.2","font-backup":"","font-weight":600,"font-style":"normal"},"highlight_post_category_bgcolor":"#c2a476","highlight_post_hover_color":"#927548"},"theme_mods_bosa-pro-child":{"0":false,"custom_css_post_id":13,"header_image_slider":[],"social_media_links":[{"icon":"fab fa-facebook","link":"#","target":true},{"icon":"fab fa-twitter","link":"#","target":true},{"icon":"fab fa-instagram","link":"#","target":true},{"icon":"fab fa-google","link":"#","target":true},{"icon":"fab fa-pinterest","link":"#","target":true}],"main_banner_buttons":[{"text":"SHOP NOW","link":"#","type":"button-primary"},{"text":"LEARN MORE","link":"#","type":"button-outline"}],"disable_page_title":"enable_all_pages","coming_maintenance_buttons":[{"maintenance_btn_type":"button-primary","maintenance_btn_bg_color":"#ffffff","maintenance_btn_border_color":"#ffffff","maintenance_btn_text_color":"#313131","maintenance_btn_hover_color":"#313131","maintenance_btn_text":"Button Text","maintenance_btn_link":"#","maintenance_btn_target":true,"maintenance_btn_radius":0}],"coming_maintenance_image_slider":[],"header_layout":"header_eleven","site_title_color":"#191414","site_tagline_color":"#615f5f","site_title_color_transparent_header":"#ffffff","content_color_transparent_header":"#413e3e","header_button_text_color":"#f9f9f9","nav_menu_locations":{"menu-1":30,"menu-3":45},"advanced_import_setup_complete":1602235000,"header_image_height":"130","header_nav_height":"60","logo_width":"180","disable_site_title":true,"disable_site_tagline":true,"main_slider_controls":"banner","main_slider_height":"550","banner_title":"have a great shopping!!","banner_subtitle":"Incidunt accusamus vehicula aspernatur labore aptent temporibus pede elit eius, aute conubia voluptates habitasse ipsa, ultricies pharetra quia nascetur molestie sunt duis! Blanditiis, animi.","archive_post_layout":"list","banner_image":217,"highlight_posts_columns":"three_columns","highlight_posts_posts_number":"3","highlight_posts_category":"32","highlight_posts_height":"300","disable_highlight_posts_section":false,"disable_highlight_posts_section_title":false,"site_primary_color":"#c2a476","site_hover_color":"#927548","blog_post_category_color":"#cf9006","main_menu_font_control":{"font-family":"Poppins","font-size":"15px","text-transform":"uppercase","variant":"regular","line-height":"1.5","font-backup":"","font-weight":400,"font-style":"normal"},"body_font_control":{"font-family":"Poppins","variant":"regular","font-size":"15px","font-backup":"","font-weight":400,"font-style":"normal"},"blog_page_title_font_control":{"font-family":"Oregano","variant":"regular","font-size":"24px","text-transform":"capitalize","font-backup":"","font-weight":400,"font-style":"normal"},"general_title_font_control":{"font-family":"Poppins","text-transform":"uppercase","font-backup":"","variant":"500","font-weight":500,"font-style":"normal"},"page_title_font_control":{"font-family":"Oregano","variant":"regular","font-size":"48px","text-transform":"none","font-backup":"","font-weight":400,"font-style":"normal"},"section_title_font_control":{"font-family":"Oregano","variant":"regular","font-size":"38px","text-transform":"none","font-backup":"","font-weight":400,"font-style":"normal"},"banner_button_border_radius":"0","footer_text":"Copyright \u00a9 2021<a href=\"https:\/\/demo.bosathemes.com\/bosa\/shop\" title=\"Bosa Shop \"> Bosa Shop<\/a> .  Theme: <a href=\"https:\/\/bosathemes.com\/\" target=\"_blank\" title=\"Bosa\" rel=\"author\">Bosa<\/a> By KeonThemes.","bottom_header_background_color":"#313131","top_footer_widget_columns":"three_columns","top_footer_background_color":"#2f2f2f","footer_layout":"footer_ten","bottom_footer_background_color":"#333333","top_footer_widget_title_color":"#f2f2f2","top_footer_widget_link_color":"#ffffff","top_footer_widget_link_hover_color":"#c2a476","top_footer_widget_content_color":"#d2d0d0","bottom_footer_text_color":"#dddddd","bottom_footer_text_link_color":"#ffffff","bottom_footer_text_link_hover_color":"#c2a476","top_header_background_color":"#ffffff","social_icons_size":"20","disable_hamburger_menu_icon":false,"header_button_repeater":[{"header_btn_type":""}],"disable_notification_bar":false,"bottom_header_text_color":"#fcfcfc","mid_header_background_color":"","mid_header_text_color":"#c3865d","disable_header_below_border":true,"disable_header_border":false,"top_header_text_color":"#757272","notification_bar_image":401,"notification_bar_image_height":"40","top_header_text_link_hover_color":"#c2a476","bottom_header_text_link_hover_color":"#c2a476","disable_contact_detail":false,"footer_widget_layout":"footer_widget_layout_six","main_slider_font_control":{"font-family":"Oregano","variant":"regular","font-size":"50px","text-transform":"uppercase","line-height":"1.4","font-backup":"","font-weight":400,"font-style":"normal"},"highlight_posts_font_control":{"font-family":"Oregano","variant":"regular","font-size":"18px","text-transform":"uppercase","line-height":"1.4","font-backup":"","font-weight":400,"font-style":"normal"},"blog_post_title_font_control":{"font-family":"Poppins","variant":"500","font-size":"19px","text-transform":"uppercase","line-height":"1.4","font-backup":"","font-weight":500,"font-style":"normal"},"feature_posts_title_font_control":{"font-family":"Oregano","variant":"regular","font-size":"28px","text-transform":"none","line-height":"1.4","font-backup":"","font-weight":400,"font-style":"normal"},"disable_feature_posts_section_title":false,"disable_feature_posts_section_description":true,"feature_posts_section_title_desc_alignment":"left","sidebar_widget_title_font_control":{"font-family":"Poppins","variant":"600","font-size":"15px","text-transform":"uppercase","line-height":"1.4","font-backup":"","font-weight":600,"font-style":"normal"},"footer_widget_title_font_control":{"font-family":"Oregano","variant":"regular","font-size":"22px","text-transform":"none","line-height":"1.4","font-backup":"","font-weight":400,"font-style":"normal"},"footer_style_font_control":{"font-family":"Oregano","variant":"regular","font-size":"18px","text-transform":"none","line-height":"1.6","font-backup":"","font-weight":400,"font-style":"normal"},"feature_posts_font_control":{"font-family":"Poppins","variant":"500","font-size":"18px","text-transform":"uppercase","line-height":"1.4","font-backup":"","font-weight":500,"font-style":"normal"},"highlight_posts_section_title":"From Our Blog","notification_bar_title":"Black Friday Sale - Up to 40%","disable_notification_bar_button":false,"disable_sticky_notification_bar":true,"notification_button_repeater":[{"noti_btn_type":"button-primary","noti_btn_bg_color":"#c2a476","noti_btn_border_color":"#ffffff","noti_btn_text_color":"#ffffff","noti_btn_hover_color":"#313131","noti_btn_text":"shop now","noti_btn_link":"#","noti_btn_target":true,"noti_btn_radius":0}],"main_slider_button_repeater":[{"slider_btn_type":"button-primary","slider_btn_bg_color":"#ffffff","slider_btn_border_color":"#ffffff","slider_btn_text_color":"#ffffff","slider_btn_hover_color":"#313131","slider_btn_text":"Learn More","slider_btn_radius":0}],"main_banner_buttons_repeater":[{"banner_btn_type":"button-primary","banner_btn_bg_color":"#ffffff","banner_btn_border_color":"#ffffff","banner_btn_text_color":"#313131","banner_btn_hover_color":"#313131","banner_btn_text":"Learn More","banner_btn_link":"#","banner_btn_target":true,"banner_btn_radius":0}],"blog_page_button_repeater":[{"blog_btn_type":"button-primary","blog_btn_bg_color":"#ffffff","blog_btn_border_color":"#1a1a1a","blog_btn_text_color":"#1a1a1a","blog_btn_hover_color":"#313131","blog_btn_text":"View More","blog_btn_radius":0}],"notification_bar_image_size":"cover","notification_bar_image_overlay_opacity":"0","transparent_header_button_repeater":[{"transparent_header_btn_type":"button-outline","transparent_header_home_btn_bg_color":"#eb5a3e","transparent_header_home_btn_border_color":"#ffffff","transparent_header_home_btn_text_color":"#ffffff","transparent_header_btn_bg_color":"#eb5a3e","transparent_header_btn_border_color":"#1a1a1a","transparent_header_btn_text_color":"#1a1a1a","transparent_header_btn_hover_color":"#086abd","transparent_header_btn_text":"Get a Quote","transparent_header_btn_link":"#","transparent_header_btn_target":true,"transparent_header_btn_radius":0}],"footer_widget_area_top_padding":"60","main_slider_title_font_control":{"font-family":"Oregano","variant":"regular","font-size":"70px","text-transform":"uppercase","line-height":"1.4","font-backup":"","font-weight":400,"font-style":"normal"},"main_banner_subtitle_font_control":{"font-family":"Poppins","variant":"regular","font-size":"16px","text-transform":"initial","line-height":"1.8","font-backup":"","font-weight":400,"font-style":"normal"},"main_banner_button_font_control":{"font-family":"Poppins","variant":"500","font-size":"15px","text-transform":"uppercase","line-height":"1.7","font-backup":"","font-weight":500,"font-style":"normal"},"banner_image_overlay_opacity":"6","highlight_posts_cat_font_control":{"font-family":"Poppins","variant":"regular","font-size":"12px","text-transform":"uppercase","line-height":"1","font-backup":"","font-weight":400,"font-style":"normal"},"highlight_posts_title_font_control":{"font-family":"Poppins","variant":"500","font-size":"22px","text-transform":"uppercase","line-height":"1.4","font-backup":"","font-weight":500,"font-style":"normal"},"blog_post_cat_font_control":{"font-family":"Poppins","variant":"regular","font-size":"13px","text-transform":"uppercase","line-height":"1.6","font-backup":"","font-weight":400,"font-style":"normal"},"blog_post_excerpt_font_control":{"font-family":"Poppins","variant":"regular","font-size":"15px","text-transform":"initial","line-height":"1.8","font-backup":"","font-weight":400,"font-style":"normal"},"feature_posts_height":"250","disable_footer_widget_title_border":false,"disable_footer_widget_list_item_border":true,"contact_phone":"+ 1987 123456","contact_email":"yourmail@email.com","contact_address":"Rock Street, San Francisco","notification_bar_title_font_control":{"font-family":"Poppins","variant":"regular","font-size":"16px","text-transform":"capitalize","line-height":"1.3","font-backup":"","font-weight":400,"font-style":"normal"},"notification_bar_title_color":"#333333","notification_image_link":"https:\/\/bosathemes.com\/pricing","notification_bar_buttons_font_control":{"font-family":"Montserrat","variant":"regular","font-size":"13px","text-transform":"uppercase","line-height":"1","font-backup":"","font-weight":400,"font-style":"normal"},"disable_fixed_header":false,"mid_header_text_link_hover_color":"#c2a476","disable_sticky_sidebar":false,"separate_hover_color_for_main_slider":"#c2a476","hide_post_button":true,"preloader_animation":"animation_four","preloader_custom_image_width":"40","custom_logo":663,"feature_posts_section_title_font_control":{"font-family":"Poppins","variant":"600","font-size":"32px","text-transform":"capitalize","line-height":"1.2","font-backup":"","font-weight":600,"font-style":"normal"},"featured_post_category_bgcolor":"#c2a476","featured_post_hover_color":"#927548","feature_posts_text_alignment":"text-center","hide_featured_posts_date":true,"hide_featured_posts_author":true,"hide_featured_posts_comment":true,"feature_posts_title_alignment":"align-bottom","highlight_posts_section_title_font_control":{"font-family":"Poppins","variant":"600","font-size":"32px","text-transform":"none","line-height":"1.2","font-backup":"","font-weight":600,"font-style":"normal"},"highlight_post_category_bgcolor":"#c2a476","highlight_post_hover_color":"#927548"},"woocommerce_shop_page_id":"7","woocommerce_shop_page_id-child":"7"}}