{"widget_positions":{"wp_inactive_widgets":[],"menu-sidebar":["woocommerce_product_search-3","woocommerce_products-3","woocommerce_product_categories-4"],"left-sidebar":["archives-2","categories-2","meta-2"],"right-sidebar":["categories-5","bosa_pro_latest_post-2","media_gallery-4"],"woocommerce-left-sidebar":[],"woocommerce-right-sidebar":["woocommerce_price_filter-3","woocommerce_product_categories-2","media_image-4","media_gallery-5"],"footer-sidebar-1":["text-5"],"footer-sidebar-2":["text-6"],"footer-sidebar-3":["text-7"],"footer-sidebar-4":[],"array_version":3},"widget_options":{"woocommerce_product_search":{"_multiwidget":1,"3":{"title":"Search Product"}},"woocommerce_products":{"_multiwidget":1,"3":{"title":"Recent Products","number":5,"show":"","orderby":"date","order":"desc","hide_free":0,"show_hidden":0}},"woocommerce_product_categories":{"2":{"title":"Product categories","orderby":"name","dropdown":0,"count":1,"hierarchical":1,"show_children_only":0,"hide_empty":1,"max_depth":""},"_multiwidget":1,"4":{"title":"Product categories","orderby":"order","dropdown":0,"count":1,"hierarchical":0,"show_children_only":0,"hide_empty":1,"max_depth":""}},"archives":{"2":{"title":"","count":0,"dropdown":0},"_multiwidget":1},"categories":{"2":{"title":"","count":0,"hierarchical":0,"dropdown":0},"3":{"title":"Categories","count":0,"hierarchical":0,"dropdown":0},"5":{"title":"Post Categories","count":1,"hierarchical":0,"dropdown":0},"_multiwidget":1},"meta":{"2":{"title":""},"_multiwidget":1},"bosa_pro_latest_post":{"2":{"title":"Latest posts","per_page":"3","show_date_comment":true,"layout":"left"},"_multiwidget":1},"media_gallery":{"2":{"title":"Gallery","ids":[208,203,207,206,205,204],"columns":3,"size":"thumbnail","link_type":"post","orderby_random":false},"3":{"title":"Gallery","ids":[154,153,155,161,133,135],"columns":3,"size":"thumbnail","link_type":"post","orderby_random":false},"4":{"title":"Gallery","ids":[208,204,205,206,217,207],"columns":3,"size":"thumbnail","link_type":"post","orderby_random":false},"5":{"title":"Gallery","ids":[155,150,151,154,135,133],"columns":3,"size":"thumbnail","link_type":"post","orderby_random":false},"_multiwidget":1},"woocommerce_price_filter":{"2":{"title":"Filter by price"},"3":{"title":"Filter by price"},"_multiwidget":1},"media_image":{"2":{"size":"full","width":315,"height":393,"caption":"","alt":"","link_type":"custom","link_url":"#","image_classes":"","link_classes":"","link_rel":"","link_target_blank":false,"image_title":"Advertisement","attachment_id":221,"url":"https:\/\/demo.bosathemes.com\/bosa\/shop\/wp-content\/uploads\/sites\/15\/2020\/10\/bosa-advertisement.jpg","title":"Advertisement"},"4":{"size":"full","width":315,"height":393,"caption":"","alt":"","link_type":"custom","link_url":"#","image_classes":"","link_classes":"","link_rel":"","link_target_blank":false,"image_title":"Advertisement","attachment_id":221,"url":"https:\/\/demo.bosathemes.com\/bosa\/shop\/wp-content\/uploads\/sites\/15\/2020\/10\/bosa-advertisement.jpg","title":"Advertisement"},"_multiwidget":1},"text":{"1":[],"2":{"title":"About Bosa Shop","text":"Fames dolores leo nobis, officia nam facilisi litora sapien, iusto, maecenas pariatur, taciti nec. Similique hac exercitation excepturi tristique voluptatibus ultrices? Id elit facere nascetur.","filter":true,"visual":true},"3":{"title":"Contact Information","text":"<section id=\"gm5869305\" class=\"wp-block-gutentor-m4 section-gm5869305 gutentor-module gutentor-advanced-columns\">\r\n<div class=\"grid-container gutentor-rm-ct-space\">\r\n<div class=\"grid-row\">\r\n<div id=\"col-gmcd7f77\" class=\"wp-block-gutentor-m4-col col-gmcd7f77 gutentor-single-column  grid-lg-10 grid-md-10 grid-10\">\r\n<div id=\"section-gmcd7f77\" class=\"section-gmcd7f77 gutentor-col-wrap\">\r\n<div id=\"section-gb73a2c\" class=\"wp-block-gutentor-e0 section-gb73a2c gutentor-element gutentor-element-advanced-text\">\r\n<div class=\"gutentor-text-wrap\">\r\n<p class=\"gutentor-text\">1810 Kings Way King Street, 5th Avenue, New York<\/p>\r\n\r\n<\/div>\r\n<\/div>\r\n<\/div>\r\n<\/div>\r\n<\/div>\r\n<\/div>\r\n<\/section>\r\n<section id=\"gm4f8aae7\" class=\"wp-block-gutentor-m4 section-gm4f8aae7 gutentor-module gutentor-advanced-columns\">\r\n<div class=\"grid-container gutentor-rm-ct-space\">\r\n<div class=\"grid-row\">\r\n<div id=\"col-gm2673c5\" class=\"wp-block-gutentor-m4-col col-gm2673c5 gutentor-single-column  grid-lg-10 grid-md-10 grid-10\">\r\n<div id=\"section-gm2673c5\" class=\"section-gm2673c5 gutentor-col-wrap\">\r\n<div id=\"section-g9bd199\" class=\"wp-block-gutentor-e0 section-g9bd199 gutentor-element gutentor-element-advanced-text\">\r\n<div class=\"gutentor-text-wrap\">\r\n<p class=\"gutentor-text\"><a href=\"http:\/\/@\">xyz_123@yourname.com<\/a><\/p>\r\n\r\n<\/div>\r\n<\/div>\r\n<\/div>\r\n<\/div>\r\n<\/div>\r\n<\/div>\r\n<\/section>\r\n<section id=\"gmfe3c0ad\" class=\"wp-block-gutentor-m4 section-gmfe3c0ad gutentor-module gutentor-advanced-columns\">\r\n<div class=\"grid-container gutentor-rm-ct-space\">\r\n<div class=\"grid-row\">\r\n<div id=\"col-gm2e1167\" class=\"wp-block-gutentor-m4-col col-gm2e1167 gutentor-single-column  grid-lg-10 grid-md-10 grid-10\">\r\n<div id=\"section-gm2e1167\" class=\"section-gm2e1167 gutentor-col-wrap\">\r\n<div id=\"section-g8a5df0\" class=\"wp-block-gutentor-e0 section-g8a5df0 gutentor-element gutentor-element-advanced-text\">\r\n<div class=\"gutentor-text-wrap\">\r\n<p class=\"gutentor-text\"><a href=\"#\">988-354-122-599<\/a><\/p>\r\n\r\n<\/div>\r\n<\/div>\r\n<\/div>\r\n<\/div>\r\n<\/div>\r\n<\/div>\r\n<\/section>","filter":true,"visual":true},"4":{"title":"Secure Payment","text":"Sunt velit. Dignissimos impedit, fames optio repudiandae vehicula eget class.<a href=\"#\"><img class=\"alignnone size-medium wp-image-225\" src=\"https:\/\/demo.bosathemes.com\/bosa\/shop\/wp-content\/uploads\/sites\/15\/2020\/10\/bosatheme-payemnt-icon-300x49.png\" alt=\"\" width=\"300\" height=\"49\" \/><\/a>\r\n\r\n&nbsp;","filter":true,"visual":true},"5":{"title":"","text":"<img class=\"alignnone size-full wp-image-664\" src=\"https:\/\/demo.bosathemes.com\/bosa\/shop\/wp-content\/uploads\/sites\/15\/2021\/02\/bosa-shop-logo-white.png\" alt=\"\" width=\"180\" height=\"54\" \/>\r\n\r\nIncididunt? Diam aspernatur hymenaeos omnis condimentum, consequatur, tempora. Tincidunt impedit sed ante? Sapiente sollicitudin, nullam sagittis excepteur fringilla tenetur accusantium beatae quisquam porta wisi, veniam.","filter":true,"visual":true},"6":{"title":"Contact Information","text":"1810 Kings Way King Street, 5th Avenue, New York\r\n<ul>\r\n \t<li><a href=\"#\">xyz_123@comapany.com<\/a><\/li>\r\n \t<li><a href=\"#\">yourname@company.com<\/a><\/li>\r\n \t<li><a href=\"#\">977-1358-122-599<\/a><\/li>\r\n<\/ul>","filter":true,"visual":true},"7":{"title":"Secure payment","text":"Bibendum dictum? Ipsa ut euismod voluptatum semper eveniet tristique? Quasi mollis faucibus! Voluptates tincidunt magnam.\r\n\r\n<a href=\"#\"><img class=\"alignnone size-medium wp-image-258\" src=\"https:\/\/demo.bosathemes.com\/bosa\/shop\/wp-content\/uploads\/sites\/15\/2020\/11\/bosa-shop-img25-300x66.png\" alt=\"\" width=\"300\" height=\"66\" \/><\/a>","filter":true,"visual":true},"_multiwidget":1}}}