{"menu":{"menu-2":24,"menu-1":18,"menu-3":17},"options":{"blogname":"Bosa Music","blogname-child":"Bosa Music","blogdescription":"Just another WordPress site","blogdescription-child":"Just another WordPress site","posts_per_page":"10","posts_per_page-child":"10","date_format":"F j, Y","date_format-child":"F j, Y","time_format":"g:i a","time_format-child":"g:i a","show_on_front":"page","show_on_front-child":"page","thumbnail_size_w":"150","thumbnail_size_w-child":"150","thumbnail_size_h":"150","thumbnail_size_h-child":"150","thumbnail_crop":"1","thumbnail_crop-child":"1","medium_size_w":"300","medium_size_w-child":"300","medium_size_h":"300","medium_size_h-child":"300","avatar_default":"mystery","avatar_default-child":"mystery","large_size_w":"1024","large_size_w-child":"1024","large_size_h":"1024","large_size_h-child":"1024","page_for_posts":"50","page_for_posts-child":"50","page_on_front":"32","page_on_front-child":"32","medium_large_size_w":"768","medium_large_size_w-child":"768","medium_large_size_h":"0","medium_large_size_h-child":"0","theme_mods_bosa-pro":{"0":false,"custom_css_post_id":12,"logo_width":170,"disable_site_tagline":true,"header_layout":"header_seven","header_button_repeater":[{"header_btn_type":"button-outline","header_btn_bg_color":"#eb5a3e","header_btn_border_color":"#1a1a1a","header_btn_text_color":"#1a1a1a","header_btn_hover_color":"#086abd","header_btn_text":"Get a Quote","header_btn_link":"#","header_btn_target":true,"header_btn_radius":0}],"transparent_header_button_repeater":[{"transparent_header_btn_type":"button-outline","transparent_header_home_btn_bg_color":"#eb5a3e","transparent_header_home_btn_border_color":"#ffffff","transparent_header_home_btn_text_color":"#ffffff","transparent_header_btn_bg_color":"#eb5a3e","transparent_header_btn_border_color":"#1a1a1a","transparent_header_btn_text_color":"#1a1a1a","transparent_header_btn_hover_color":"#086abd","transparent_header_btn_text":"Get a Quote","transparent_header_btn_link":"#","transparent_header_btn_target":true,"transparent_header_btn_radius":0}],"header_image_slider":[{"slider_item":58}],"notification_button_repeater":[{"noti_btn_type":"button-primary","noti_btn_bg_color":"#db2dca","noti_btn_border_color":"#ffffff","noti_btn_text_color":"#ffffff","noti_btn_hover_color":"#8b3482","noti_btn_text":"View details","noti_btn_link":"#","noti_btn_target":true,"noti_btn_radius":0}],"social_media_links":[{"icon":"fab fa-youtube","link":"#","target":true},{"icon":"fab fa-twitter","link":"#","target":true},{"icon":"fab fa-facebook","link":"#","target":true},{"icon":"fab fa-instagram","link":"#","target":true},{"icon":"fab fa-apple","link":"#","target":true}],"main_slider_button_repeater":[{"slider_btn_type":"button-primary","slider_btn_bg_color":"#db2dca","slider_btn_border_color":"#ffffff","slider_btn_text_color":"#ffffff","slider_btn_hover_color":"#8b3482","slider_btn_text":"Learn More","slider_btn_radius":0}],"main_banner_buttons_repeater":[{"banner_btn_type":"button-outline","banner_btn_bg_color":"#eb5a3e","banner_btn_border_color":"#ffffff","banner_btn_text_color":"#ffffff","banner_btn_hover_color":"#086abd","banner_btn_text":"Learn More","banner_btn_link":"#","banner_btn_target":true,"banner_btn_radius":0}],"blog_page_button_repeater":[{"blog_btn_type":"button-text","blog_btn_bg_color":"#eb5a3e","blog_btn_border_color":"#1a1a1a","blog_btn_text_color":"#1a1a1a","blog_btn_hover_color":"#086abd","blog_btn_text":"View More","blog_btn_radius":0}],"coming_maintenance_buttons":[{"maintenance_btn_type":"button-outline","maintenance_btn_bg_color":"#eb5a3e","maintenance_btn_border_color":"#ffffff","maintenance_btn_text_color":"#ffffff","maintenance_btn_hover_color":"#086abd","maintenance_btn_text":"Button Text","maintenance_btn_link":"#","maintenance_btn_target":true,"maintenance_btn_radius":0}],"coming_maintenance_image_slider":[],"disable_top_header_section":true,"disable_top_header_border":true,"site_title_font_control":{"font-family":"Oswald","variant":"700","font-size":"32px","text-transform":"uppercase","font-backup":"","font-weight":700,"font-style":"normal"},"bottom_header_background_color":"rgba(245,245,245,0.3)","main_menu_font_control":{"font-family":"Oswald","font-size":"16px","text-transform":"uppercase","variant":"500","line-height":"1.5","font-backup":"","font-weight":500,"font-style":"normal"},"site_title_color":"#db2dca","bottom_header_text_color":"#000000","bottom_header_text_link_hover_color":"#db2dca","header_image_height":"80","notification_bar_background_color":"rgba(0,0,0,0.95)","notification_bar_image_height":"60","notification_bar_title":"\"LIVE CONCERT\" New Street grand opening music event festival","notification_bar_buttons_font_control":{"font-family":"Oswald","variant":"500","font-size":"13px","text-transform":"uppercase","line-height":"1.5","font-backup":"","font-weight":500,"font-style":"normal"},"notification_bar_title_font_control":{"font-family":"Oswald","variant":"500","font-size":"15px","text-transform":"uppercase","line-height":"1.3","font-backup":"","font-weight":500,"font-style":"normal"},"notification_bar_image":233,"notification_bar_image_overlay_opacity":"8","disable_sticky_notification_bar":true,"sub_menu_link_hover_color":"#db2dca","advanced_import_setup_complete":1615109479,"sidebar_widget_title_font_control":{"font-family":"Oswald","variant":"500","font-size":"16px","text-transform":"uppercase","line-height":"1.4","font-backup":"","font-weight":500,"font-style":"normal"},"disable_sidebar_page":false,"general_title_font_control":{"font-family":"Oswald","variant":"500","text-transform":"uppercase","font-backup":"","font-weight":500,"font-style":"normal"},"page_title_font_control":{"font-family":"Oswald","variant":"600","font-size":"48px","text-transform":"uppercase","font-backup":"","font-weight":600,"font-style":"normal"},"site_primary_color":"#db2dca","site_hover_color":"#800d4d","custom_logo":193,"disable_site_title":true,"footer_layout":"footer_nine","footer_style_font_control":{"font-family":"Oswald","variant":"500","font-size":"16px","text-transform":"uppercase","line-height":"1.6","font-backup":"","font-weight":500,"font-style":"normal"},"bottom_footer_image":240,"bottom_footer_image_link":"https:\/\/demo.bosathemes.com\/bosa\/music","bottom_footer_image_width":"200","social_icons_size":"20","hide_slider_category":true,"main_slider_title_font_control":{"font-family":"Oswald","variant":"700","font-size":"70px","text-transform":"uppercase","line-height":"1.3","font-backup":"","font-weight":700,"font-style":"normal"},"hide_slider_date":true,"hide_slider_author":true,"hide_slider_comment":true,"main_slider_height":"650","main_slider_excerpt_font_control":{"font-family":"Open Sans","variant":"regular","font-size":"16px","text-transform":"initial","line-height":"1.8","font-backup":"","font-weight":400,"font-style":"normal"},"main_slider_button_font_control":{"font-family":"Oswald","variant":"500","font-size":"16px","text-transform":"uppercase","line-height":"1.8","font-backup":"","font-weight":500,"font-style":"normal"},"separate_hover_color_for_main_slider":"#e5a8df","feature_posts_section_layouts":"feature_one","featured_post_category_bgcolor":"#db2dca","featured_post_hover_color":"#d981d0","feature_posts_posts_number":"3","feature_posts_height":"400","feature_posts_font_control":{"font-family":"Oswald","variant":"500","font-size":"24px","text-transform":"uppercase","line-height":"1.4","font-backup":"","font-weight":500,"font-style":"normal"},"featured_posts_cat_font_control":{"font-family":"Oswald","variant":"regular","font-size":"13px","text-transform":"uppercase","line-height":"1","font-backup":"","font-weight":400,"font-style":"normal"},"featured_posts_meta_font_control":{"font-family":"Open Sans","variant":"regular","font-size":"13px","text-transform":"capitalize","line-height":"1.6","font-backup":"","font-weight":400,"font-style":"normal"},"highlight_posts_section_title_font_control":{"font-family":"Oswald","variant":"600","font-size":"28px","text-transform":"uppercase","line-height":"1.2","font-backup":"","font-weight":600,"font-style":"normal"},"highlight_posts_section_layouts":"highlighted_two","highlight_post_category_color":"#db2dca","highlight_post_meta_icon_color":"#db2dca","highlight_post_hover_color":"#8b3482","highlight_posts_slides_show":"3","highlight_posts_cat_font_control":{"font-family":"Open Sans","variant":"regular","font-size":"13px","text-transform":"uppercase","line-height":"1","font-backup":"","font-weight":400,"font-style":"normal"},"highlight_posts_title_font_control":{"font-family":"Oswald","variant":"500","font-size":"20px","text-transform":"uppercase","line-height":"1.4","font-backup":"","font-weight":500,"font-style":"normal"},"highlight_posts_meta_font_control":{"font-family":"Open Sans","variant":"regular","font-size":"14px","text-transform":"capitalize","line-height":"1.6","font-backup":"","font-weight":400,"font-style":"normal"},"archive_post_layout":"list-zigzag","blog_post_category_color":"#db2dca","blog_post_meta_icon_color":"#db2dca","blog_post_hover_color":"#8b3482","blog_post_title_font_control":{"font-family":"Oswald","variant":"600","font-size":"22px","text-transform":"uppercase","line-height":"1.4","font-backup":"","font-weight":600,"font-style":"normal"},"blog_post_meta_font_control":{"font-family":"Open Sans","variant":"regular","font-size":"13px","text-transform":"capitalize","line-height":"1.6","font-backup":"","font-weight":400,"font-style":"normal"},"bottom_footer_area_top_padding":"60","bottom_footer_area_bottom_padding":"40","footer_image":235,"bottom_footer_background_color":"rgba(0,0,0,0.5)","footer_image_size":"pattern","bottom_footer_text_link_hover_color":"#8b3482","notification_bar_image_size":"pattern","notification_bar_title_color":"#ffffff","bottom_footer_text_color":"#dddddd","bottom_footer_text_link_color":"#ffffff"},"theme_mods_bosa-pro-child":{"0":false,"custom_css_post_id":12,"logo_width":170,"disable_site_tagline":true,"header_layout":"header_seven","header_button_repeater":[{"header_btn_type":"button-outline","header_btn_bg_color":"#eb5a3e","header_btn_border_color":"#1a1a1a","header_btn_text_color":"#1a1a1a","header_btn_hover_color":"#086abd","header_btn_text":"Get a Quote","header_btn_link":"#","header_btn_target":true,"header_btn_radius":0}],"transparent_header_button_repeater":[{"transparent_header_btn_type":"button-outline","transparent_header_home_btn_bg_color":"#eb5a3e","transparent_header_home_btn_border_color":"#ffffff","transparent_header_home_btn_text_color":"#ffffff","transparent_header_btn_bg_color":"#eb5a3e","transparent_header_btn_border_color":"#1a1a1a","transparent_header_btn_text_color":"#1a1a1a","transparent_header_btn_hover_color":"#086abd","transparent_header_btn_text":"Get a Quote","transparent_header_btn_link":"#","transparent_header_btn_target":true,"transparent_header_btn_radius":0}],"header_image_slider":[{"slider_item":58}],"notification_button_repeater":[{"noti_btn_type":"button-primary","noti_btn_bg_color":"#db2dca","noti_btn_border_color":"#ffffff","noti_btn_text_color":"#ffffff","noti_btn_hover_color":"#8b3482","noti_btn_text":"View details","noti_btn_link":"#","noti_btn_target":true,"noti_btn_radius":0}],"social_media_links":[{"icon":"fab fa-youtube","link":"#","target":true},{"icon":"fab fa-twitter","link":"#","target":true},{"icon":"fab fa-facebook","link":"#","target":true},{"icon":"fab fa-instagram","link":"#","target":true},{"icon":"fab fa-apple","link":"#","target":true}],"main_slider_button_repeater":[{"slider_btn_type":"button-primary","slider_btn_bg_color":"#db2dca","slider_btn_border_color":"#ffffff","slider_btn_text_color":"#ffffff","slider_btn_hover_color":"#8b3482","slider_btn_text":"Learn More","slider_btn_radius":0}],"main_banner_buttons_repeater":[{"banner_btn_type":"button-outline","banner_btn_bg_color":"#eb5a3e","banner_btn_border_color":"#ffffff","banner_btn_text_color":"#ffffff","banner_btn_hover_color":"#086abd","banner_btn_text":"Learn More","banner_btn_link":"#","banner_btn_target":true,"banner_btn_radius":0}],"blog_page_button_repeater":[{"blog_btn_type":"button-text","blog_btn_bg_color":"#eb5a3e","blog_btn_border_color":"#1a1a1a","blog_btn_text_color":"#1a1a1a","blog_btn_hover_color":"#086abd","blog_btn_text":"View More","blog_btn_radius":0}],"coming_maintenance_buttons":[{"maintenance_btn_type":"button-outline","maintenance_btn_bg_color":"#eb5a3e","maintenance_btn_border_color":"#ffffff","maintenance_btn_text_color":"#ffffff","maintenance_btn_hover_color":"#086abd","maintenance_btn_text":"Button Text","maintenance_btn_link":"#","maintenance_btn_target":true,"maintenance_btn_radius":0}],"coming_maintenance_image_slider":[],"disable_top_header_section":true,"disable_top_header_border":true,"site_title_font_control":{"font-family":"Oswald","variant":"700","font-size":"32px","text-transform":"uppercase","font-backup":"","font-weight":700,"font-style":"normal"},"bottom_header_background_color":"rgba(245,245,245,0.3)","main_menu_font_control":{"font-family":"Oswald","font-size":"16px","text-transform":"uppercase","variant":"500","line-height":"1.5","font-backup":"","font-weight":500,"font-style":"normal"},"site_title_color":"#db2dca","bottom_header_text_color":"#000000","bottom_header_text_link_hover_color":"#db2dca","header_image_height":"80","notification_bar_background_color":"rgba(0,0,0,0.95)","notification_bar_image_height":"60","notification_bar_title":"\"LIVE CONCERT\" New Street grand opening music event festival","notification_bar_buttons_font_control":{"font-family":"Oswald","variant":"500","font-size":"13px","text-transform":"uppercase","line-height":"1.5","font-backup":"","font-weight":500,"font-style":"normal"},"notification_bar_title_font_control":{"font-family":"Oswald","variant":"500","font-size":"15px","text-transform":"uppercase","line-height":"1.3","font-backup":"","font-weight":500,"font-style":"normal"},"notification_bar_image":233,"notification_bar_image_overlay_opacity":"8","disable_sticky_notification_bar":true,"sub_menu_link_hover_color":"#db2dca","nav_menu_locations":{"menu-1":18,"menu-3":17,"menu-2":24},"advanced_import_setup_complete":1615109479,"sidebar_widget_title_font_control":{"font-family":"Oswald","variant":"500","font-size":"16px","text-transform":"uppercase","line-height":"1.4","font-backup":"","font-weight":500,"font-style":"normal"},"disable_sidebar_page":false,"general_title_font_control":{"font-family":"Oswald","variant":"500","text-transform":"uppercase","font-backup":"","font-weight":500,"font-style":"normal"},"page_title_font_control":{"font-family":"Oswald","variant":"600","font-size":"48px","text-transform":"uppercase","font-backup":"","font-weight":600,"font-style":"normal"},"site_primary_color":"#db2dca","site_hover_color":"#800d4d","custom_logo":193,"disable_site_title":true,"footer_layout":"footer_nine","footer_style_font_control":{"font-family":"Oswald","variant":"500","font-size":"16px","text-transform":"uppercase","line-height":"1.6","font-backup":"","font-weight":500,"font-style":"normal"},"bottom_footer_image":240,"bottom_footer_image_link":"https:\/\/demo.bosathemes.com\/bosa\/music","bottom_footer_image_width":"200","social_icons_size":"20","hide_slider_category":true,"main_slider_title_font_control":{"font-family":"Oswald","variant":"700","font-size":"70px","text-transform":"uppercase","line-height":"1.3","font-backup":"","font-weight":700,"font-style":"normal"},"hide_slider_date":true,"hide_slider_author":true,"hide_slider_comment":true,"main_slider_height":"650","main_slider_excerpt_font_control":{"font-family":"Open Sans","variant":"regular","font-size":"16px","text-transform":"initial","line-height":"1.8","font-backup":"","font-weight":400,"font-style":"normal"},"main_slider_button_font_control":{"font-family":"Oswald","variant":"500","font-size":"16px","text-transform":"uppercase","line-height":"1.8","font-backup":"","font-weight":500,"font-style":"normal"},"separate_hover_color_for_main_slider":"#e5a8df","feature_posts_section_layouts":"feature_one","featured_post_category_bgcolor":"#db2dca","featured_post_hover_color":"#d981d0","feature_posts_posts_number":"3","feature_posts_height":"400","feature_posts_font_control":{"font-family":"Oswald","variant":"500","font-size":"24px","text-transform":"uppercase","line-height":"1.4","font-backup":"","font-weight":500,"font-style":"normal"},"featured_posts_cat_font_control":{"font-family":"Oswald","variant":"regular","font-size":"13px","text-transform":"uppercase","line-height":"1","font-backup":"","font-weight":400,"font-style":"normal"},"featured_posts_meta_font_control":{"font-family":"Open Sans","variant":"regular","font-size":"13px","text-transform":"capitalize","line-height":"1.6","font-backup":"","font-weight":400,"font-style":"normal"},"highlight_posts_section_title_font_control":{"font-family":"Oswald","variant":"600","font-size":"28px","text-transform":"uppercase","line-height":"1.2","font-backup":"","font-weight":600,"font-style":"normal"},"highlight_posts_section_layouts":"highlighted_two","highlight_post_category_color":"#db2dca","highlight_post_meta_icon_color":"#db2dca","highlight_post_hover_color":"#8b3482","highlight_posts_slides_show":"3","highlight_posts_cat_font_control":{"font-family":"Open Sans","variant":"regular","font-size":"13px","text-transform":"uppercase","line-height":"1","font-backup":"","font-weight":400,"font-style":"normal"},"highlight_posts_title_font_control":{"font-family":"Oswald","variant":"500","font-size":"20px","text-transform":"uppercase","line-height":"1.4","font-backup":"","font-weight":500,"font-style":"normal"},"highlight_posts_meta_font_control":{"font-family":"Open Sans","variant":"regular","font-size":"14px","text-transform":"capitalize","line-height":"1.6","font-backup":"","font-weight":400,"font-style":"normal"},"archive_post_layout":"list-zigzag","blog_post_category_color":"#db2dca","blog_post_meta_icon_color":"#db2dca","blog_post_hover_color":"#8b3482","blog_post_title_font_control":{"font-family":"Oswald","variant":"600","font-size":"22px","text-transform":"uppercase","line-height":"1.4","font-backup":"","font-weight":600,"font-style":"normal"},"blog_post_meta_font_control":{"font-family":"Open Sans","variant":"regular","font-size":"13px","text-transform":"capitalize","line-height":"1.6","font-backup":"","font-weight":400,"font-style":"normal"},"bottom_footer_area_top_padding":"60","bottom_footer_area_bottom_padding":"40","footer_image":235,"bottom_footer_background_color":"rgba(0,0,0,0.5)","footer_image_size":"pattern","bottom_footer_text_link_hover_color":"#8b3482","notification_bar_image_size":"pattern","notification_bar_title_color":"#ffffff","bottom_footer_text_color":"#dddddd","bottom_footer_text_link_color":"#ffffff"},"woocommerce_shop_page_id":"6","woocommerce_shop_page_id-child":"6"}}