{"widget_positions":{"wp_inactive_widgets":[],"right-sidebar":["bosa_pro_latest_post-2","categories-3","media_image-2"],"menu-sidebar":["archives-2","categories-2","meta-2"],"left-sidebar":[],"woocommerce-right-sidebar":["woocommerce_price_filter-2","woocommerce_products-2","media_gallery-2"],"woocommerce-left-sidebar":[],"footer-sidebar-1":[],"footer-sidebar-2":[],"footer-sidebar-3":[],"footer-sidebar-4":[],"array_version":3},"widget_options":{"bosa_pro_latest_post":{"2":{"title":"Latest posts","category":0,"per_page":"3","show_date_comment":true,"layout":"right"},"_multiwidget":1},"categories":{"2":{"title":"","count":0,"hierarchical":0,"dropdown":0},"3":{"title":"Categories","count":1,"hierarchical":0,"dropdown":0},"_multiwidget":1},"media_image":{"2":{"size":"medium","width":500,"height":500,"caption":"","alt":"","link_type":"custom","link_url":"#","image_classes":"","link_classes":"","link_rel":"","link_target_blank":false,"image_title":"","attachment_id":214,"url":"https:\/\/demo.bosathemes.com\/bosa\/music\/wp-content\/uploads\/sites\/32\/2021\/03\/bosa-music-img47-300x300.jpg","title":"Advertisement"},"_multiwidget":1},"archives":{"2":{"title":"","count":0,"dropdown":0},"_multiwidget":1},"meta":{"2":{"title":""},"_multiwidget":1},"woocommerce_price_filter":{"2":{"title":"Filter by price"},"_multiwidget":1},"woocommerce_products":{"2":{"title":"Products","number":2,"show":"","orderby":"date","order":"desc","hide_free":0,"show_hidden":0},"_multiwidget":1},"media_gallery":{"2":{"title":"Gallery","ids":[148,147,146,145,144,143],"columns":3,"size":"thumbnail","link_type":"post","orderby_random":false},"_multiwidget":1}}}