{"menu":{"menu-2":9,"menu-1":8,"menu-3":10},"options":{"blogname":"Bosa Magazine","blogname-child":"Bosa Magazine","blogdescription":"Bosa is the perfect theme for your Business","blogdescription-child":"Bosa is the perfect theme for your Business","posts_per_page":"10","posts_per_page-child":"10","date_format":"F j, Y","date_format-child":"F j, Y","time_format":"g:i a","time_format-child":"g:i a","show_on_front":"page","show_on_front-child":"page","thumbnail_size_w":"150","thumbnail_size_w-child":"150","thumbnail_size_h":"150","thumbnail_size_h-child":"150","thumbnail_crop":"1","thumbnail_crop-child":"1","medium_size_w":"300","medium_size_w-child":"300","medium_size_h":"300","medium_size_h-child":"300","avatar_default":"mystery","avatar_default-child":"mystery","large_size_w":"1024","large_size_w-child":"1024","large_size_h":"1024","large_size_h-child":"1024","page_for_posts":"0","page_for_posts-child":"0","page_on_front":"28","page_on_front-child":"28","medium_large_size_w":"768","medium_large_size_w-child":"768","medium_large_size_h":"0","medium_large_size_h-child":"0","theme_mods_bosa-pro":{"0":false,"custom_css_post_id":162,"header_layout":"header_twelve","header_image_slider":[{"slider_item":44}],"social_media_links":[{"icon":"fab fa-facebook","link":"#","target":true},{"icon":"fab fa-twitter","link":"#","target":true},{"icon":"fab fa-instagram","link":"#","target":true},{"icon":"fab fa-google","link":"#","target":true},{"icon":"fab fa-pinterest","link":"#","target":true}],"main_banner_buttons":[{"text":"Button Text","link":"#","type":"button-outline"}],"coming_maintenance_buttons":[{"maintenance_btn_type":"button-primary","maintenance_btn_bg_color":"#bb1919","maintenance_btn_border_color":"#ffffff","maintenance_btn_text_color":"#ffffff","maintenance_btn_hover_color":"#4db2ec","maintenance_btn_text":"Button Text","maintenance_btn_link":"#","maintenance_btn_target":true,"maintenance_btn_radius":0}],"coming_maintenance_image_slider":[],"header_advertisement_banner":42,"header_advertisement_banner_link":"https:\/\/bosathemes.com\/pricing","header_image_height":"150","header_nav_height":"60","top_header_background_color":"#313131","mid_header_background_color":"rgba(156,26,26,0)","bottom_header_background_color":"#bb1919","bottom_header_text_color":"#f9f9f9","logo_width":"195","site_title_color":"#f9f9f9","site_tagline_color":"#dcd9d9","top_footer_background_color":"rgba(30,30,30,0.95)","top_footer_widget_title_color":"#efefef","top_footer_widget_link_color":"#ffffff","top_footer_widget_content_color":"#e6e6e6","bottom_footer_background_color":"#1e1e1e","bottom_footer_text_color":"#c6c6c6","bottom_footer_text_link_color":"#ffffff","advanced_import_setup_complete":1602746434,"site_description_font_control":{"font-family":"Open Sans","variant":"600","font-size":"14px","text-transform":"none","font-backup":"","font-weight":600,"font-style":"normal"},"main_menu_font_control":{"font-family":"Raleway","font-size":"15px","text-transform":"uppercase","variant":"600","line-height":"1.5","font-backup":"","font-weight":600,"font-style":"normal"},"blog_page_title_font_control":{"font-family":"Raleway","variant":"600","font-size":"20px","text-transform":"capitalize","font-backup":"","font-weight":600,"font-style":"normal"},"body_font_control":{"font-family":"Raleway","variant":"500","font-size":"15px","font-backup":"","font-weight":500,"font-style":"normal"},"general_title_font_control":{"font-family":"Raleway","text-transform":"none","font-backup":"","variant":"700","font-weight":700,"font-style":"normal"},"page_title_font_control":{"font-family":"Raleway","variant":"700","font-size":"34px","text-transform":"none","font-backup":"","font-weight":700,"font-style":"normal"},"section_title_font_control":{"font-family":"Raleway","variant":"600","font-size":"24px","text-transform":"none","font-backup":"","font-weight":600,"font-style":"normal"},"site_primary_color":"#bb1919","site_hover_color":"#0195b5","blog_post_category_color":"#bb1919","footer_text":"Copyright \u00a9 2020<a href=\"https:\/\/demo.bosathemes.com\/bosa\/magazine\" title=\"Bosa Magazine \"> Bosa Magazine<\/a> .  Theme: <a href=\"https:\/\/bosathemes.com\/\" target=\"_blank\" title=\"Bosa\" rel=\"author\">Bosa<\/a> By KeonThemes.","footer_layout":"footer_nine","footer_image":"https:\/\/demo.bosathemes.com\/bosa\/magazine\/wp-content\/uploads\/sites\/16\/2020\/10\/bosa-magazine-img11-1.jpg","disable_site_title":true,"disable_site_tagline":true,"preloader_animation":"animation_two","header_button_repeater":[{"header_btn_type":""}],"disable_notification_bar":true,"top_header_text_color":"#eeeeee","bottom_header_text_link_hover_color":"#ffbebe","blog_post_title_font_control":{"font-family":"Raleway","variant":"600","font-size":"22px","text-transform":"none","line-height":"1.4","font-backup":"","font-weight":600,"font-style":"normal"},"sidebar_widget_title_font_control":{"font-family":"Raleway","variant":"600","font-size":"16px","text-transform":"uppercase","line-height":"1.4","font-backup":"","font-weight":600,"font-style":"normal"},"footer_widget_title_font_control":{"font-family":"Raleway","variant":"600","font-size":"16px","text-transform":"capitalize","line-height":"1.4","font-backup":"","font-weight":600,"font-style":"normal"},"footer_style_font_control":{"font-family":"Raleway","variant":"600","font-size":"15px","text-transform":"capitalize","line-height":"1.6","font-backup":"","font-weight":600,"font-style":"normal"},"bottom_footer_image_width":"270","transparent_header_button_repeater":[{"transparent_header_btn_type":"button-outline","transparent_header_home_btn_bg_color":"#eb5a3e","transparent_header_home_btn_border_color":"#ffffff","transparent_header_home_btn_text_color":"#ffffff","transparent_header_btn_bg_color":"#eb5a3e","transparent_header_btn_border_color":"#1a1a1a","transparent_header_btn_text_color":"#1a1a1a","transparent_header_btn_hover_color":"#086abd","transparent_header_btn_text":"Get a Quote","transparent_header_btn_link":"#","transparent_header_btn_target":true,"transparent_header_btn_radius":0}],"notification_button_repeater":[{"noti_btn_type":"button-primary","noti_btn_bg_color":"#bb1919","noti_btn_border_color":"#ffffff","noti_btn_text_color":"#ffffff","noti_btn_hover_color":"#313131","noti_btn_text":"View More","noti_btn_link":"#","noti_btn_target":true,"noti_btn_radius":0}],"main_slider_button_repeater":[{"slider_btn_type":"button-primary","slider_btn_bg_color":"#bb1919","slider_btn_border_color":"#ffffff","slider_btn_text_color":"#ffffff","slider_btn_hover_color":"#4db2ec","slider_btn_text":"Learn More","slider_btn_radius":0}],"main_banner_buttons_repeater":[{"banner_btn_type":"button-primary","banner_btn_bg_color":"#bb1919","banner_btn_border_color":"#ffffff","banner_btn_text_color":"#ffffff","banner_btn_hover_color":"#4db2ec","banner_btn_text":"Learn More","banner_btn_link":"#","banner_btn_target":true,"banner_btn_radius":0}],"blog_page_button_repeater":[{"blog_btn_type":"button-primary","blog_btn_bg_color":"#bb1919","blog_btn_border_color":"#1a1a1a","blog_btn_text_color":"#ffffff","blog_btn_hover_color":"#4db2ec","blog_btn_text":"View More","blog_btn_radius":0}],"header_home_icon_bg_color":"#8e1111","footer_widget_area_top_padding":"50","social_icons_size":"16","disable_mobile_search_icon":true,"top_header_text_link_hover_color":"#4db2ec","mid_header_text_link_hover_color":"#8cc2f2","top_footer_widget_link_hover_color":"#ffbebe","bottom_footer_text_link_hover_color":"#ffbebe","disable_sticky_sidebar":false,"preloader_custom_image_width":"40","disable_fixed_header":true,"hide_post_button":false,"blog_post_button_font_control":{"font-family":"Raleway","variant":"600","font-size":"14px","text-transform":"uppercase","line-height":"1.6","font-backup":"","font-weight":600,"font-style":"normal"},"main_menu_description_font_control":{"font-family":"Raleway","font-size":"11px","text-transform":"capitalize","variant":"regular","line-height":"1.2","font-backup":"","font-weight":400,"font-style":"normal"},"main_slider_controls":"slider","main_slider_height":"550","custom_logo":466},"theme_mods_bosa-pro-child":{"0":false,"custom_css_post_id":162,"header_layout":"header_twelve","header_image_slider":[{"slider_item":44}],"social_media_links":[{"icon":"fab fa-facebook","link":"#","target":true},{"icon":"fab fa-twitter","link":"#","target":true},{"icon":"fab fa-instagram","link":"#","target":true},{"icon":"fab fa-google","link":"#","target":true},{"icon":"fab fa-pinterest","link":"#","target":true}],"main_banner_buttons":[{"text":"Button Text","link":"#","type":"button-outline"}],"coming_maintenance_buttons":[{"maintenance_btn_type":"button-primary","maintenance_btn_bg_color":"#bb1919","maintenance_btn_border_color":"#ffffff","maintenance_btn_text_color":"#ffffff","maintenance_btn_hover_color":"#4db2ec","maintenance_btn_text":"Button Text","maintenance_btn_link":"#","maintenance_btn_target":true,"maintenance_btn_radius":0}],"coming_maintenance_image_slider":[],"header_advertisement_banner":42,"header_advertisement_banner_link":"https:\/\/bosathemes.com\/pricing","header_image_height":"150","header_nav_height":"60","top_header_background_color":"#313131","mid_header_background_color":"rgba(156,26,26,0)","bottom_header_background_color":"#bb1919","bottom_header_text_color":"#f9f9f9","logo_width":"195","site_title_color":"#f9f9f9","site_tagline_color":"#dcd9d9","top_footer_background_color":"rgba(30,30,30,0.95)","top_footer_widget_title_color":"#efefef","top_footer_widget_link_color":"#ffffff","top_footer_widget_content_color":"#e6e6e6","bottom_footer_background_color":"#1e1e1e","bottom_footer_text_color":"#c6c6c6","bottom_footer_text_link_color":"#ffffff","nav_menu_locations":{"menu-1":8,"menu-2":9,"menu-3":10},"advanced_import_setup_complete":1602746434,"site_description_font_control":{"font-family":"Open Sans","variant":"600","font-size":"14px","text-transform":"none","font-backup":"","font-weight":600,"font-style":"normal"},"main_menu_font_control":{"font-family":"Raleway","font-size":"15px","text-transform":"uppercase","variant":"600","line-height":"1.5","font-backup":"","font-weight":600,"font-style":"normal"},"blog_page_title_font_control":{"font-family":"Raleway","variant":"600","font-size":"20px","text-transform":"capitalize","font-backup":"","font-weight":600,"font-style":"normal"},"body_font_control":{"font-family":"Raleway","variant":"500","font-size":"15px","font-backup":"","font-weight":500,"font-style":"normal"},"general_title_font_control":{"font-family":"Raleway","text-transform":"none","font-backup":"","variant":"700","font-weight":700,"font-style":"normal"},"page_title_font_control":{"font-family":"Raleway","variant":"700","font-size":"34px","text-transform":"none","font-backup":"","font-weight":700,"font-style":"normal"},"section_title_font_control":{"font-family":"Raleway","variant":"600","font-size":"24px","text-transform":"none","font-backup":"","font-weight":600,"font-style":"normal"},"site_primary_color":"#bb1919","site_hover_color":"#0195b5","blog_post_category_color":"#bb1919","footer_text":"Copyright \u00a9 2020<a href=\"https:\/\/demo.bosathemes.com\/bosa\/magazine\" title=\"Bosa Magazine \"> Bosa Magazine<\/a> .  Theme: <a href=\"https:\/\/bosathemes.com\/\" target=\"_blank\" title=\"Bosa\" rel=\"author\">Bosa<\/a> By KeonThemes.","footer_layout":"footer_nine","footer_image":"https:\/\/demo.bosathemes.com\/bosa\/magazine\/wp-content\/uploads\/sites\/16\/2020\/10\/bosa-magazine-img11-1.jpg","disable_site_title":true,"disable_site_tagline":true,"preloader_animation":"animation_two","header_button_repeater":[{"header_btn_type":""}],"disable_notification_bar":true,"top_header_text_color":"#eeeeee","bottom_header_text_link_hover_color":"#ffbebe","blog_post_title_font_control":{"font-family":"Raleway","variant":"600","font-size":"22px","text-transform":"none","line-height":"1.4","font-backup":"","font-weight":600,"font-style":"normal"},"sidebar_widget_title_font_control":{"font-family":"Raleway","variant":"600","font-size":"16px","text-transform":"uppercase","line-height":"1.4","font-backup":"","font-weight":600,"font-style":"normal"},"footer_widget_title_font_control":{"font-family":"Raleway","variant":"600","font-size":"16px","text-transform":"capitalize","line-height":"1.4","font-backup":"","font-weight":600,"font-style":"normal"},"footer_style_font_control":{"font-family":"Raleway","variant":"600","font-size":"15px","text-transform":"capitalize","line-height":"1.6","font-backup":"","font-weight":600,"font-style":"normal"},"bottom_footer_image_width":"270","transparent_header_button_repeater":[{"transparent_header_btn_type":"button-outline","transparent_header_home_btn_bg_color":"#eb5a3e","transparent_header_home_btn_border_color":"#ffffff","transparent_header_home_btn_text_color":"#ffffff","transparent_header_btn_bg_color":"#eb5a3e","transparent_header_btn_border_color":"#1a1a1a","transparent_header_btn_text_color":"#1a1a1a","transparent_header_btn_hover_color":"#086abd","transparent_header_btn_text":"Get a Quote","transparent_header_btn_link":"#","transparent_header_btn_target":true,"transparent_header_btn_radius":0}],"notification_button_repeater":[{"noti_btn_type":"button-primary","noti_btn_bg_color":"#bb1919","noti_btn_border_color":"#ffffff","noti_btn_text_color":"#ffffff","noti_btn_hover_color":"#313131","noti_btn_text":"View More","noti_btn_link":"#","noti_btn_target":true,"noti_btn_radius":0}],"main_slider_button_repeater":[{"slider_btn_type":"button-primary","slider_btn_bg_color":"#bb1919","slider_btn_border_color":"#ffffff","slider_btn_text_color":"#ffffff","slider_btn_hover_color":"#4db2ec","slider_btn_text":"Learn More","slider_btn_radius":0}],"main_banner_buttons_repeater":[{"banner_btn_type":"button-primary","banner_btn_bg_color":"#bb1919","banner_btn_border_color":"#ffffff","banner_btn_text_color":"#ffffff","banner_btn_hover_color":"#4db2ec","banner_btn_text":"Learn More","banner_btn_link":"#","banner_btn_target":true,"banner_btn_radius":0}],"blog_page_button_repeater":[{"blog_btn_type":"button-primary","blog_btn_bg_color":"#bb1919","blog_btn_border_color":"#1a1a1a","blog_btn_text_color":"#ffffff","blog_btn_hover_color":"#4db2ec","blog_btn_text":"View More","blog_btn_radius":0}],"header_home_icon_bg_color":"#8e1111","footer_widget_area_top_padding":"50","social_icons_size":"16","disable_mobile_search_icon":true,"top_header_text_link_hover_color":"#4db2ec","mid_header_text_link_hover_color":"#8cc2f2","top_footer_widget_link_hover_color":"#ffbebe","bottom_footer_text_link_hover_color":"#ffbebe","disable_sticky_sidebar":false,"preloader_custom_image_width":"40","disable_fixed_header":true,"hide_post_button":false,"blog_post_button_font_control":{"font-family":"Raleway","variant":"600","font-size":"14px","text-transform":"uppercase","line-height":"1.6","font-backup":"","font-weight":600,"font-style":"normal"},"main_menu_description_font_control":{"font-family":"Raleway","font-size":"11px","text-transform":"capitalize","variant":"regular","line-height":"1.2","font-backup":"","font-weight":400,"font-style":"normal"},"main_slider_controls":"slider","main_slider_height":"550","custom_logo":466},"woocommerce_shop_page_id":"235","woocommerce_shop_page_id-child":"235"}}