{"widget_positions":{"wp_inactive_widgets":[],"menu-sidebar":["search-2","recent-posts-2","bosa_pro_latest_post-4","media_gallery-3"],"left-sidebar":["archives-2","categories-2","meta-2"],"right-sidebar":["bosa_pro_author_widget-2","bosa_pro_latest_post-3","media_image-3","categories-3","media_gallery-2"],"woocommerce-left-sidebar":[],"woocommerce-right-sidebar":["woocommerce_price_filter-2","woocommerce_product_search-2","woocommerce_products-2","woocommerce_product_categories-2","media_gallery-4"],"footer-sidebar-1":["text-2"],"footer-sidebar-2":["bosa_pro_latest_post-2"],"footer-sidebar-3":["media_image-2"],"footer-sidebar-4":["text-3"],"array_version":3},"widget_options":{"search":{"2":{"title":""},"_multiwidget":1},"recent-posts":{"2":{"title":"Recent Posts","number":4,"show_date":true},"_multiwidget":1},"bosa_pro_latest_post":{"2":{"title":"Recent Posts","per_page":"2","show_date_comment":true,"layout":"left"},"3":{"title":"Editor's Pick","per_page":"3","show_date_comment":true,"layout":"left"},"4":{"title":"Most loved","per_page":"5","show_date_comment":true,"layout":"left"},"_multiwidget":1},"media_gallery":{"2":{"title":"Gallery","ids":[91,92,114,104,103,115],"columns":3,"size":"thumbnail","link_type":"post","orderby_random":false},"3":{"title":"Gallery","ids":[77,69,78,79,102,92],"columns":3,"size":"thumbnail","link_type":"post","orderby_random":false},"4":{"title":"Gallery","ids":[250,249,248,247,246,245],"columns":3,"size":"thumbnail","link_type":"post","orderby_random":false},"_multiwidget":1},"archives":{"2":{"title":"","count":0,"dropdown":0},"_multiwidget":1},"categories":{"2":{"title":"","count":0,"hierarchical":0,"dropdown":0},"3":{"title":"Categories","count":1,"hierarchical":0,"dropdown":0},"_multiwidget":1},"meta":{"2":{"title":""},"_multiwidget":1},"bosa_pro_author_widget":{"2":{"title":"About the Author","page_id":130,"full-square-thumb":false,"page_title":true,"excerpt_count":"20","sub_title":"Magazine editor","social_title":null,"social_desc":null,"social_menu_icon_1":"fab fa-facebook","social_menu_link_1":"#","social_menu_icon_2":"fab fa-twitter","social_menu_link_2":"#","social_menu_icon_3":"fab fa-instagram","social_menu_link_3":"#","social_menu_icon_4":"","social_menu_link_4":"","social_menu_icon_5":"","social_menu_link_5":"","social_menu_icon_6":"","social_menu_link_6":"","social_menu_icon_7":"","social_menu_link_7":"","social_menu_icon_8":"","social_menu_link_8":"","social_menu_icon_9":"","social_menu_link_9":""},"_multiwidget":1},"media_image":{"2":{"size":"full","width":255,"height":202,"caption":"","alt":"","link_type":"custom","link_url":"https:\/\/bosathemes.com\/pricing","image_classes":"","link_classes":"","link_rel":"","link_target_blank":false,"image_title":"Advertisement","attachment_id":46,"url":"https:\/\/demo.bosathemes.com\/bosa\/magazine\/wp-content\/uploads\/sites\/16\/2020\/10\/bosa-magazine-img2.png","title":"Advertisement"},"3":{"size":"medium","width":328,"height":260,"caption":"","alt":"","link_type":"custom","link_url":"https:\/\/bosathemes.com","image_classes":"","link_classes":"","link_rel":"","link_target_blank":false,"image_title":"","attachment_id":47,"url":"https:\/\/demo.bosathemes.com\/bosa\/magazine\/wp-content\/uploads\/sites\/16\/2020\/10\/bosa-magazine-img3-300x238.png","title":"Advertisement"},"_multiwidget":1},"woocommerce_price_filter":{"2":{"title":"Filter by price"},"_multiwidget":1},"woocommerce_product_search":{"2":{"title":"Search product"},"_multiwidget":1},"woocommerce_products":{"2":{"title":"Products","number":3,"show":"","orderby":"date","order":"desc","hide_free":0,"show_hidden":0},"_multiwidget":1},"woocommerce_product_categories":{"2":{"title":"Product categories","orderby":"name","dropdown":0,"count":1,"hierarchical":0,"show_children_only":0,"hide_empty":1,"max_depth":""},"_multiwidget":1},"text":{"1":[],"2":{"title":"About Bosa magazine","text":"Occaecati adipiscing ultrices eum placerat ut, repellat habitant rutrum! Ante pharetra cupidatat, eius, saepe? Nam enim tempus odit, exercitationem? Nemo! Odit maxime imperdiet officiis lacinia ante dapibus! Condimentum! Quia malesuada.","filter":true,"visual":true},"3":{"title":"Contact us","text":"Enim natus vivamus sapien molestie sit hendrerit officia parturient pede, tortor sollicitudin enim eros impedit.\r\n\r\n<strong>Email<\/strong> : <a href=\"#\">xyz@example.com<\/a>\r\n<strong>Phone :<\/strong>\u00a0<a href=\"#\">00249 123 333 719<\/a>","filter":true,"visual":true},"_multiwidget":1}}}