{"widget_positions":{"wp_inactive_widgets":["archives-2","meta-2","categories-2","recent-posts-2","recent-comments-2"],"menu-sidebar":["search-2","gutener_pro_author_widget-3"],"left-sidebar":["gutener_pro_author_widget-4","media_image-3","recent-posts-4","a2a_follow_widget-3","gutener_pro_latest_post-3"],"right-sidebar":["gutener_pro_author_widget-2","media_image-2","recent-posts-3","a2a_follow_widget-2","gutener_pro_latest_post-2"],"footer-sidebar-1":["text-2"],"footer-sidebar-2":["categories-3"],"footer-sidebar-3":["mc4wp_form_widget-2"],"footer-sidebar-4":["media_gallery-4"],"array_version":3},"widget_options":{"archives":{"2":{"title":"","count":0,"dropdown":0},"_multiwidget":1},"meta":{"2":{"title":""},"_multiwidget":1},"categories":{"3":{"title":"CATEGORIES","count":1,"hierarchical":0,"dropdown":0},"_multiwidget":1,"2":{"title":"","count":0,"hierarchical":0,"dropdown":0}},"recent-posts":{"3":{"title":"RECENT POSTS","number":5,"show_date":true},"4":{"title":"RECENT POSTS","number":5,"show_date":true},"_multiwidget":1,"2":{"title":"","number":5}},"recent-comments":{"2":{"title":"","number":5},"_multiwidget":1},"search":{"2":{"title":""},"_multiwidget":1},"gutener_pro_author_widget":{"2":{"title":"About the Author","page_id":45,"full-square-thumb":false,"page_title":true,"excerpt_count":"20","sub_title":"Lifestyle Blogger","social_title":null,"social_desc":null,"social_menu_icon_1":"fab fa-facebook-f","social_menu_link_1":"facebook.com","social_menu_icon_2":"fab fa-twitter","social_menu_link_2":"twitter.com","social_menu_icon_3":"fab fa-linkedin","social_menu_link_3":"linkedin.com","social_menu_icon_4":"fab fa-instagram","social_menu_link_4":"instagram.com","social_menu_icon_5":"fab fa-youtube","social_menu_link_5":"youtube.com","social_menu_icon_6":"","social_menu_link_6":"","social_menu_icon_7":"","social_menu_link_7":"","social_menu_icon_8":"","social_menu_link_8":"","social_menu_icon_9":"","social_menu_link_9":""},"3":{"title":"About the Author","page_id":45,"full-square-thumb":false,"page_title":true,"excerpt_count":"20","sub_title":"Lifestyle Blogger","social_title":null,"social_desc":null,"social_menu_icon_1":"fab fa-facebook-f","social_menu_link_1":"facebook.com","social_menu_icon_2":"fab fa-twitter","social_menu_link_2":"twitter.com","social_menu_icon_3":"fab fa-linkedin","social_menu_link_3":"linkedin.com","social_menu_icon_4":"fab fa-instagram","social_menu_link_4":"instagram.com","social_menu_icon_5":"fab fa-youtube","social_menu_link_5":"youtube.com","social_menu_icon_6":"","social_menu_link_6":"","social_menu_icon_7":"","social_menu_link_7":"","social_menu_icon_8":"","social_menu_link_8":"","social_menu_icon_9":"","social_menu_link_9":""},"4":{"title":"About the Author","page_id":45,"full-square-thumb":false,"page_title":true,"excerpt_count":"20","sub_title":"Lifestyle Blogger","social_title":null,"social_desc":null,"social_menu_icon_1":"fab fa-facebook-f","social_menu_link_1":"facebook.com","social_menu_icon_2":"fab fa-twitter","social_menu_link_2":"twitter.com","social_menu_icon_3":"fab fa-linkedin","social_menu_link_3":"linkedin.com","social_menu_icon_4":"fab fa-instagram","social_menu_link_4":"instagram.com","social_menu_icon_5":"fab fa-youtube","social_menu_link_5":"youtube.com","social_menu_icon_6":"","social_menu_link_6":"","social_menu_icon_7":"","social_menu_link_7":"","social_menu_icon_8":"","social_menu_link_8":"","social_menu_icon_9":"","social_menu_link_9":""},"_multiwidget":1},"media_image":{"2":{"size":"full","width":500,"height":650,"caption":"","alt":"","link_type":"custom","link_url":"#","image_classes":"","link_classes":"","link_rel":"","link_target_blank":false,"image_title":"","attachment_id":45,"url":"https:\/\/demo.keonthemes.com\/gutener\/demo201\/wp-content\/uploads\/sites\/7\/2020\/05\/gutener-img1-500x650-1.jpg","title":"ADVERTISEMENT"},"3":{"size":"medium","width":500,"height":650,"caption":"","alt":"","link_type":"custom","link_url":"","image_classes":"","link_classes":"","link_rel":"","link_target_blank":false,"image_title":"","attachment_id":45,"url":"https:\/\/demo.keonthemes.com\/gutener\/demo201\/wp-content\/uploads\/sites\/7\/2020\/05\/gutener-img1-500x650-1-231x300.jpg","title":"ADVERTISEMENT"},"_multiwidget":1},"a2a_follow_widget":{"2":{"title":"SOCIAL SHARE","icon_size":"18","facebook_id":"facebook.com","twitter_id":"twitter.com","instagram_id":"instagram.com","pinterest_id":"","behance_id":"","flickr_id":"","foursquare_id":"","github_id":"","linkedin_id":"linkedin.com","linkedin_company_id":"","medium_id":"","snapchat_id":"","tumblr_id":"","vimeo_id":"","youtube_id":"youtube.com","youtube_channel_id":"","feed_id":""},"3":{"title":"SOCIAL SHARE","icon_size":"18","facebook_id":"facebook.com","twitter_id":"twitter.com","instagram_id":"instagram.com","pinterest_id":"","behance_id":"","flickr_id":"","foursquare_id":"","github_id":"","linkedin_id":"linkedin.com","linkedin_company_id":"","medium_id":"","snapchat_id":"","tumblr_id":"","vimeo_id":"","youtube_id":"youtube.com","youtube_channel_id":"","feed_id":""},"_multiwidget":1},"gutener_pro_latest_post":{"2":{"title":"LATEST POST","per_page":"5","show_date_comment":true,"layout":"left"},"3":{"title":"LATEST POST","per_page":"5","show_date_comment":true,"layout":"left"},"_multiwidget":1},"text":{"1":[],"2":{"title":"ABOUT GUTENER","text":"Gutener is clean, creative, powerful, flexible, highly customizable and Gutenberg ready WordPress theme. It is fully responsive and is sure to make your website stand out from the crowd.\r\n\r\n&nbsp;","filter":true,"visual":true},"_multiwidget":1},"mc4wp_form_widget":{"2":{"title":"Newsletter"},"_multiwidget":1},"media_gallery":{"4":{"title":"GALLERY","ids":[107,93,92,94,95,98],"columns":3,"size":"thumbnail","link_type":"post","orderby_random":false},"_multiwidget":1}}}