{"menu":{"menu-2":21,"menu-1":20},"options":{"blogname":"Blog 9","blogname-child":"Blog 9","blogdescription":"Blogging should be fun!","blogdescription-child":"Blogging should be fun!","posts_per_page":"10","posts_per_page-child":"10","date_format":"F j, Y","date_format-child":"F j, Y","time_format":"g:i a","time_format-child":"g:i a","show_on_front":"posts","show_on_front-child":"posts","thumbnail_size_w":"150","thumbnail_size_w-child":"150","thumbnail_size_h":"150","thumbnail_size_h-child":"150","thumbnail_crop":"1","thumbnail_crop-child":"1","medium_size_w":"300","medium_size_w-child":"300","medium_size_h":"300","medium_size_h-child":"300","avatar_default":"mystery","avatar_default-child":"mystery","large_size_w":"1024","large_size_w-child":"1024","large_size_h":"1024","large_size_h-child":"1024","page_for_posts":"0","page_for_posts-child":"0","page_on_front":"0","page_on_front-child":"0","medium_large_size_w":"768","medium_large_size_w-child":"768","medium_large_size_h":"0","medium_large_size_h-child":"0","woocommerce_shop_page_id":"","woocommerce_shop_page_id-child":"","theme_mods_gutener-pro":{"0":false,"sidebars_widgets":{"time":1589271710,"data":{"wp_inactive_widgets":[],"menu-sidebar":["search-2","recent-posts-2","recent-comments-2"],"left-sidebar":["archives-2","categories-2","meta-2"],"right-sidebar":[],"footer-sidebar-1":[],"footer-sidebar-2":[],"footer-sidebar-3":[],"footer-sidebar-4":[]}},"custom_css_post_id":-1,"header_media_options":"slider","header_image_slider":[],"social_media_links":[{"icon":"fab fa-facebook-f","link":"facebook.com"},{"icon":"fab fa-twitter","link":"twitter.com"},{"icon":"fab fa-instagram","link":"instagram.com"},{"icon":"fab fa-linkedin","link":"linkedin.com"},{"icon":"fab fa-youtube","link":"youtube.com"}],"main_banner_buttons":[{"text":"Button Text","link":"#","type":"button-outline"}],"coming_maintenance_buttons":[{"text":"Button Text","link":"#","type":"button-outline"}],"coming_maintenance_image_slider":[],"header_image_height":"220","disable_main_slider":false,"main_slider_height":"550","header_video_upload":"","header_layout":"header_six","top_header_nine_background_color":"rgba(249,160,50,0.25)","site_title_color":"#101010","site_tagline_color":"#767676","highlight_posts_columns":"three_columns","highlight_posts_posts_number":"3","highlight_posts_height":"320","highlight_posts_category":"18","site_layout":"frame","disable_footer_social_links":false,"disable_instagram":true,"enable_instagram_homepage":true,"insta_shortcode":"[instagram-feed showheader=false num=12 cols=6 showfollow=true]","advanced_import_setup_complete":1591008560,"logo_width":"320","display_slider_on":"blog-page-below-header","sidebar_settings":"left","custom_logo":5,"disable_site_title":true,"disable_site_tagline":false,"top_footer_widget_columns":"four_columns","top_footer_background_color":"rgba(10,10,10,0.76)","top_footer_widget_title_color":"#ffffff","footer_image":"https:\/\/demo.keonthemes.com\/gutener\/demo209\/wp-content\/uploads\/sites\/34\/2020\/06\/gutener-img1-1920x650-1.jpg","top_footer_widget_link_color":"#ffffff","top_footer_widget_content_color":"#efefef","bottom_footer_background_color":"rgba(10,10,10,0.9)","bottom_footer_text_color":"#f2f2f2","bottom_footer_text_link_color":"#ffffff","background_preset":"repeat","background_position_x":"left","background_position_y":"top","background_attachment":"fixed","disable_sticky_notification_bar":true,"feature_posts_slides_show":"2"},"theme_mods_gutener-pro-child":{"0":false,"sidebars_widgets":{"time":1589271710,"data":{"wp_inactive_widgets":[],"menu-sidebar":["search-2","recent-posts-2","recent-comments-2"],"left-sidebar":["archives-2","categories-2","meta-2"],"right-sidebar":[],"footer-sidebar-1":[],"footer-sidebar-2":[],"footer-sidebar-3":[],"footer-sidebar-4":[]}},"custom_css_post_id":-1,"header_media_options":"slider","header_image_slider":[],"social_media_links":[{"icon":"fab fa-facebook-f","link":"facebook.com"},{"icon":"fab fa-twitter","link":"twitter.com"},{"icon":"fab fa-instagram","link":"instagram.com"},{"icon":"fab fa-linkedin","link":"linkedin.com"},{"icon":"fab fa-youtube","link":"youtube.com"}],"main_banner_buttons":[{"text":"Button Text","link":"#","type":"button-outline"}],"coming_maintenance_buttons":[{"text":"Button Text","link":"#","type":"button-outline"}],"coming_maintenance_image_slider":[],"header_image_height":"220","disable_main_slider":false,"main_slider_height":"550","header_video_upload":"","header_layout":"header_six","top_header_nine_background_color":"rgba(249,160,50,0.25)","site_title_color":"#101010","site_tagline_color":"#767676","highlight_posts_columns":"three_columns","highlight_posts_posts_number":"3","highlight_posts_height":"320","highlight_posts_category":"18","site_layout":"frame","disable_footer_social_links":false,"disable_instagram":true,"enable_instagram_homepage":true,"insta_shortcode":"[instagram-feed showheader=false num=12 cols=6 showfollow=true]","advanced_import_setup_complete":1591008560,"logo_width":"320","display_slider_on":"blog-page-below-header","sidebar_settings":"left","custom_logo":5,"disable_site_title":true,"disable_site_tagline":false,"nav_menu_locations":{"menu-2":21,"menu-1":20},"top_footer_widget_columns":"four_columns","top_footer_background_color":"rgba(10,10,10,0.76)","top_footer_widget_title_color":"#ffffff","footer_image":"https:\/\/demo.keonthemes.com\/gutener\/demo209\/wp-content\/uploads\/sites\/34\/2020\/06\/gutener-img1-1920x650-1.jpg","top_footer_widget_link_color":"#ffffff","top_footer_widget_content_color":"#efefef","bottom_footer_background_color":"rgba(10,10,10,0.9)","bottom_footer_text_color":"#f2f2f2","bottom_footer_text_link_color":"#ffffff","background_preset":"repeat","background_position_x":"left","background_position_y":"top","background_attachment":"fixed","disable_sticky_notification_bar":true,"feature_posts_slides_show":"2"}}}