[
  {
    "title": "Agency",
    "is_pro": false,
    "type": "elementor",
    "author": "Bosa Themes",
    "keywords": ["agency", "multipurpose"],
    "categories": ["business"],
    "template_url": {
      "content": "https://gitlab.com/aemov/keon-toolset-demos/-/raw/master/bosa/demos/agency/content.json",
      "options": "https://gitlab.com/aemov/keon-toolset-demos/-/raw/master/bosa/demos/agency/options.json",
      "widgets": "https://gitlab.com/aemov/keon-toolset-demos/-/raw/master/bosa/demos/agency/widgets.json"
    },
    "screenshot_url": "https://gitlab.com/aemov/keon-toolset-demos/-/raw/master/bosa/screenshots/bosa-agency-250-300.jpg",
    "demo_url": "https://demo.bosathemes.com/bosa/agency/",
    "plugins": [
      {
        "name": "Contact Form 7",
        "slug": "contact-form-7",
        "main_file": "wp-contact-form-7.php"
      },
      {
        "name": "Sina Extension for Elementor",
        "slug": "sina-extension-for-elementor"
      },
      {
        "name": "WooCommerce",
        "slug": "woocommerce"
      }
    ]
  },
  {
    "title": "Lawyer",
    "is_pro": false,
    "pro_url": "https://bosathemes.com/bosa-pro/",
    "type": "new",
    "author": "Bosa Themes",
    "keywords": ["lawyer", "multipurpose"],
    "categories": ["business"],
    "template_url": {
      "content": "https://gitlab.com/aemov/keon-toolset-demos/-/raw/master/bosa/demos/lawyer/content.json",
      "options": "https://gitlab.com/aemov/keon-toolset-demos/-/raw/master/bosa/demos/lawyer/options.json",
      "widgets": "https://gitlab.com/aemov/keon-toolset-demos/-/raw/master/bosa/demos/lawyer/widgets.json"
    },
    "screenshot_url": "https://gitlab.com/aemov/keon-toolset-demos/-/raw/master/bosa/screenshots/bosa-lawyer-250-300.jpg",
    "demo_url": "https://demo.bosathemes.com/bosa/lawyer/",
    "plugins": [
      {
        "name": "Contact Form 7",
        "slug": "contact-form-7",
        "main_file": "wp-contact-form-7.php"
      },
      {
        "name": "Sina Extension for Elementor",
        "slug": "sina-extension-for-elementor"
      },
      {
        "name": "WooCommerce",
        "slug": "woocommerce"
      }
    ]
  },
  {
    "title": "Event",
    "is_pro": false,
    "pro_url": "https://bosathemes.com/bosa-pro/",
    "type": "elementor",
    "author": "Bosa Themes",
    "keywords": ["event", "multipurpose"],
    "categories": ["business"],
    "template_url": {
      "content": "https://gitlab.com/aemov/keon-toolset-demos/-/raw/master/bosa/demos/event/content.json",
      "options": "https://gitlab.com/aemov/keon-toolset-demos/-/raw/master/bosa/demos/event/options.json",
      "widgets": "https://gitlab.com/aemov/keon-toolset-demos/-/raw/master/bosa/demos/event/widgets.json"
    },
    "screenshot_url": "https://gitlab.com/aemov/keon-toolset-demos/-/raw/master/bosa/screenshots/bosa-event-250-300.jpg",
    "demo_url": "https://demo.bosathemes.com/bosa/event/",
    "plugins": [
      {
        "name": "Contact Form 7",
        "slug": "contact-form-7",
        "main_file": "wp-contact-form-7.php"
      },
      {
        "name": "Sina Extension for Elementor",
        "slug": "sina-extension-for-elementor"
      },
      {
        "name": "WooCommerce",
        "slug": "woocommerce"
      }
    ]
  },
  {
    "title": "Music",
    "is_pro": false,
    "pro_url": "https://bosathemes.com/bosa-pro/",
    "type": "elementor",
    "author": "Bosa Themes",
    "keywords": ["music", "multipurpose"],
    "categories": ["others"],
    "template_url": {
      "content": "https://gitlab.com/aemov/keon-toolset-demos/-/raw/master/bosa/demos/music/content.json",
      "options": "https://gitlab.com/aemov/keon-toolset-demos/-/raw/master/bosa/demos/music/options.json",
      "widgets": "https://gitlab.com/aemov/keon-toolset-demos/-/raw/master/bosa/demos/music/widgets.json"
    },
    "screenshot_url": "https://gitlab.com/aemov/keon-toolset-demos/-/raw/master/bosa/screenshots/bosa-music-250-300.jpg",
    "demo_url": "https://demo.bosathemes.com/bosa/music/",
    "plugins": [
      {
        "name": "Contact Form 7",
        "slug": "contact-form-7",
        "main_file": "wp-contact-form-7.php"
      },
      {
        "name": "Sina Extension for Elementor",
        "slug": "sina-extension-for-elementor"
      },
      {
        "name": "WooCommerce",
        "slug": "woocommerce"
      }
    ]
  },
  {
    "title": "Corporate",
    "is_pro": false,
    "pro_url": "https://bosathemes.com/bosa-pro/",
    "type": "elementor",
    "author": "Bosa Themes",
    "keywords": ["corporate", "multipurpose"],
    "categories": ["business"],
    "template_url": {
      "content": "https://gitlab.com/aemov/keon-toolset-demos/-/raw/master/bosa/demos/corporate/corporate/content.json",
      "options": "https://gitlab.com/aemov/keon-toolset-demos/-/raw/master/bosa/demos/corporate/corporate/options.json",
      "widgets": "https://gitlab.com/aemov/keon-toolset-demos/-/raw/master/bosa/demos/corporate/corporate/widgets.json"
    },
    "screenshot_url": "https://gitlab.com/aemov/keon-toolset-demos/-/raw/master/bosa/screenshots/bosa-corporate-250-300.jpg",
    "demo_url": "https://demo.bosathemes.com/bosa/corporate/",
    "plugins": [
      {
        "name": "Contact Form 7",
        "slug": "contact-form-7",
        "main_file": "wp-contact-form-7.php"
      },
      {
        "name": "Sina Extension for Elementor",
        "slug": "sina-extension-for-elementor"
      },
      {
        "name": "WooCommerce",
        "slug": "woocommerce"
      }
    ]
  },
  {
    "title": "Finance",
    "is_pro": false,
    "pro_url": "https://bosathemes.com/bosa-pro/",
    "type": "elementor",
    "author": "Bosa Themes",
    "keywords": ["finance", "multipurpose"],
    "categories": ["business"],
    "template_url": {
      "content": "https://gitlab.com/aemov/keon-toolset-demos/-/raw/master/bosa/demos/finance/content.json",
      "options": "https://gitlab.com/aemov/keon-toolset-demos/-/raw/master/bosa/demos/finance/options.json",
      "widgets": "https://gitlab.com/aemov/keon-toolset-demos/-/raw/master/bosa/demos/finance/widgets.json"
    },
    "screenshot_url": "https://gitlab.com/aemov/keon-toolset-demos/-/raw/master/bosa/screenshots/bosa-finance-250-300.jpg",
    "demo_url": "https://demo.bosathemes.com/bosa/finance/",
    "plugins": [
      {
        "name": "Contact Form 7",
        "slug": "contact-form-7",
        "main_file": "wp-contact-form-7.php"
      },
      {
        "name": "Sina Extension for Elementor",
        "slug": "sina-extension-for-elementor"
      },
      {
        "name": "WooCommerce",
        "slug": "woocommerce"
      }
    ]
  },
  {
    "title": "Business",
    "is_pro": false,
    "pro_url": "https://bosathemes.com/bosa-pro/",
    "type": "elementor",
    "author": "Bosa Themes",
    "keywords": ["business", "multipurpose"],
    "categories": ["business"],
    "template_url": {
      "content": "https://gitlab.com/aemov/keon-toolset-demos/-/raw/master/bosa/demos/business/business01/content.json",
      "options": "https://gitlab.com/aemov/keon-toolset-demos/-/raw/master/bosa/demos/business/business01/options.json",
      "widgets": "https://gitlab.com/aemov/keon-toolset-demos/-/raw/master/bosa/demos/business/business01/widgets.json"
    },
    "screenshot_url": "https://gitlab.com/aemov/keon-toolset-demos/-/raw/master/bosa/screenshots/bosa-business-01-250-300.jpg",
    "demo_url": "https://demo.bosathemes.com/bosa/business/",
    "plugins": [
      {
        "name": "Contact Form 7",
        "slug": "contact-form-7",
        "main_file": "wp-contact-form-7.php"
      },
      {
        "name": "Sina Extension for Elementor",
        "slug": "sina-extension-for-elementor"
      },
      {
        "name": "WooCommerce",
        "slug": "woocommerce"
      }
    ]
  },
  {
    "title": "Business 02",
    "is_pro": false,
    "pro_url": "https://bosathemes.com/bosa-pro/",
    "type": "elementor",
    "author": "Bosa Themes",
    "keywords": ["business", "business02", "multipurpose"],
    "categories": ["business"],
    "template_url": {
      "content": "https://gitlab.com/aemov/keon-toolset-demos/-/raw/master/bosa/demos/business/business02/content.json",
      "options": "https://gitlab.com/aemov/keon-toolset-demos/-/raw/master/bosa/demos/business/business02/options.json",
      "widgets": "https://gitlab.com/aemov/keon-toolset-demos/-/raw/master/bosa/demos/business/business02/widgets.json"
    },
    "screenshot_url": "https://gitlab.com/aemov/keon-toolset-demos/-/raw/master/bosa/screenshots/bosa-business-02-250-300.jpg",
    "demo_url": "https://demo.bosathemes.com/bosa/business-02/",
    "plugins": [
      {
        "name": "Contact Form 7",
        "slug": "contact-form-7",
        "main_file": "wp-contact-form-7.php"
      },
      {
        "name": "Sina Extension for Elementor",
        "slug": "sina-extension-for-elementor"
      },
      {
        "name": "WooCommerce",
        "slug": "woocommerce"
      }
    ]
  },
  {
    "title": "Medical",
    "is_pro": false,
    "pro_url": "https://bosathemes.com/bosa-pro/",
    "type": "elementor",
    "author": "Bosa Themes",
    "keywords": ["medical", "multipurpose"],
    "categories": ["others"],
    "template_url": {
      "content": "https://gitlab.com/aemov/keon-toolset-demos/-/raw/master/bosa/demos/medical/content.json",
      "options": "https://gitlab.com/aemov/keon-toolset-demos/-/raw/master/bosa/demos/medical/options.json",
      "widgets": "https://gitlab.com/aemov/keon-toolset-demos/-/raw/master/bosa/demos/medical/widgets.json"
    },
    "screenshot_url": "https://gitlab.com/aemov/keon-toolset-demos/-/raw/master/bosa/screenshots/bosa-medical-250-300.jpg",
    "demo_url": "https://demo.bosathemes.com/bosa/medical/",
    "plugins": [
      {
        "name": "Contact Form 7",
        "slug": "contact-form-7",
        "main_file": "wp-contact-form-7.php"
      },
      {
        "name": "Sina Extension for Elementor",
        "slug": "sina-extension-for-elementor"
      },
      {
        "name": "WooCommerce",
        "slug": "woocommerce"
      }
    ]
  },
  {
    "title": "Education",
    "is_pro": false,
    "pro_url": "https://bosathemes.com/bosa-pro/",
    "type": "elementor",
    "author": "Bosa Themes",
    "keywords": ["education", "multipurpose"],
    "categories": ["others"],
    "template_url": {
      "content": "https://gitlab.com/aemov/keon-toolset-demos/-/raw/master/bosa/demos/education/content.json",
      "options": "https://gitlab.com/aemov/keon-toolset-demos/-/raw/master/bosa/demos/education/options.json",
      "widgets": "https://gitlab.com/aemov/keon-toolset-demos/-/raw/master/bosa/demos/education/widgets.json"
    },
    "screenshot_url": "https://gitlab.com/aemov/keon-toolset-demos/-/raw/master/bosa/screenshots/bosa-education-250-300.jpg",
    "demo_url": "https://demo.bosathemes.com/bosa/education/",
    "plugins": [
      {
        "name": "Contact Form 7",
        "slug": "contact-form-7",
        "main_file": "wp-contact-form-7.php"
      },
      {
        "name": "Sina Extension for Elementor",
        "slug": "sina-extension-for-elementor"
      },
      {
        "name": "WooCommerce",
        "slug": "woocommerce"
      }
    ]
  },
  {
    "title": "Portfolio",
    "is_pro": false,
    "pro_url": "https://bosathemes.com/bosa-pro/",
    "type": "elementor",
    "author": "Bosa Themes",
    "keywords": ["portfolio", "multipurpose"],
    "categories": ["portfolio"],
    "template_url": {
      "content": "https://gitlab.com/aemov/keon-toolset-demos/-/raw/master/bosa/demos/portfolio/content.json",
      "options": "https://gitlab.com/aemov/keon-toolset-demos/-/raw/master/bosa/demos/portfolio/options.json",
      "widgets": "https://gitlab.com/aemov/keon-toolset-demos/-/raw/master/bosa/demos/portfolio/widgets.json"
    },
    "screenshot_url": "https://gitlab.com/aemov/keon-toolset-demos/-/raw/master/bosa/screenshots/bosa-portfolio-250-300.jpg",
    "demo_url": "https://demo.bosathemes.com/bosa/portfolio/",
    "plugins": [
      {
        "name": "Contact Form 7",
        "slug": "contact-form-7",
        "main_file": "wp-contact-form-7.php"
      },
      {
        "name": "Sina Extension for Elementor",
        "slug": "sina-extension-for-elementor"
      },
      {
        "name": "WooCommerce",
        "slug": "woocommerce"
      }
    ]
  },
  {
    "title": "Charity",
    "is_pro": false,
    "pro_url": "https://bosathemes.com/bosa-pro/",
    "type": "elementor",
    "author": "Bosa Themes",
    "keywords": ["charity", "multipurpose"],
    "categories": ["non-profit"],
    "template_url": {
      "content": "https://gitlab.com/aemov/keon-toolset-demos/-/raw/master/bosa/demos/charity/content.json",
      "options": "https://gitlab.com/aemov/keon-toolset-demos/-/raw/master/bosa/demos/charity/options.json",
      "widgets": "https://gitlab.com/aemov/keon-toolset-demos/-/raw/master/bosa/demos/charity/widgets.json"
    },
    "screenshot_url": "https://gitlab.com/aemov/keon-toolset-demos/-/raw/master/bosa/screenshots/bosa-charity-250-300.jpg",
    "demo_url": "https://demo.bosathemes.com/bosa/charity/",
    "plugins": [
      {
        "name": "Contact Form 7",
        "slug": "contact-form-7",
        "main_file": "wp-contact-form-7.php"
      },
      {
        "name": "Sina Extension for Elementor",
        "slug": "sina-extension-for-elementor"
      },
      {
        "name": "WooCommerce",
        "slug": "woocommerce"
      }
    ]
  },
  {
    "title": "Construction",
    "is_pro": false,
    "pro_url": "https://bosathemes.com/bosa-pro/",
    "type": "elementor",
    "author": "Bosa Themes",
    "keywords": ["construction", "multipurpose"],
    "categories": ["business"],
    "template_url": {
      "content": "https://gitlab.com/aemov/keon-toolset-demos/-/raw/master/bosa/demos/construction/content.json",
      "options": "https://gitlab.com/aemov/keon-toolset-demos/-/raw/master/bosa/demos/construction/options.json",
      "widgets": "https://gitlab.com/aemov/keon-toolset-demos/-/raw/master/bosa/demos/construction/widgets.json"
    },
    "screenshot_url": "https://gitlab.com/aemov/keon-toolset-demos/-/raw/master/bosa/screenshots/bosa-construction-250-300.jpg",
    "demo_url": "https://demo.bosathemes.com/bosa/construction/",
    "plugins": [
      {
        "name": "Contact Form 7",
        "slug": "contact-form-7",
        "main_file": "wp-contact-form-7.php"
      },
      {
        "name": "Sina Extension for Elementor",
        "slug": "sina-extension-for-elementor"
      },
      {
        "name": "WooCommerce",
        "slug": "woocommerce"
      }
    ]
  },
  {
    "title": "Photography",
    "is_pro": false,
    "pro_url": "https://bosathemes.com/bosa-pro/",
    "type": "elementor",
    "author": "Bosa Themes",
    "keywords": ["photography", "multipurpose"],
    "categories": ["business"],
    "template_url": {
      "content": "https://gitlab.com/aemov/keon-toolset-demos/-/raw/master/bosa/demos/photography/content.json",
      "options": "https://gitlab.com/aemov/keon-toolset-demos/-/raw/master/bosa/demos/photography/options.json",
      "widgets": "https://gitlab.com/aemov/keon-toolset-demos/-/raw/master/bosa/demos/photography/widgets.json"
    },
    "screenshot_url": "https://gitlab.com/aemov/keon-toolset-demos/-/raw/master/bosa/screenshots/bosa-photography-250-300.jpg",
    "demo_url": "https://demo.bosathemes.com/bosa/photography/",
    "plugins": [
      {
        "name": "Contact Form 7",
        "slug": "contact-form-7",
        "main_file": "wp-contact-form-7.php"
      },
      {
        "name": "Sina Extension for Elementor",
        "slug": "sina-extension-for-elementor"
      },
      {
        "name": "WooCommerce",
        "slug": "woocommerce"
      }
    ]
  },
  {
    "title": "Magazine",
    "is_pro": false,
    "pro_url": "https://bosathemes.com/bosa-pro/",
    "type": "elementor",
    "author": "Bosa Themes",
    "keywords": ["magazine", "multipurpose"],
    "categories": ["others"],
    "template_url": {
      "content": "https://gitlab.com/aemov/keon-toolset-demos/-/raw/master/bosa/demos/magazine/content.json",
      "options": "https://gitlab.com/aemov/keon-toolset-demos/-/raw/master/bosa/demos/magazine/options.json",
      "widgets": "https://gitlab.com/aemov/keon-toolset-demos/-/raw/master/bosa/demos/magazine/widgets.json"
    },
    "screenshot_url": "https://gitlab.com/aemov/keon-toolset-demos/-/raw/master/bosa/screenshots/bosa-magazine-250-300.jpg",
    "demo_url": "https://demo.bosathemes.com/bosa/magazine/",
    "plugins": [
      {
        "name": "Contact Form 7",
        "slug": "contact-form-7",
        "main_file": "wp-contact-form-7.php"
      },
      {
        "name": "Sina Extension for Elementor",
        "slug": "sina-extension-for-elementor"
      },
      {
        "name": "WooCommerce",
        "slug": "woocommerce"
      }
    ]
  },
  {
    "title": "Travel",
    "is_pro": false,
    "pro_url": "https://bosathemes.com/bosa-pro/",
    "type": "elementor",
    "author": "Bosa Themes",
    "keywords": ["travel", "multipurpose"],
    "categories": ["business"],
    "template_url": {
      "content": "https://gitlab.com/aemov/keon-toolset-demos/-/raw/master/bosa/demos/travel/content.json",
      "options": "https://gitlab.com/aemov/keon-toolset-demos/-/raw/master/bosa/demos/travel/options.json",
      "widgets": "https://gitlab.com/aemov/keon-toolset-demos/-/raw/master/bosa/demos/travel/widgets.json"
    },
    "screenshot_url": "https://gitlab.com/aemov/keon-toolset-demos/-/raw/master/bosa/screenshots/bosa-travel-250-300.jpg",
    "demo_url": "https://demo.bosathemes.com/bosa/travel/",
    "plugins": [
      {
        "name": "Contact Form 7",
        "slug": "contact-form-7",
        "main_file": "wp-contact-form-7.php"
      },
      {
        "name": "Sina Extension for Elementor",
        "slug": "sina-extension-for-elementor"
      },
      {
        "name": "WooCommerce",
        "slug": "woocommerce"
      }
    ]
  },
  {
    "title": "Shop",
    "is_pro": false,
    "pro_url": "https://bosathemes.com/bosa-pro/",
    "type": "elementor",
    "author": "Bosa Themes",
    "keywords": ["shop", "multipurpose"],
    "categories": ["ecommerce"],
    "template_url": {
      "content": "https://gitlab.com/aemov/keon-toolset-demos/-/raw/master/bosa/demos/shop/content.json",
      "options": "https://gitlab.com/aemov/keon-toolset-demos/-/raw/master/bosa/demos/shop/options.json",
      "widgets": "https://gitlab.com/aemov/keon-toolset-demos/-/raw/master/bosa/demos/shop/widgets.json"
    },
    "screenshot_url": "https://gitlab.com/aemov/keon-toolset-demos/-/raw/master/bosa/screenshots/bosa-shop-250-300.jpg",
    "demo_url": "https://demo.bosathemes.com/bosa/shop/",
    "plugins": [
      {
        "name": "Contact Form 7",
        "slug": "contact-form-7",
        "main_file": "wp-contact-form-7.php"
      },
      {
        "name": "Sina Extension for Elementor",
        "slug": "sina-extension-for-elementor"
      },
      {
        "name": "WooCommerce",
        "slug": "woocommerce"
      },
      {
        "name": "WooLentor",
        "slug": "woolentor",
        "main_file": "woolentor_addons_elementor.php"
      },
      {
        "name": "YITH WooCommerce Compare",
        "slug": "yith-woocommerce-compare",
        "main_file": "init.php"
      },
      {
        "name": "YITH WooCommerce Quick View",
        "slug": "yith-woocommerce-quick-view",
        "main_file": "init.php"
      },
      {
        "name": "YITH WooCommerce Wishlist",
        "slug": "yith-woocommerce-wishlist",
        "main_file": "init.php"
      }
    ]
  },
  {
    "title": "Restaurant",
    "is_pro": false,
    "pro_url": "https://bosathemes.com/bosa-pro/",
    "type": "elementor",
    "author": "Bosa Themes",
    "keywords": ["restaurant", "multipurpose"],
    "categories": ["business"],
    "template_url": {
      "content": "https://gitlab.com/aemov/keon-toolset-demos/-/raw/master/bosa/demos/restaurant/content.json",
      "options": "https://gitlab.com/aemov/keon-toolset-demos/-/raw/master/bosa/demos/restaurant/options.json",
      "widgets": "https://gitlab.com/aemov/keon-toolset-demos/-/raw/master/bosa/demos/restaurant/widgets.json"
    },
    "screenshot_url": "https://gitlab.com/aemov/keon-toolset-demos/-/raw/master/bosa/screenshots/bosa-restaurant-250-300.jpg",
    "demo_url": "https://demo.bosathemes.com/bosa/restaurant/",
    "plugins": [
      {
        "name": "Contact Form 7",
        "slug": "contact-form-7",
        "main_file": "wp-contact-form-7.php"
      },
      {
        "name": "Sina Extension for Elementor",
        "slug": "sina-extension-for-elementor"
      },
      {
        "name": "WooCommerce",
        "slug": "woocommerce"
      }
    ]
  },
  {
    "title": "Fitness",
    "is_pro": false,
    "pro_url": "https://bosathemes.com/bosa-pro/",
    "type": "elementor",
    "author": "Bosa Themes",
    "keywords": ["fitness", "multipurpose"],
    "categories": ["business"],
    "template_url": {
      "content": "https://gitlab.com/aemov/keon-toolset-demos/-/raw/master/bosa/demos/fitness/content.json",
      "options": "https://gitlab.com/aemov/keon-toolset-demos/-/raw/master/bosa/demos/fitness/options.json",
      "widgets": "https://gitlab.com/aemov/keon-toolset-demos/-/raw/master/bosa/demos/fitness/widgets.json"
    },
    "screenshot_url": "https://gitlab.com/aemov/keon-toolset-demos/-/raw/master/bosa/screenshots/bosa-fitness-250-300.jpg",
    "demo_url": "https://demo.bosathemes.com/bosa/fitness/",
    "plugins": [
      {
        "name": "Contact Form 7",
        "slug": "contact-form-7",
        "main_file": "wp-contact-form-7.php"
      },
      {
        "name": "Sina Extension for Elementor",
        "slug": "sina-extension-for-elementor"
      },
      {
        "name": "WooCommerce",
        "slug": "woocommerce"
      }
    ]
  },
  {
    "title": "Consultancy",
    "is_pro": false,
    "pro_url": "https://bosathemes.com/bosa-pro/",
    "type": "elementor",
    "author": "Bosa Themes",
    "keywords": ["consultancy", "multipurpose"],
    "categories": ["business"],
    "template_url": {
      "content": "https://gitlab.com/aemov/keon-toolset-demos/-/raw/master/bosa/demos/consultancy/content.json",
      "options": "https://gitlab.com/aemov/keon-toolset-demos/-/raw/master/bosa/demos/consultancy/options.json",
      "widgets": "https://gitlab.com/aemov/keon-toolset-demos/-/raw/master/bosa/demos/consultancy/widgets.json"
    },
    "screenshot_url": "https://gitlab.com/aemov/keon-toolset-demos/-/raw/master/bosa/screenshots/bosa-consultancy-250-300.jpg",
    "demo_url": "https://demo.bosathemes.com/bosa/consultancy/",
    "plugins": [
      {
        "name": "Contact Form 7",
        "slug": "contact-form-7",
        "main_file": "wp-contact-form-7.php"
      },
      {
        "name": "Sina Extension for Elementor",
        "slug": "sina-extension-for-elementor"
      },
      {
        "name": "WooCommerce",
        "slug": "woocommerce"
      }
    ]
  },
  {
    "title": "Travel Blog",
    "is_pro": false,
    "pro_url": "https://bosathemes.com/bosa-pro/",
    "type": "gutenberg",
    "author": "Bosa Themes",
    "keywords": ["travel", "blog", "multipurpose"],
    "categories": ["blog"],
    "template_url": {
      "content": "https://gitlab.com/aemov/keon-toolset-demos/-/raw/master/bosa/demos/blog/blog02/content.json",
      "options": "https://gitlab.com/aemov/keon-toolset-demos/-/raw/master/bosa/demos/blog/blog02/options.json",
      "widgets": "https://gitlab.com/aemov/keon-toolset-demos/-/raw/master/bosa/demos/blog/blog02/widgets.json"
    },
    "screenshot_url": "https://gitlab.com/aemov/keon-toolset-demos/-/raw/master/bosa/screenshots/bosa-blog-02-250-300.jpg",
    "demo_url": "https://demo.bosathemes.com/bosa/travel-blog/",
    "plugins": [
      {
        "name": "Contact Form 7",
        "slug": "contact-form-7",
        "main_file": "wp-contact-form-7.php"
      },
      {
        "name": "WooCommerce",
        "slug": "woocommerce"
      }
    ]
  },
  {
    "title": "News Blog",
    "is_pro": false,
    "pro_url": "https://bosathemes.com/bosa-pro/",
    "type": "gutenberg",
    "author": "Bosa Themes",
    "keywords": ["news", "blog", "multipurpose"],
    "categories": ["blog"],
    "template_url": {
      "content": "https://gitlab.com/aemov/keon-toolset-demos/-/raw/master/bosa/demos/blog/news-blog/content.json",
      "options": "https://gitlab.com/aemov/keon-toolset-demos/-/raw/master/bosa/demos/blog/news-blog/options.json",
      "widgets": "https://gitlab.com/aemov/keon-toolset-demos/-/raw/master/bosa/demos/blog/news-blog/widgets.json"
    },
    "screenshot_url": "https://gitlab.com/aemov/keon-toolset-demos/-/raw/master/bosa/screenshots/bosa-news-blog-250-300.jpg",
    "demo_url": "https://demo.bosathemes.com/bosa/news-blog/",
    "plugins": [
      {
        "name": "Contact Form 7",
        "slug": "contact-form-7",
        "main_file": "wp-contact-form-7.php"
      },
      {
        "name": "WooCommerce",
        "slug": "woocommerce"
      }
    ]
  },
  {
    "title": "Fashion Dark Blog",
    "is_pro": false,
    "type": "gutenberg",
    "author": "Bosa Themes",
    "keywords": ["fashion", "dark", "blog", "multipurpose"],
    "categories": ["blog"],
    "template_url": {
      "content": "https://gitlab.com/aemov/keon-toolset-demos/-/raw/master/bosa/demos/blog/blog03/content.json",
      "options": "https://gitlab.com/aemov/keon-toolset-demos/-/raw/master/bosa/demos/blog/blog03/options.json",
      "widgets": "https://gitlab.com/aemov/keon-toolset-demos/-/raw/master/bosa/demos/blog/blog03/widgets.json"
    },
    "screenshot_url": "https://gitlab.com/aemov/keon-toolset-demos/-/raw/master/bosa/screenshots/bosa-blog-03-250-300.jpg",
    "demo_url": "https://demo.bosathemes.com/bosa/fashion-blog/",
    "plugins": [
      {
        "name": "Contact Form 7",
        "slug": "contact-form-7",
        "main_file": "wp-contact-form-7.php"
      },
      {
        "name": "WooCommerce",
        "slug": "woocommerce"
      }
    ]
  },
  {
    "title": "Lifestyle Blog",
    "is_pro": false,
    "type": "gutenberg",
    "author": "Bosa Themes",
    "keywords": ["lifestyle", "blog", "multipurpose"],
    "categories": ["blog"],
    "template_url": {
      "content": "https://gitlab.com/aemov/keon-toolset-demos/-/raw/master/bosa/demos/blog/blog01/content.json",
      "options": "https://gitlab.com/aemov/keon-toolset-demos/-/raw/master/bosa/demos/blog/blog01/options.json",
      "widgets": "https://gitlab.com/aemov/keon-toolset-demos/-/raw/master/bosa/demos/blog/blog01/widgets.json"
    },
    "screenshot_url": "https://gitlab.com/aemov/keon-toolset-demos/-/raw/master/bosa/screenshots/bosa-blog-01-250-300.jpg",
    "demo_url": "https://demo.bosathemes.com/bosa/lifestyle-blog/",
    "plugins": [
      {
        "name": "Contact Form 7",
        "slug": "contact-form-7",
        "main_file": "wp-contact-form-7.php"
      },
      {
        "name": "WooCommerce",
        "slug": "woocommerce"
      }
    ]
  },
  {
    "title": "App",
    "is_pro": false,
    "type": "elementor",
    "author": "Bosa Themes",
    "keywords": ["app", "multipurpose"],
    "categories": ["business"],
    "template_url": {
      "content": "https://gitlab.com/aemov/keon-toolset-demos/-/raw/master/bosa/demos/app/content.json",
      "options": "https://gitlab.com/aemov/keon-toolset-demos/-/raw/master/bosa/demos/app/options.json",
      "widgets": "https://gitlab.com/aemov/keon-toolset-demos/-/raw/master/bosa/demos/app/widgets.json"
    },
    "screenshot_url": "https://gitlab.com/aemov/keon-toolset-demos/-/raw/master/bosa/screenshots/bosa-app-250-300.jpg",
    "demo_url": "https://demo.bosathemes.com/bosa/app/",
    "plugins": [
      {
        "name": "Contact Form 7",
        "slug": "contact-form-7",
        "main_file": "wp-contact-form-7.php"
      },
      {
        "name": "Sina Extension for Elementor",
        "slug": "sina-extension-for-elementor"
      },
      {
        "name": "WooCommerce",
        "slug": "woocommerce"
      }
    ]
  },
  {
    "title": "Insurance",
    "is_pro": false,
    "type": "elementor",
    "author": "Bosa Themes",
    "keywords": ["insurance", "multipurpose"],
    "categories": ["business"],
    "template_url": {
      "content": "https://gitlab.com/aemov/keon-toolset-demos/-/raw/master/bosa/demos/insurance/content.json",
      "options": "https://gitlab.com/aemov/keon-toolset-demos/-/raw/master/bosa/demos/insurance/options.json",
      "widgets": "https://gitlab.com/aemov/keon-toolset-demos/-/raw/master/bosa/demos/insurance/widgets.json"
    },
    "screenshot_url": "https://gitlab.com/aemov/keon-toolset-demos/-/raw/master/bosa/screenshots/bosa-insurance-250-300.jpg",
    "demo_url": "https://demo.bosathemes.com/bosa/insurance/",
    "plugins": [
      {
        "name": "Contact Form 7",
        "slug": "contact-form-7",
        "main_file": "wp-contact-form-7.php"
      },
      {
        "name": "Sina Extension for Elementor",
        "slug": "sina-extension-for-elementor"
      },
      {
        "name": "WooCommerce",
        "slug": "woocommerce"
      }
    ]
  },
  {
    "title": "Marketing",
    "is_pro": false,
    "type": "elementor",
    "author": "Bosa Themes",
    "keywords": ["marketing", "multipurpose"],
    "categories": ["business"],
    "template_url": {
      "content": "https://gitlab.com/aemov/keon-toolset-demos/-/raw/master/bosa/demos/marketing/content.json",
      "options": "https://gitlab.com/aemov/keon-toolset-demos/-/raw/master/bosa/demos/marketing/options.json",
      "widgets": "https://gitlab.com/aemov/keon-toolset-demos/-/raw/master/bosa/demos/marketing/widgets.json"
    },
    "screenshot_url": "https://gitlab.com/aemov/keon-toolset-demos/-/raw/master/bosa/screenshots/bosa-marketing-250-300.jpg",
    "demo_url": "https://demo.bosathemes.com/bosa/marketing/",
    "plugins": [
      {
        "name": "Contact Form 7",
        "slug": "contact-form-7",
        "main_file": "wp-contact-form-7.php"
      },
      {
        "name": "Sina Extension for Elementor",
        "slug": "sina-extension-for-elementor"
      },
      {
        "name": "WooCommerce",
        "slug": "woocommerce"
      }
    ]
  },
  {
    "title": "Coming Soon",
    "is_pro": false,
    "pro_url": "https://bosathemes.com/bosa-pro/",
    "type": "gutenberg",
    "author": "Bosa Themes",
    "keywords": ["coming","soon", "coming soon", "multipurpose"],
    "categories": ["others"],
    "template_url": {
      "content": "https://gitlab.com/aemov/keon-toolset-demos/-/raw/master/bosa/demos/coming-soon/content.json",
      "options": "https://gitlab.com/aemov/keon-toolset-demos/-/raw/master/bosa/demos/coming-soon/options.json",
      "widgets": "https://gitlab.com/aemov/keon-toolset-demos/-/raw/master/bosa/demos/coming-soon/widgets.json"
    },
    "screenshot_url": "https://gitlab.com/aemov/keon-toolset-demos/-/raw/master/bosa/screenshots/bosa-coming-soon-250-300.jpg",
    "demo_url": "https://demo.bosathemes.com/bosa/coming-soon/"
  }
]
