{"menu":{"menu-2":6,"menu-1":5},"options":{"blogname":"Bosa Charity","blogname-child":"Bosa Charity","blogdescription":"Bosa is the perfect theme for your Business","blogdescription-child":"Bosa is the perfect theme for your Business","posts_per_page":"10","posts_per_page-child":"10","date_format":"F j, Y","date_format-child":"F j, Y","time_format":"g:i a","time_format-child":"g:i a","show_on_front":"page","show_on_front-child":"page","thumbnail_size_w":"150","thumbnail_size_w-child":"150","thumbnail_size_h":"150","thumbnail_size_h-child":"150","thumbnail_crop":"1","thumbnail_crop-child":"1","medium_size_w":"300","medium_size_w-child":"300","medium_size_h":"300","medium_size_h-child":"300","avatar_default":"mystery","avatar_default-child":"mystery","large_size_w":"1024","large_size_w-child":"1024","large_size_h":"1024","large_size_h-child":"1024","page_for_posts":"127","page_for_posts-child":"127","page_on_front":"34","page_on_front-child":"34","medium_large_size_w":"768","medium_large_size_w-child":"768","medium_large_size_h":"0","medium_large_size_h-child":"0","theme_mods_bosa-pro":{"0":false,"custom_css_post_id":7,"header_layout":"header_ten","header_image_slider":[{"slider_item":60}],"social_media_links":[{"icon":"fab fa-facebook","link":"#","target":true},{"icon":"fab fa-twitter","link":"#","target":true},{"icon":"fab fa-google","link":"#","target":true},{"icon":"fab fa-instagram","link":"#","target":true},{"icon":"fab fa-pinterest","link":"#","target":true}],"main_banner_buttons":[{"text":"Button Text","link":"#","type":"button-outline"}],"coming_maintenance_buttons":[{"maintenance_btn_type":"button-outline","maintenance_btn_bg_color":"#f15b43","maintenance_btn_border_color":"#ffffff","maintenance_btn_text_color":"#ffffff","maintenance_btn_hover_color":"#65c9bb","maintenance_btn_text":"Button Text","maintenance_btn_link":"#","maintenance_btn_target":true,"maintenance_btn_radius":0}],"coming_maintenance_image_slider":[],"header_image_height":"80","disable_header_button":false,"top_header_background_color":"rgba(255,255,255,0)","top_header_text_color":"#878787","disable_hamburger_menu_icon":true,"bottom_header_background_color":"rgba(101,201,187,0)","site_title_color":"#000000","site_tagline_color":"#383838","bottom_header_text_color":"#313131","header_button_type":"button-outline","header_button_text":"Donate","header_button_border_radius":"50","top_footer_background_color":"rgba(43,53,57,0.9)","top_footer_widget_title_color":"#f2f2f2","top_footer_widget_columns":"three_columns","top_footer_widget_link_color":"#f9f9f9","top_footer_widget_link_hover_color":"#f15b43","top_footer_widget_content_color":"#e8e8e8","bottom_footer_background_color":"rgba(43,53,57,0.96)","bottom_footer_text_color":"#cccccc","bottom_footer_text_link_color":"#ffffff","bottom_footer_text_link_hover_color":"#f15b43","footer_layout":"footer_five","bottom_header_text_link_hover_color":"#f15b43","logo_width":"165","site_primary_color":"#f15b43","site_hover_color":"#364f7c","advanced_import_setup_complete":1601636665,"header_button_text_color":"#eaeaea","disable_site_title":true,"disable_site_tagline":true,"main_slider_height":"600","slider_category":"7","main_slider_content_alignment":"left","site_title_font_control":{"font-family":"Merriweather","variant":"700","font-size":"26px","text-transform":"none","font-backup":"","font-weight":700,"font-style":"normal"},"blog_page_title_font_control":{"font-family":"Merriweather","variant":"700","font-size":"19px","text-transform":"none","font-backup":"","font-weight":700,"font-style":"normal"},"main_slider_button_border_radius":"50","site_description_font_control":{"font-family":"Montserrat","variant":"regular","font-size":"14px","text-transform":"none","font-backup":"","font-weight":400,"font-style":"normal"},"main_menu_font_control":{"font-family":"Merriweather","font-size":"15px","text-transform":"none","variant":"700","line-height":"1.5","font-backup":"","font-weight":700,"font-style":"normal"},"body_font_control":{"font-family":"Montserrat","variant":"regular","font-size":"15px","font-backup":"","font-weight":400,"font-style":"normal"},"general_title_font_control":{"font-family":"Merriweather","text-transform":"none","font-backup":"","variant":"regular","font-weight":400,"font-style":"normal"},"page_title_font_control":{"font-family":"Merriweather","variant":"700","font-size":"48px","text-transform":"none","font-backup":"","font-weight":700,"font-style":"normal"},"section_title_font_control":{"font-family":"Merriweather","variant":"700","font-size":"24px","text-transform":"none","font-backup":"","font-weight":700,"font-style":"normal"},"highlight_posts_posts_number":"4","highlight_posts_height":"270","background_image":"","background_preset":"repeat","background_size":"auto","background_repeat":"repeat","background_attachment":"scroll","site_layout":"compact","slider_width_controls":"full","header_button_background_color":"#546889","header_button_link":"#","disable_site_layout_shadow":false,"preloader_animation":"animation_five","header_button_repeater":[{"header_btn_type":"button-primary","header_btn_bg_color":"#65c9bb","header_btn_border_color":"#1a1a1a","header_btn_text_color":"#ffffff","header_btn_hover_color":"#f15b43","header_btn_text":"donate now","header_btn_link":"#","header_btn_target":true,"header_btn_radius":"30"}],"footer_widget_layout":"footer_widget_layout_seven","footer_text":"Copyright \u00a9 2021<a href=\"https:\/\/demo.bosathemes.com\/bosa\/charity\" title=\"Bosa Charity \"> Bosa Charity<\/a> .  Theme: <a href=\"https:\/\/bosathemes.com\/\" target=\"_blank\" title=\"Bosa\" rel=\"author\">Bosa<\/a> By KeonThemes.","notification_bar_title":"Help Poor , Support poor! Your one help can make difference.","notification_bar_button_background_color":"#f15b43","notification_bar_button_text":"Donate Now","notification_bar_button_border_radius":"0","disable_notification_bar":true,"disable_header_below_border":true,"main_slider_layout":"main_slider_one","slider_posts_number":"6","archive_post_layout":"list-zigzag","top_header_text_link_hover_color":"#f15b43","main_slider_font_control":{"font-family":"Merriweather","variant":"700","font-size":"40px","text-transform":"uppercase","line-height":"1.4","font-backup":"","font-weight":700,"font-style":"normal"},"highlight_posts_font_control":{"font-family":"Merriweather","variant":"700","font-size":"18px","text-transform":"uppercase","line-height":"1.4","font-backup":"","font-weight":700,"font-style":"normal"},"blog_post_title_font_control":{"font-family":"Merriweather","variant":"700","font-size":"22px","text-transform":"none","line-height":"1.4","font-backup":"","font-weight":700,"font-style":"normal"},"disable_highlight_posts_section":false,"disable_feature_posts_section":false,"disable_feature_posts_section_title":false,"sidebar_widget_title_font_control":{"font-family":"Merriweather","variant":"700","font-size":"15px","text-transform":"uppercase","line-height":"1.4","font-backup":"","font-weight":700,"font-style":"normal"},"footer_widget_title_font_control":{"font-family":"Merriweather","variant":"700","font-size":"18px","text-transform":"none","line-height":"1.4","font-backup":"","font-weight":700,"font-style":"normal"},"footer_style_font_control":{"font-family":"Merriweather","variant":"700","font-size":"14px","text-transform":"none","line-height":"1.6","font-backup":"","font-weight":700,"font-style":"normal"},"highlight_posts_title_font_control":{"font-family":"Merriweather","variant":"700","font-size":"18px","text-transform":"none","line-height":"1.4","font-backup":"","font-weight":700,"font-style":"normal"},"feature_posts_font_control":{"font-family":"Merriweather","variant":"700","font-size":"18px","text-transform":"uppercase","line-height":"1.4","font-backup":"","font-weight":700,"font-style":"normal"},"feature_posts_height":"250","transparent_header_button_repeater":[{"transparent_header_btn_type":"button-outline","transparent_header_home_btn_bg_color":"#eb5a3e","transparent_header_home_btn_border_color":"#ffffff","transparent_header_home_btn_text_color":"#ffffff","transparent_header_btn_bg_color":"#eb5a3e","transparent_header_btn_border_color":"#1a1a1a","transparent_header_btn_text_color":"#1a1a1a","transparent_header_btn_hover_color":"#086abd","transparent_header_btn_text":"Get a Quote","transparent_header_btn_link":"#","transparent_header_btn_target":true,"transparent_header_btn_radius":0}],"notification_button_repeater":[{"noti_btn_type":"button-outline","noti_btn_bg_color":"#65c9bb","noti_btn_border_color":"#ffffff","noti_btn_text_color":"#ffffff","noti_btn_hover_color":"#f15b43","noti_btn_text":"View More","noti_btn_link":"#","noti_btn_target":true,"noti_btn_radius":"30"}],"footer_widget_area_top_padding":"80","main_slider_button_repeater":[{"slider_btn_type":"button-primary","slider_btn_bg_color":"#f15b43","slider_btn_border_color":"#ffffff","slider_btn_text_color":"#ffffff","slider_btn_hover_color":"#65c9bb","slider_btn_text":"Learn More","slider_btn_radius":"30"}],"main_banner_buttons_repeater":[{"banner_btn_type":"button-primary","banner_btn_bg_color":"#f15b43","banner_btn_border_color":"#ffffff","banner_btn_text_color":"#ffffff","banner_btn_hover_color":"#65c9bb","banner_btn_text":"Learn More","banner_btn_link":"#","banner_btn_target":true,"banner_btn_radius":"27"}],"blog_page_button_repeater":[{"blog_btn_type":"button-primary","blog_btn_bg_color":"#f15b43","blog_btn_border_color":"#1a1a1a","blog_btn_text_color":"#ffffff","blog_btn_hover_color":"#65c9bb","blog_btn_text":"View More","blog_btn_radius":"30"}],"separate_hover_color_for_main_slider":"#65c9bb","main_slider_cat_font_control":{"font-family":"Montserrat","variant":"regular","font-size":"15px","text-transform":"uppercase","line-height":"1.6","font-backup":"","font-weight":400,"font-style":"normal"},"main_slider_title_font_control":{"font-family":"Merriweather","variant":"900","font-size":"50px","text-transform":"uppercase","line-height":"1.4","font-backup":"","font-weight":900,"font-style":"normal"},"main_slider_meta_font_control":{"font-family":"Montserrat","variant":"regular","font-size":"13px","text-transform":"capitalize","line-height":"1.6","font-backup":"","font-weight":400,"font-style":"normal"},"main_slider_excerpt_font_control":{"font-family":"Montserrat","variant":"regular","font-size":"16px","text-transform":"initial","line-height":"1.8","font-backup":"","font-weight":400,"font-style":"normal"},"main_slider_button_font_control":{"font-family":"Montserrat","variant":"600","font-size":"15px","text-transform":"capitalize","line-height":"1.7","font-backup":"","font-weight":600,"font-style":"normal"},"notification_bar_background_color":"#34b3aa","custom_logo":344,"footer_image":88,"social_icons_size":"20","contact_phone":"+ 1987 123456","contact_email":"yourmail@email.com","contact_address":"Rock Street, San Francisco","feature_posts_posts_number":"3","header_buttons_font_control":{"font-family":"Montserrat","variant":"600","font-size":"14px","text-transform":"capitalize","line-height":"1.5","font-backup":"","font-weight":600,"font-style":"normal"},"top_hover_color_transparent_header":"#edb8b0","disable_sticky_sidebar":false,"notification_bar_buttons_font_control":{"font-family":"Open Sans","variant":"regular","font-size":"13px","text-transform":"capitalize","line-height":"1","font-backup":"","font-weight":400,"font-style":"normal"},"main_slider_controls":"slider","blog_post_category_color":"#f15b43","hide_post_button":true,"preloader_custom_image_width":"40","feature_posts_section_title_font_control":{"font-family":"Merriweather","variant":"700","font-size":"24px","text-transform":"none","line-height":"1.2","font-backup":"","font-weight":700,"font-style":"normal"},"featured_post_hover_color":"#65c9bb","feature_posts_text_alignment":"text-center","feature_posts_title_alignment":"align-center","featured_posts_cat_font_control":{"font-family":"Poppins","variant":"regular","font-size":"13px","text-transform":"capitalize","line-height":"1","font-backup":"","font-weight":400,"font-style":"normal"},"highlight_posts_section_title_font_control":{"font-family":"Merriweather","variant":"700","font-size":"24px","text-transform":"none","line-height":"1.2","font-backup":"","font-weight":700,"font-style":"normal"},"highlight_post_category_bgcolor":"#f15b43","highlight_post_hover_color":"#364f7c"},"theme_mods_bosa-pro-child":{"0":false,"custom_css_post_id":7,"header_layout":"header_ten","header_image_slider":[{"slider_item":60}],"social_media_links":[{"icon":"fab fa-facebook","link":"#","target":true},{"icon":"fab fa-twitter","link":"#","target":true},{"icon":"fab fa-google","link":"#","target":true},{"icon":"fab fa-instagram","link":"#","target":true},{"icon":"fab fa-pinterest","link":"#","target":true}],"main_banner_buttons":[{"text":"Button Text","link":"#","type":"button-outline"}],"coming_maintenance_buttons":[{"maintenance_btn_type":"button-outline","maintenance_btn_bg_color":"#f15b43","maintenance_btn_border_color":"#ffffff","maintenance_btn_text_color":"#ffffff","maintenance_btn_hover_color":"#65c9bb","maintenance_btn_text":"Button Text","maintenance_btn_link":"#","maintenance_btn_target":true,"maintenance_btn_radius":0}],"coming_maintenance_image_slider":[],"header_image_height":"80","disable_header_button":false,"top_header_background_color":"rgba(255,255,255,0)","top_header_text_color":"#878787","disable_hamburger_menu_icon":true,"bottom_header_background_color":"rgba(101,201,187,0)","site_title_color":"#000000","site_tagline_color":"#383838","bottom_header_text_color":"#313131","header_button_type":"button-outline","header_button_text":"Donate","header_button_border_radius":"50","top_footer_background_color":"rgba(43,53,57,0.9)","top_footer_widget_title_color":"#f2f2f2","top_footer_widget_columns":"three_columns","top_footer_widget_link_color":"#f9f9f9","top_footer_widget_link_hover_color":"#f15b43","top_footer_widget_content_color":"#e8e8e8","bottom_footer_background_color":"rgba(43,53,57,0.96)","bottom_footer_text_color":"#cccccc","bottom_footer_text_link_color":"#ffffff","bottom_footer_text_link_hover_color":"#f15b43","footer_layout":"footer_five","bottom_header_text_link_hover_color":"#f15b43","logo_width":"165","site_primary_color":"#f15b43","site_hover_color":"#364f7c","nav_menu_locations":{"menu-2":6,"menu-1":5},"advanced_import_setup_complete":1601636665,"header_button_text_color":"#eaeaea","disable_site_title":true,"disable_site_tagline":true,"main_slider_height":"600","slider_category":"7","main_slider_content_alignment":"left","site_title_font_control":{"font-family":"Merriweather","variant":"700","font-size":"26px","text-transform":"none","font-backup":"","font-weight":700,"font-style":"normal"},"blog_page_title_font_control":{"font-family":"Merriweather","variant":"700","font-size":"19px","text-transform":"none","font-backup":"","font-weight":700,"font-style":"normal"},"main_slider_button_border_radius":"50","site_description_font_control":{"font-family":"Montserrat","variant":"regular","font-size":"14px","text-transform":"none","font-backup":"","font-weight":400,"font-style":"normal"},"main_menu_font_control":{"font-family":"Merriweather","font-size":"15px","text-transform":"none","variant":"700","line-height":"1.5","font-backup":"","font-weight":700,"font-style":"normal"},"body_font_control":{"font-family":"Montserrat","variant":"regular","font-size":"15px","font-backup":"","font-weight":400,"font-style":"normal"},"general_title_font_control":{"font-family":"Merriweather","text-transform":"none","font-backup":"","variant":"regular","font-weight":400,"font-style":"normal"},"page_title_font_control":{"font-family":"Merriweather","variant":"700","font-size":"48px","text-transform":"none","font-backup":"","font-weight":700,"font-style":"normal"},"section_title_font_control":{"font-family":"Merriweather","variant":"700","font-size":"24px","text-transform":"none","font-backup":"","font-weight":700,"font-style":"normal"},"highlight_posts_posts_number":"4","highlight_posts_height":"270","background_image":"","background_preset":"repeat","background_size":"auto","background_repeat":"repeat","background_attachment":"scroll","site_layout":"compact","slider_width_controls":"full","header_button_background_color":"#546889","header_button_link":"#","disable_site_layout_shadow":false,"preloader_animation":"animation_five","header_button_repeater":[{"header_btn_type":"button-primary","header_btn_bg_color":"#65c9bb","header_btn_border_color":"#1a1a1a","header_btn_text_color":"#ffffff","header_btn_hover_color":"#f15b43","header_btn_text":"donate now","header_btn_link":"#","header_btn_target":true,"header_btn_radius":"30"}],"footer_widget_layout":"footer_widget_layout_seven","footer_text":"Copyright \u00a9 2021<a href=\"https:\/\/demo.bosathemes.com\/bosa\/charity\" title=\"Bosa Charity \"> Bosa Charity<\/a> .  Theme: <a href=\"https:\/\/bosathemes.com\/\" target=\"_blank\" title=\"Bosa\" rel=\"author\">Bosa<\/a> By KeonThemes.","notification_bar_title":"Help Poor , Support poor! Your one help can make difference.","notification_bar_button_background_color":"#f15b43","notification_bar_button_text":"Donate Now","notification_bar_button_border_radius":"0","disable_notification_bar":true,"disable_header_below_border":true,"main_slider_layout":"main_slider_one","slider_posts_number":"6","archive_post_layout":"list-zigzag","top_header_text_link_hover_color":"#f15b43","main_slider_font_control":{"font-family":"Merriweather","variant":"700","font-size":"40px","text-transform":"uppercase","line-height":"1.4","font-backup":"","font-weight":700,"font-style":"normal"},"highlight_posts_font_control":{"font-family":"Merriweather","variant":"700","font-size":"18px","text-transform":"uppercase","line-height":"1.4","font-backup":"","font-weight":700,"font-style":"normal"},"blog_post_title_font_control":{"font-family":"Merriweather","variant":"700","font-size":"22px","text-transform":"none","line-height":"1.4","font-backup":"","font-weight":700,"font-style":"normal"},"disable_highlight_posts_section":false,"disable_feature_posts_section":false,"disable_feature_posts_section_title":false,"sidebar_widget_title_font_control":{"font-family":"Merriweather","variant":"700","font-size":"15px","text-transform":"uppercase","line-height":"1.4","font-backup":"","font-weight":700,"font-style":"normal"},"footer_widget_title_font_control":{"font-family":"Merriweather","variant":"700","font-size":"18px","text-transform":"none","line-height":"1.4","font-backup":"","font-weight":700,"font-style":"normal"},"footer_style_font_control":{"font-family":"Merriweather","variant":"700","font-size":"14px","text-transform":"none","line-height":"1.6","font-backup":"","font-weight":700,"font-style":"normal"},"highlight_posts_title_font_control":{"font-family":"Merriweather","variant":"700","font-size":"18px","text-transform":"none","line-height":"1.4","font-backup":"","font-weight":700,"font-style":"normal"},"feature_posts_font_control":{"font-family":"Merriweather","variant":"700","font-size":"18px","text-transform":"uppercase","line-height":"1.4","font-backup":"","font-weight":700,"font-style":"normal"},"feature_posts_height":"250","transparent_header_button_repeater":[{"transparent_header_btn_type":"button-outline","transparent_header_home_btn_bg_color":"#eb5a3e","transparent_header_home_btn_border_color":"#ffffff","transparent_header_home_btn_text_color":"#ffffff","transparent_header_btn_bg_color":"#eb5a3e","transparent_header_btn_border_color":"#1a1a1a","transparent_header_btn_text_color":"#1a1a1a","transparent_header_btn_hover_color":"#086abd","transparent_header_btn_text":"Get a Quote","transparent_header_btn_link":"#","transparent_header_btn_target":true,"transparent_header_btn_radius":0}],"notification_button_repeater":[{"noti_btn_type":"button-outline","noti_btn_bg_color":"#65c9bb","noti_btn_border_color":"#ffffff","noti_btn_text_color":"#ffffff","noti_btn_hover_color":"#f15b43","noti_btn_text":"View More","noti_btn_link":"#","noti_btn_target":true,"noti_btn_radius":"30"}],"footer_widget_area_top_padding":"80","main_slider_button_repeater":[{"slider_btn_type":"button-primary","slider_btn_bg_color":"#f15b43","slider_btn_border_color":"#ffffff","slider_btn_text_color":"#ffffff","slider_btn_hover_color":"#65c9bb","slider_btn_text":"Learn More","slider_btn_radius":"30"}],"main_banner_buttons_repeater":[{"banner_btn_type":"button-primary","banner_btn_bg_color":"#f15b43","banner_btn_border_color":"#ffffff","banner_btn_text_color":"#ffffff","banner_btn_hover_color":"#65c9bb","banner_btn_text":"Learn More","banner_btn_link":"#","banner_btn_target":true,"banner_btn_radius":"27"}],"blog_page_button_repeater":[{"blog_btn_type":"button-primary","blog_btn_bg_color":"#f15b43","blog_btn_border_color":"#1a1a1a","blog_btn_text_color":"#ffffff","blog_btn_hover_color":"#65c9bb","blog_btn_text":"View More","blog_btn_radius":"30"}],"separate_hover_color_for_main_slider":"#65c9bb","main_slider_cat_font_control":{"font-family":"Montserrat","variant":"regular","font-size":"15px","text-transform":"uppercase","line-height":"1.6","font-backup":"","font-weight":400,"font-style":"normal"},"main_slider_title_font_control":{"font-family":"Merriweather","variant":"900","font-size":"50px","text-transform":"uppercase","line-height":"1.4","font-backup":"","font-weight":900,"font-style":"normal"},"main_slider_meta_font_control":{"font-family":"Montserrat","variant":"regular","font-size":"13px","text-transform":"capitalize","line-height":"1.6","font-backup":"","font-weight":400,"font-style":"normal"},"main_slider_excerpt_font_control":{"font-family":"Montserrat","variant":"regular","font-size":"16px","text-transform":"initial","line-height":"1.8","font-backup":"","font-weight":400,"font-style":"normal"},"main_slider_button_font_control":{"font-family":"Montserrat","variant":"600","font-size":"15px","text-transform":"capitalize","line-height":"1.7","font-backup":"","font-weight":600,"font-style":"normal"},"notification_bar_background_color":"#34b3aa","custom_logo":344,"footer_image":88,"social_icons_size":"20","contact_phone":"+ 1987 123456","contact_email":"yourmail@email.com","contact_address":"Rock Street, San Francisco","feature_posts_posts_number":"3","header_buttons_font_control":{"font-family":"Montserrat","variant":"600","font-size":"14px","text-transform":"capitalize","line-height":"1.5","font-backup":"","font-weight":600,"font-style":"normal"},"top_hover_color_transparent_header":"#edb8b0","disable_sticky_sidebar":false,"notification_bar_buttons_font_control":{"font-family":"Open Sans","variant":"regular","font-size":"13px","text-transform":"capitalize","line-height":"1","font-backup":"","font-weight":400,"font-style":"normal"},"main_slider_controls":"slider","blog_post_category_color":"#f15b43","hide_post_button":true,"preloader_custom_image_width":"40","feature_posts_section_title_font_control":{"font-family":"Merriweather","variant":"700","font-size":"24px","text-transform":"none","line-height":"1.2","font-backup":"","font-weight":700,"font-style":"normal"},"featured_post_hover_color":"#65c9bb","feature_posts_text_alignment":"text-center","feature_posts_title_alignment":"align-center","featured_posts_cat_font_control":{"font-family":"Poppins","variant":"regular","font-size":"13px","text-transform":"capitalize","line-height":"1","font-backup":"","font-weight":400,"font-style":"normal"},"highlight_posts_section_title_font_control":{"font-family":"Merriweather","variant":"700","font-size":"24px","text-transform":"none","line-height":"1.2","font-backup":"","font-weight":700,"font-style":"normal"},"highlight_post_category_bgcolor":"#f15b43","highlight_post_hover_color":"#364f7c"},"woocommerce_shop_page_id":"175","woocommerce_shop_page_id-child":"175"}}