{"widget_positions":{"wp_inactive_widgets":[],"menu-sidebar":["recent-posts-2"],"left-sidebar":["archives-2","categories-2","meta-2"],"right-sidebar":["text-4","bosa_pro_latest_post-3","categories-3","media_gallery-2"],"woocommerce-left-sidebar":[],"woocommerce-right-sidebar":["woocommerce_product_search-2","woocommerce_price_filter-2","woocommerce_products-2","media_gallery-3"],"footer-sidebar-1":["text-2"],"footer-sidebar-2":["bosa_pro_latest_post-2"],"footer-sidebar-3":["text-3"],"footer-sidebar-4":[],"array_version":3},"widget_options":{"recent-posts":{"2":{"title":"","number":5},"_multiwidget":1},"archives":{"2":{"title":"","count":0,"dropdown":0},"_multiwidget":1},"categories":{"2":{"title":"","count":0,"hierarchical":0,"dropdown":0},"3":{"title":"Categories","count":0,"hierarchical":0,"dropdown":0},"_multiwidget":1},"meta":{"2":{"title":""},"_multiwidget":1},"text":{"1":[],"2":{"title":"","text":"<img class=\"alignnone size-full wp-image-375\" src=\"https:\/\/demo.bosathemes.com\/bosa\/charity\/wp-content\/uploads\/sites\/13\/2021\/02\/bosa-charity-logo1.png\" alt=\"\" width=\"220\" height=\"66\" \/>\r\n\r\nVitae habitant, voluptatem malesuada etiam laudantium ante porta amet. Ipsam? Turpis voluptatum. Mus dolorem, hendrerit quod, ad odit, assumenda. Necessitatibus?\r\n<ul>\r\n \t<li>Laudantium hac torquent nostra tenetur labo riosam.<\/li>\r\n \t<li>Exercitationem imperdiet rem fugit incidunt labore semper.<\/li>\r\n \t<li>Rem viverra dui. Cursus natoque fusce, deserunt.<\/li>\r\n<\/ul>","filter":true,"visual":true},"3":{"title":"Follow us","text":"Address : 2976 Washington St San Francisco, CA 94115 United States\r\n\r\nNew york : <a href=\"#\">+ 1-677-124-44227<\/a>\r\nLondon : <a href=\"#\">+ 1-677-144-50227<\/a>\r\n\r\nMail : <a href=\"#\">yourname@gmail.com<\/a>","filter":true,"visual":true},"4":{"title":"About us","text":"Impedit nam officia, quibusdam vel, harum illum veritatis culpa. Nostrum quia sagittis suspendisse doloribus ipsum! Itaque, ipsum totam reiciendis platea excepturi tempor ac parturient excepteur.","filter":true,"visual":true},"_multiwidget":1},"bosa_pro_latest_post":{"2":{"title":"Recent posts","per_page":"2","show_date_comment":true,"layout":"left"},"3":{"title":"Latest Posts","per_page":"3","show_date_comment":true,"layout":"left"},"_multiwidget":1},"media_gallery":{"2":{"title":"Gallery","ids":[99,98,97,92,96,91],"columns":3,"size":"thumbnail","link_type":"post","orderby_random":false},"3":{"title":"Gallery","ids":[190,189,188,187,186,185],"columns":3,"size":"thumbnail","link_type":"post","orderby_random":false},"_multiwidget":1},"woocommerce_product_search":{"2":{"title":"Search product"},"_multiwidget":1},"woocommerce_price_filter":{"2":{"title":"Filter by price"},"_multiwidget":1},"woocommerce_products":{"2":{"title":"Products","number":4,"show":"","orderby":"date","order":"desc","hide_free":0,"show_hidden":0},"_multiwidget":1}}}