{"menu":{"menu-2":29,"menu-1":28},"options":{"blogname":"Bosa Photography","blogname-child":"Bosa Photography","blogdescription":"Bosa is the perfect theme for your Business","blogdescription-child":"Bosa is the perfect theme for your Business","posts_per_page":"10","posts_per_page-child":"10","date_format":"F j, Y","date_format-child":"F j, Y","time_format":"g:i a","time_format-child":"g:i a","show_on_front":"page","show_on_front-child":"page","thumbnail_size_w":"150","thumbnail_size_w-child":"150","thumbnail_size_h":"150","thumbnail_size_h-child":"150","thumbnail_crop":"1","thumbnail_crop-child":"1","medium_size_w":"300","medium_size_w-child":"300","medium_size_h":"300","medium_size_h-child":"300","avatar_default":"mystery","avatar_default-child":"mystery","large_size_w":"1024","large_size_w-child":"1024","large_size_h":"1024","large_size_h-child":"1024","page_for_posts":"91","page_for_posts-child":"91","page_on_front":"36","page_on_front-child":"36","medium_large_size_w":"768","medium_large_size_w-child":"768","medium_large_size_h":"0","medium_large_size_h-child":"0","theme_mods_bosa-pro":{"0":false,"custom_css_post_id":12,"header_layout":"header_two","header_image_slider":[],"social_media_links":[{"icon":"fab fa-facebook","link":"#","target":true},{"icon":"fab fa-instagram","link":"#","target":true},{"icon":"fab fa-twitter","link":"#","target":true},{"icon":"fab fa-google","link":"#","target":true},{"icon":"fab fa-pinterest","link":"#","target":true}],"main_banner_buttons":[{"text":"Button Text","link":"#","type":"button-outline"}],"coming_maintenance_buttons":[{"maintenance_btn_type":"button-primary","maintenance_btn_bg_color":"#458590","maintenance_btn_border_color":"#ffffff","maintenance_btn_text_color":"#ffffff","maintenance_btn_hover_color":"#1ca1b9","maintenance_btn_text":"learn more","maintenance_btn_link":"#","maintenance_btn_target":true,"maintenance_btn_radius":0}],"coming_maintenance_image_slider":[],"logo_width":"170","disable_notification_bar":true,"disable_site_tagline":true,"header_image_height":"80","header_button_text":"HIRE US","header_button_link":"#","header_button_type":"button-outline","header_button_border_radius":"0","blog_page_title_font_control":{"font-family":"Prata","variant":"regular","font-size":"21px","text-transform":"none","font-backup":"","font-weight":400,"font-style":"normal"},"main_menu_font_control":{"font-family":"Marcellus","font-size":"15px","text-transform":"uppercase","variant":"regular","line-height":"1.5","font-backup":"","font-weight":400,"font-style":"normal"},"body_font_control":{"font-family":"Raleway","variant":"regular","font-size":"15px","font-backup":"","font-weight":400,"font-style":"normal"},"header_button_repeater":[{"header_btn_type":""}],"notification_button_repeater":[{"noti_btn_type":"button-primary","noti_btn_bg_color":"#458590","noti_btn_border_color":"#ffffff","noti_btn_text_color":"#ffffff","noti_btn_hover_color":"#1ca1b9","noti_btn_text":"View More","noti_btn_link":"#","noti_btn_target":true,"noti_btn_radius":0}],"social_icons_size":"20","footer_layout":"footer_seven","bottom_footer_background_color":"rgba(25,53,58,0.5)","bottom_footer_text_color":"#cccccc","bottom_footer_text_link_color":"#ffffff","bottom_footer_text_link_hover_color":"#1ca1b9","footer_style_font_control":{"font-family":"Marcellus","variant":"regular","font-size":"15px","text-transform":"capitalize","line-height":"1.6","font-backup":"","font-weight":400,"font-style":"normal"},"bottom_footer_image":"http:\/\/localhost\/gutenbergdev\/wp-content\/uploads\/2020\/12\/bosa-agency-pro-logo.png","bottom_footer_image_link":"#","bottom_footer_image_width":"270","top_footer_background_color":"","top_footer_widget_title_color":"#f4f4f4","top_footer_widget_content_color":"#c9c9c9","footer_widget_title_font_control":{"font-family":"Marcellus","variant":"regular","font-size":"16px","text-transform":"uppercase","line-height":"1.4","font-backup":"","font-weight":400,"font-style":"normal"},"top_footer_widget_link_color":"#ffffff","top_footer_widget_link_hover_color":"#1ca1b9","footer_image":97,"footer_image_size":"cover","disable_footer_parallax_scrolling":true,"disable_footer_menu":false,"top_header_background_color":"#0d272d","site_hover_color":"#1ca1b9","section_title_font_control":{"font-family":"Marcellus","variant":"regular","font-size":"24px","text-transform":"capitalize","font-backup":"","font-weight":400,"font-style":"normal"},"bottom_header_text_link_hover_color":"#90dbe9","custom_logo":271,"disable_site_title":true,"advanced_import_setup_complete":1606991580,"footer_text":"Copyright \u00a9 2021<a href=\"https:\/\/demo.bosathemes.com\/bosa\/photography\" title=\"Bosa Photography \"> Bosa Photography<\/a> .  Theme: <a href=\"https:\/\/bosathemes.com\/\" target=\"_blank\" title=\"Bosa\" rel=\"author\">Bosa<\/a> By KeonThemes.","main_slider_height":"750","main_slider_font_control":{"font-family":"Marcellus","variant":"regular","font-size":"60px","text-transform":"uppercase","line-height":"1.2","font-backup":"","font-weight":400,"font-style":"normal"},"slider_button_text":"LEARN MORE","general_title_font_control":{"font-family":"Marcellus","variant":"regular","text-transform":"capitalize","font-backup":"","font-weight":400,"font-style":"normal"},"page_title_font_control":{"font-family":"Marcellus","variant":"regular","font-size":"38px","text-transform":"capitalize","font-backup":"","font-weight":400,"font-style":"normal"},"feature_posts_section_layouts":"feature_one","feature_posts_height":"450","feature_posts_posts_number":"3","feature_posts_font_control":{"font-family":"Marcellus","variant":"regular","font-size":"20px","text-transform":"uppercase","line-height":"1.4","font-backup":"","font-weight":400,"font-style":"normal"},"highlight_posts_section_layouts":"highlighted_one","highlight_posts_section_title":"You May Also Like","highlight_posts_section_title_desc_alignment":"left","highlight_posts_title_font_control":{"font-family":"Marcellus","variant":"regular","font-size":"20px","text-transform":"capitalize","line-height":"1.3","font-backup":"","font-weight":400,"font-style":"normal"},"archive_post_layout":"single","blog_post_category_color":"#458590","blog_post_title_font_control":{"font-family":"Marcellus","variant":"regular","font-size":"24px","text-transform":"none","line-height":"1.4","font-backup":"","font-weight":400,"font-style":"normal"},"post_excerpt_length":"25","sidebar_widget_title_font_control":{"font-family":"Marcellus","variant":"regular","font-size":"16px","text-transform":"uppercase","line-height":"1.4","font-backup":"","font-weight":400,"font-style":"normal"},"slider_image_overlay_opacity":"4","header_separate_logo":271,"site_primary_color":"#458590","skin_select":"dark","bottom_header_text_color":"#212121","blog_post_title_color":"#ffffff","blog_post_meta_color":"#dddddd","blog_post_text_color":"#c4c4c4","preloader_animation":"animation_nine","transparent_header_button_repeater":[{"transparent_header_btn_type":"button-primary","transparent_header_home_btn_bg_color":"#458590","transparent_header_home_btn_border_color":"#ffffff","transparent_header_home_btn_text_color":"#ffffff","transparent_header_btn_bg_color":"#458590","transparent_header_btn_border_color":"#1a1a1a","transparent_header_btn_text_color":"#ffffff","transparent_header_btn_hover_color":"#1ca1b9","transparent_header_btn_text":"Get a Quote","transparent_header_btn_link":"#","transparent_header_btn_target":true,"transparent_header_btn_radius":0}],"footer_widget_area_top_padding":"60","main_slider_button_repeater":[{"slider_btn_type":"button-outline","slider_btn_bg_color":"#458590","slider_btn_border_color":"#ffffff","slider_btn_text_color":"#ffffff","slider_btn_hover_color":"#1ca1b9","slider_btn_text":"Learn More","slider_btn_radius":0}],"main_banner_buttons_repeater":[{"banner_btn_type":"button-outline","banner_btn_bg_color":"#458590","banner_btn_border_color":"#ffffff","banner_btn_text_color":"#ffffff","banner_btn_hover_color":"#1ca1b9","banner_btn_text":"Learn More","banner_btn_link":"#","banner_btn_target":true,"banner_btn_radius":0}],"blog_page_button_repeater":[{"blog_btn_type":"button-primary","blog_btn_bg_color":"#0e262b","blog_btn_border_color":"#1a1a1a","blog_btn_text_color":"#ffffff","blog_btn_hover_color":"#1ca1b9","blog_btn_text":"View More","blog_btn_radius":0}],"disable_hamburger_menu_icon":true,"disable_top_header_border":true,"transparent_header_top_background_color":"#0d272d","transparent_header_top_header_color":"#ececec","content_hover_color_transparent_header":"#90dbe9","top_hover_color_transparent_header":"#90dbe9","top_header_text_link_hover_color":"#90dbe9","disable_header_button":true,"top_header_text_color":"#ececec","main_slider_cat_font_control":{"font-family":"Overpass","variant":"regular","font-size":"15px","text-transform":"uppercase","line-height":"1.6","font-backup":"","font-weight":400,"font-style":"normal"},"main_slider_title_font_control":{"font-family":"Marcellus","variant":"regular","font-size":"55px","text-transform":"uppercase","line-height":"1.4","font-backup":"","font-weight":400,"font-style":"normal"},"main_slider_meta_font_control":{"font-family":"Raleway","variant":"regular","font-size":"14px","text-transform":"capitalize","line-height":"1.6","font-backup":"","font-weight":400,"font-style":"normal"},"main_slider_excerpt_font_control":{"font-family":"Raleway","variant":"regular","font-size":"17px","text-transform":"initial","line-height":"1.8","font-backup":"","font-weight":400,"font-style":"normal"},"main_slider_button_font_control":{"font-family":"Marcellus","variant":"regular","font-size":"16px","text-transform":"uppercase","line-height":"1.8","font-backup":"","font-weight":400,"font-style":"normal"},"disable_highlight_posts_section":false,"highlight_posts_cat_font_control":{"font-family":"Overpass","variant":"regular","font-size":"12px","text-transform":"capitalize","line-height":"1","font-backup":"","font-weight":400,"font-style":"normal"},"blog_post_cat_font_control":{"font-family":"Overpass","variant":"regular","font-size":"13px","text-transform":"uppercase","line-height":"1.6","font-backup":"","font-weight":400,"font-style":"normal"},"blog_post_meta_font_control":{"font-family":"Raleway","variant":"regular","font-size":"13px","text-transform":"capitalize","line-height":"1.6","font-backup":"","font-weight":400,"font-style":"normal"},"blog_post_excerpt_font_control":{"font-family":"Raleway","variant":"regular","font-size":"15px","text-transform":"initial","line-height":"1.8","font-backup":"","font-weight":400,"font-style":"normal"},"hide_post_button":false,"blog_post_button_font_control":{"font-family":"Marcellus","variant":"regular","font-size":"14px","text-transform":"uppercase","line-height":"2.2","font-backup":"","font-weight":400,"font-style":"normal"},"disable_footer_widget_title_border":true,"header_textcolor":"#f2f2f2","site_body_text_color":"#a5a5a5","disable_mobile_search_icon":true,"contact_address":"Rock Street, San Francisco","contact_email":"yourmail@email.com","contact_phone":"+ 1987 123456","separate_hover_color_for_main_slider":"#1ca1b9","disable_sticky_sidebar":false,"sub_menu_link_hover_color":"#90dbe9","notification_bar_background_color":"#458590","main_slider_controls":"slider","disable_banner_title":false,"preloader_custom_image_width":"40","featured_post_category_bgcolor":"#458590","featured_post_hover_color":"#1ca1b9","highlight_posts_section_title_font_control":{"font-family":"Marcellus","variant":"regular","font-size":"30px","text-transform":"none","line-height":"1.2","font-backup":"","font-weight":400,"font-style":"normal"},"highlight_post_title_color":"#ffffff","highlight_post_category_bgcolor":"#458590","highlight_post_hover_color":"#1ca1b9"},"theme_mods_bosa-pro-child":{"0":false,"custom_css_post_id":12,"header_layout":"header_two","header_image_slider":[],"social_media_links":[{"icon":"fab fa-facebook","link":"#","target":true},{"icon":"fab fa-instagram","link":"#","target":true},{"icon":"fab fa-twitter","link":"#","target":true},{"icon":"fab fa-google","link":"#","target":true},{"icon":"fab fa-pinterest","link":"#","target":true}],"main_banner_buttons":[{"text":"Button Text","link":"#","type":"button-outline"}],"coming_maintenance_buttons":[{"maintenance_btn_type":"button-primary","maintenance_btn_bg_color":"#458590","maintenance_btn_border_color":"#ffffff","maintenance_btn_text_color":"#ffffff","maintenance_btn_hover_color":"#1ca1b9","maintenance_btn_text":"learn more","maintenance_btn_link":"#","maintenance_btn_target":true,"maintenance_btn_radius":0}],"coming_maintenance_image_slider":[],"logo_width":"170","disable_notification_bar":true,"disable_site_tagline":true,"header_image_height":"80","header_button_text":"HIRE US","header_button_link":"#","header_button_type":"button-outline","header_button_border_radius":"0","blog_page_title_font_control":{"font-family":"Prata","variant":"regular","font-size":"21px","text-transform":"none","font-backup":"","font-weight":400,"font-style":"normal"},"main_menu_font_control":{"font-family":"Marcellus","font-size":"15px","text-transform":"uppercase","variant":"regular","line-height":"1.5","font-backup":"","font-weight":400,"font-style":"normal"},"body_font_control":{"font-family":"Raleway","variant":"regular","font-size":"15px","font-backup":"","font-weight":400,"font-style":"normal"},"header_button_repeater":[{"header_btn_type":""}],"notification_button_repeater":[{"noti_btn_type":"button-primary","noti_btn_bg_color":"#458590","noti_btn_border_color":"#ffffff","noti_btn_text_color":"#ffffff","noti_btn_hover_color":"#1ca1b9","noti_btn_text":"View More","noti_btn_link":"#","noti_btn_target":true,"noti_btn_radius":0}],"social_icons_size":"20","footer_layout":"footer_seven","bottom_footer_background_color":"rgba(25,53,58,0.5)","bottom_footer_text_color":"#cccccc","bottom_footer_text_link_color":"#ffffff","bottom_footer_text_link_hover_color":"#1ca1b9","footer_style_font_control":{"font-family":"Marcellus","variant":"regular","font-size":"15px","text-transform":"capitalize","line-height":"1.6","font-backup":"","font-weight":400,"font-style":"normal"},"bottom_footer_image":"http:\/\/localhost\/gutenbergdev\/wp-content\/uploads\/2020\/12\/bosa-agency-pro-logo.png","bottom_footer_image_link":"#","bottom_footer_image_width":"270","top_footer_background_color":"","top_footer_widget_title_color":"#f4f4f4","top_footer_widget_content_color":"#c9c9c9","footer_widget_title_font_control":{"font-family":"Marcellus","variant":"regular","font-size":"16px","text-transform":"uppercase","line-height":"1.4","font-backup":"","font-weight":400,"font-style":"normal"},"top_footer_widget_link_color":"#ffffff","top_footer_widget_link_hover_color":"#1ca1b9","footer_image":97,"footer_image_size":"cover","disable_footer_parallax_scrolling":true,"disable_footer_menu":false,"top_header_background_color":"#0d272d","site_hover_color":"#1ca1b9","section_title_font_control":{"font-family":"Marcellus","variant":"regular","font-size":"24px","text-transform":"capitalize","font-backup":"","font-weight":400,"font-style":"normal"},"bottom_header_text_link_hover_color":"#90dbe9","custom_logo":271,"disable_site_title":true,"nav_menu_locations":{"menu-2":29,"menu-1":28},"advanced_import_setup_complete":1606991580,"footer_text":"Copyright \u00a9 2021<a href=\"https:\/\/demo.bosathemes.com\/bosa\/photography\" title=\"Bosa Photography \"> Bosa Photography<\/a> .  Theme: <a href=\"https:\/\/bosathemes.com\/\" target=\"_blank\" title=\"Bosa\" rel=\"author\">Bosa<\/a> By KeonThemes.","main_slider_height":"750","main_slider_font_control":{"font-family":"Marcellus","variant":"regular","font-size":"60px","text-transform":"uppercase","line-height":"1.2","font-backup":"","font-weight":400,"font-style":"normal"},"slider_button_text":"LEARN MORE","general_title_font_control":{"font-family":"Marcellus","variant":"regular","text-transform":"capitalize","font-backup":"","font-weight":400,"font-style":"normal"},"page_title_font_control":{"font-family":"Marcellus","variant":"regular","font-size":"38px","text-transform":"capitalize","font-backup":"","font-weight":400,"font-style":"normal"},"feature_posts_section_layouts":"feature_one","feature_posts_height":"450","feature_posts_posts_number":"3","feature_posts_font_control":{"font-family":"Marcellus","variant":"regular","font-size":"20px","text-transform":"uppercase","line-height":"1.4","font-backup":"","font-weight":400,"font-style":"normal"},"highlight_posts_section_layouts":"highlighted_one","highlight_posts_section_title":"You May Also Like","highlight_posts_section_title_desc_alignment":"left","highlight_posts_title_font_control":{"font-family":"Marcellus","variant":"regular","font-size":"20px","text-transform":"capitalize","line-height":"1.3","font-backup":"","font-weight":400,"font-style":"normal"},"archive_post_layout":"single","blog_post_category_color":"#458590","blog_post_title_font_control":{"font-family":"Marcellus","variant":"regular","font-size":"24px","text-transform":"none","line-height":"1.4","font-backup":"","font-weight":400,"font-style":"normal"},"post_excerpt_length":"25","sidebar_widget_title_font_control":{"font-family":"Marcellus","variant":"regular","font-size":"16px","text-transform":"uppercase","line-height":"1.4","font-backup":"","font-weight":400,"font-style":"normal"},"slider_image_overlay_opacity":"4","header_separate_logo":271,"site_primary_color":"#458590","skin_select":"dark","bottom_header_text_color":"#212121","blog_post_title_color":"#ffffff","blog_post_meta_color":"#dddddd","blog_post_text_color":"#c4c4c4","preloader_animation":"animation_nine","transparent_header_button_repeater":[{"transparent_header_btn_type":"button-primary","transparent_header_home_btn_bg_color":"#458590","transparent_header_home_btn_border_color":"#ffffff","transparent_header_home_btn_text_color":"#ffffff","transparent_header_btn_bg_color":"#458590","transparent_header_btn_border_color":"#1a1a1a","transparent_header_btn_text_color":"#ffffff","transparent_header_btn_hover_color":"#1ca1b9","transparent_header_btn_text":"Get a Quote","transparent_header_btn_link":"#","transparent_header_btn_target":true,"transparent_header_btn_radius":0}],"footer_widget_area_top_padding":"60","main_slider_button_repeater":[{"slider_btn_type":"button-outline","slider_btn_bg_color":"#458590","slider_btn_border_color":"#ffffff","slider_btn_text_color":"#ffffff","slider_btn_hover_color":"#1ca1b9","slider_btn_text":"Learn More","slider_btn_radius":0}],"main_banner_buttons_repeater":[{"banner_btn_type":"button-outline","banner_btn_bg_color":"#458590","banner_btn_border_color":"#ffffff","banner_btn_text_color":"#ffffff","banner_btn_hover_color":"#1ca1b9","banner_btn_text":"Learn More","banner_btn_link":"#","banner_btn_target":true,"banner_btn_radius":0}],"blog_page_button_repeater":[{"blog_btn_type":"button-primary","blog_btn_bg_color":"#0e262b","blog_btn_border_color":"#1a1a1a","blog_btn_text_color":"#ffffff","blog_btn_hover_color":"#1ca1b9","blog_btn_text":"View More","blog_btn_radius":0}],"disable_hamburger_menu_icon":true,"disable_top_header_border":true,"transparent_header_top_background_color":"#0d272d","transparent_header_top_header_color":"#ececec","content_hover_color_transparent_header":"#90dbe9","top_hover_color_transparent_header":"#90dbe9","top_header_text_link_hover_color":"#90dbe9","disable_header_button":true,"top_header_text_color":"#ececec","main_slider_cat_font_control":{"font-family":"Overpass","variant":"regular","font-size":"15px","text-transform":"uppercase","line-height":"1.6","font-backup":"","font-weight":400,"font-style":"normal"},"main_slider_title_font_control":{"font-family":"Marcellus","variant":"regular","font-size":"55px","text-transform":"uppercase","line-height":"1.4","font-backup":"","font-weight":400,"font-style":"normal"},"main_slider_meta_font_control":{"font-family":"Raleway","variant":"regular","font-size":"14px","text-transform":"capitalize","line-height":"1.6","font-backup":"","font-weight":400,"font-style":"normal"},"main_slider_excerpt_font_control":{"font-family":"Raleway","variant":"regular","font-size":"17px","text-transform":"initial","line-height":"1.8","font-backup":"","font-weight":400,"font-style":"normal"},"main_slider_button_font_control":{"font-family":"Marcellus","variant":"regular","font-size":"16px","text-transform":"uppercase","line-height":"1.8","font-backup":"","font-weight":400,"font-style":"normal"},"disable_highlight_posts_section":false,"highlight_posts_cat_font_control":{"font-family":"Overpass","variant":"regular","font-size":"12px","text-transform":"capitalize","line-height":"1","font-backup":"","font-weight":400,"font-style":"normal"},"blog_post_cat_font_control":{"font-family":"Overpass","variant":"regular","font-size":"13px","text-transform":"uppercase","line-height":"1.6","font-backup":"","font-weight":400,"font-style":"normal"},"blog_post_meta_font_control":{"font-family":"Raleway","variant":"regular","font-size":"13px","text-transform":"capitalize","line-height":"1.6","font-backup":"","font-weight":400,"font-style":"normal"},"blog_post_excerpt_font_control":{"font-family":"Raleway","variant":"regular","font-size":"15px","text-transform":"initial","line-height":"1.8","font-backup":"","font-weight":400,"font-style":"normal"},"hide_post_button":false,"blog_post_button_font_control":{"font-family":"Marcellus","variant":"regular","font-size":"14px","text-transform":"uppercase","line-height":"2.2","font-backup":"","font-weight":400,"font-style":"normal"},"disable_footer_widget_title_border":true,"header_textcolor":"#f2f2f2","site_body_text_color":"#a5a5a5","disable_mobile_search_icon":true,"contact_address":"Rock Street, San Francisco","contact_email":"yourmail@email.com","contact_phone":"+ 1987 123456","separate_hover_color_for_main_slider":"#1ca1b9","disable_sticky_sidebar":false,"sub_menu_link_hover_color":"#90dbe9","notification_bar_background_color":"#458590","main_slider_controls":"slider","disable_banner_title":false,"preloader_custom_image_width":"40","featured_post_category_bgcolor":"#458590","featured_post_hover_color":"#1ca1b9","highlight_posts_section_title_font_control":{"font-family":"Marcellus","variant":"regular","font-size":"30px","text-transform":"none","line-height":"1.2","font-backup":"","font-weight":400,"font-style":"normal"},"highlight_post_title_color":"#ffffff","highlight_post_category_bgcolor":"#458590","highlight_post_hover_color":"#1ca1b9"},"woocommerce_shop_page_id":"6","woocommerce_shop_page_id-child":"6"}}