{"widget_positions":{"wp_inactive_widgets":[],"right-sidebar":["bosa_pro_author_widget-2","bosa_pro_latest_post-4","media_gallery-4"],"menu-sidebar":["search-2","bosa_pro_latest_post-6","categories-4"],"left-sidebar":["archives-2","categories-2","meta-2"],"woocommerce-right-sidebar":["woocommerce_price_filter-2","woocommerce_products-2","media_gallery-5"],"woocommerce-left-sidebar":[],"footer-sidebar-1":["text-3"],"footer-sidebar-2":["bosa_pro_latest_post-3"],"footer-sidebar-3":["media_gallery-3"],"footer-sidebar-4":["tag_cloud-2"],"array_version":3},"widget_options":{"bosa_pro_author_widget":{"2":{"title":"About Head photographer","page_id":110,"full-square-thumb":false,"page_title":true,"excerpt_count":"20","sub_title":"Photographer","social_title":null,"social_desc":null,"social_menu_icon_1":"fab fa-facebook","social_menu_link_1":"#","social_menu_icon_2":"fab fa-google","social_menu_link_2":"#","social_menu_icon_3":"fab fa-twitter","social_menu_link_3":"#","social_menu_icon_4":"fab fa-instagram","social_menu_link_4":"#","social_menu_icon_5":"fab fa-pinterest","social_menu_link_5":"#","social_menu_icon_6":"","social_menu_link_6":"","social_menu_icon_7":"","social_menu_link_7":"","social_menu_icon_8":"","social_menu_link_8":"","social_menu_icon_9":"","social_menu_link_9":""},"_multiwidget":1},"bosa_pro_latest_post":{"3":{"title":"Latest Posts","per_page":"2","show_date_comment":true,"layout":"left"},"4":{"title":"latest posts","per_page":"3","show_date_comment":true,"layout":"left"},"_multiwidget":1,"6":{"title":"Latest Posts","per_page":"5","show_date_comment":true,"layout":"left"}},"media_gallery":{"3":{"title":"Gallery","ids":[67,66,65,64,63,62],"columns":3,"size":"thumbnail","link_type":"post","orderby_random":false},"4":{"title":"Gallery","ids":[73,72,67,66,69,65],"columns":3,"size":"thumbnail","link_type":"post","orderby_random":false},"5":{"title":"Products gallery","ids":[137,132,136,135,134,133],"columns":3,"size":"thumbnail","link_type":"post","orderby_random":false},"_multiwidget":1},"search":{"2":{"title":""},"_multiwidget":1},"categories":{"2":{"title":"","count":0,"hierarchical":0,"dropdown":0},"_multiwidget":1,"4":{"title":"Categories","count":0,"hierarchical":0,"dropdown":0}},"archives":{"2":{"title":"","count":0,"dropdown":0},"_multiwidget":1},"meta":{"2":{"title":""},"_multiwidget":1},"woocommerce_price_filter":{"2":{"title":"Filter by price"},"_multiwidget":1},"woocommerce_products":{"2":{"title":"Products","number":4,"show":"","orderby":"date","order":"desc","hide_free":0,"show_hidden":0},"_multiwidget":1},"text":{"1":[],"3":{"title":"","text":"<a href=\"https:\/\/demo.bosathemes.com\/bosa\/photography\"><img class=\"alignnone size-full wp-image-125\" src=\"https:\/\/demo.bosathemes.com\/bosa\/photography\/wp-content\/uploads\/sites\/19\/2020\/12\/bosa-photography-logo-white1.png\" alt=\"\" width=\"153\" height=\"48\" \/><\/a>\r\n\r\nItaque senectus veritatis itaque, erat dolore malesuada sapien laboris sollicitudin aut esse.\r\n\r\nEighth Avenue 487, New York\r\nEmail :\u00a0<a href=\"#\">xyz@example.com<\/a>\r\n\r\n&nbsp;","filter":true,"visual":true},"5":{"title":"More info","text":"Suspendisse dignissim justo et lacus tempus, ac hendrerit orci pharetra. Cras eget pharetra ipsum","filter":true,"visual":true},"_multiwidget":1},"tag_cloud":{"2":{"title":"Tags","count":0,"taxonomy":"post_tag"},"_multiwidget":1}}}