{"menu":{"menu-2":22,"menu-1":21},"options":{"blogname":"Gutener Shop","blogname-child":"Gutener Shop","blogdescription":"Just another Gutener Demos site","blogdescription-child":"Just another Gutener Demos site","posts_per_page":"10","posts_per_page-child":"10","date_format":"F j, Y","date_format-child":"F j, Y","time_format":"g:i a","time_format-child":"g:i a","show_on_front":"page","show_on_front-child":"page","thumbnail_size_w":"150","thumbnail_size_w-child":"150","thumbnail_size_h":"150","thumbnail_size_h-child":"150","thumbnail_crop":"1","thumbnail_crop-child":"1","medium_size_w":"300","medium_size_w-child":"300","medium_size_h":"300","medium_size_h-child":"300","avatar_default":"mystery","avatar_default-child":"mystery","large_size_w":"1024","large_size_w-child":"1024","large_size_h":"1024","large_size_h-child":"1024","page_for_posts":"0","page_for_posts-child":"0","page_on_front":"19","page_on_front-child":"19","medium_large_size_w":"768","medium_large_size_w-child":"768","medium_large_size_h":"0","medium_large_size_h-child":"0","theme_mods_gutener-pro":{"0":false,"sidebars_widgets":{"time":1590913283,"data":{"wp_inactive_widgets":[],"menu-sidebar":["search-2","recent-posts-2","recent-comments-2"],"left-sidebar":["archives-2","categories-2","meta-2"],"right-sidebar":[],"footer-sidebar-1":[],"footer-sidebar-2":[],"footer-sidebar-3":[],"footer-sidebar-4":[]}},"custom_css_post_id":97,"header_image_slider":[],"social_media_links":[{"icon":"fab fa-facebook","link":"#"},{"icon":"fab fa-google","link":"#"},{"icon":"fab fa-twitter","link":"#"},{"icon":"fab fa-pinterest","link":"#"},{"icon":"fab fa-instagram","link":"#"}],"main_banner_buttons":[],"coming_maintenance_buttons":[{"text":"Button Text","link":"#","type":"button-outline"}],"coming_maintenance_image_slider":[],"main_slider_controls":"banner","main_slider_height":"450","banner_image":"https:\/\/demo.keonthemes.com\/gutener\/demo110\/wp-content\/uploads\/sites\/31\/2020\/06\/gutener-shopping.jpg","display_banner_on":"front-page-below-header","site_title_font_control":{"font-family":"Montserrat","font-size":"62px","text-transform":"none","font-backup":"","variant":"regular","font-weight":400,"font-style":"normal"},"general_title_font_control":{"font-family":"Montserrat","text-transform":"none","font-backup":"","variant":"700","font-weight":700,"font-style":"normal"},"body_font_control":{"font-family":"Poppins","font-size":"18px","font-backup":"","variant":"500","font-weight":500,"font-style":"normal"},"banner_subtitle":"Enjoy Your Shopping & Get A Heavy Discount","banner_title":"Have a great shopping!","disable_notification_bar":true,"custom_logo":134,"logo_width":"200","disable_site_title":true,"disable_site_tagline":true,"header_layout":"header_seven","header_button_background_color":"#656565","header_button_link":"#","header_image_height":"100","page_title_font_control":{"font-family":"Poppins","font-size":"48px","text-transform":"none","font-backup":"","variant":"regular","font-weight":400,"font-style":"normal"},"site_hover_color":"#101010","banner_image_overlay_opacity":"6","top_footer_background_color":"#f1f1f1","disable_sidebar_page":true},"theme_mods_gutener-pro-child":{"0":false,"nav_menu_locations":{"menu-1":21,"menu-2":22},"sidebars_widgets":{"time":1590913283,"data":{"wp_inactive_widgets":[],"menu-sidebar":["search-2","recent-posts-2","recent-comments-2"],"left-sidebar":["archives-2","categories-2","meta-2"],"right-sidebar":[],"footer-sidebar-1":[],"footer-sidebar-2":[],"footer-sidebar-3":[],"footer-sidebar-4":[]}},"custom_css_post_id":97,"header_image_slider":[],"social_media_links":[{"icon":"fab fa-facebook","link":"#"},{"icon":"fab fa-google","link":"#"},{"icon":"fab fa-twitter","link":"#"},{"icon":"fab fa-pinterest","link":"#"},{"icon":"fab fa-instagram","link":"#"}],"main_banner_buttons":[],"coming_maintenance_buttons":[{"text":"Button Text","link":"#","type":"button-outline"}],"coming_maintenance_image_slider":[],"main_slider_controls":"banner","main_slider_height":"450","banner_image":"https:\/\/demo.keonthemes.com\/gutener\/demo110\/wp-content\/uploads\/sites\/31\/2020\/06\/gutener-shopping.jpg","display_banner_on":"front-page-below-header","site_title_font_control":{"font-family":"Montserrat","font-size":"62px","text-transform":"none","font-backup":"","variant":"regular","font-weight":400,"font-style":"normal"},"general_title_font_control":{"font-family":"Montserrat","text-transform":"none","font-backup":"","variant":"700","font-weight":700,"font-style":"normal"},"body_font_control":{"font-family":"Poppins","font-size":"18px","font-backup":"","variant":"500","font-weight":500,"font-style":"normal"},"banner_subtitle":"Enjoy Your Shopping & Get A Heavy Discount","banner_title":"Have a great shopping!","disable_notification_bar":true,"custom_logo":134,"logo_width":"200","disable_site_title":true,"disable_site_tagline":true,"header_layout":"header_seven","header_button_background_color":"#656565","header_button_link":"#","header_image_height":"100","page_title_font_control":{"font-family":"Poppins","font-size":"48px","text-transform":"none","font-backup":"","variant":"regular","font-weight":400,"font-style":"normal"},"site_hover_color":"#101010","banner_image_overlay_opacity":"6","top_footer_background_color":"#f1f1f1","disable_sidebar_page":true},"woocommerce_shop_page_id":"5","woocommerce_shop_page_id-child":"5"}}