{"menu":{"menu-2":6,"menu-1":5},"options":{"blogname":"Gutener Corporate","blogname-child":"Gutener Corporate","blogdescription":"Think Different Think Positive","blogdescription-child":"Think Different Think Positive","posts_per_page":"10","posts_per_page-child":"10","date_format":"F j, Y","date_format-child":"F j, Y","time_format":"g:i a","time_format-child":"g:i a","show_on_front":"page","show_on_front-child":"page","thumbnail_size_w":"150","thumbnail_size_w-child":"150","thumbnail_size_h":"150","thumbnail_size_h-child":"150","thumbnail_crop":"1","thumbnail_crop-child":"1","medium_size_w":"300","medium_size_w-child":"300","medium_size_h":"300","medium_size_h-child":"300","avatar_default":"mystery","avatar_default-child":"mystery","large_size_w":"700","large_size_w-child":"700","large_size_h":"700","large_size_h-child":"700","page_for_posts":"46","page_for_posts-child":"46","page_on_front":"7","page_on_front-child":"7","medium_large_size_w":"768","medium_large_size_w-child":"768","medium_large_size_h":"0","medium_large_size_h-child":"0","theme_mods_gutener-pro":{"0":false,"custom_css_post_id":11,"header_image_slider":[],"social_media_links":[{"icon":"fab fa-facebook","link":"#"},{"icon":"fab fa-twitter","link":"#"},{"icon":"fab fa-linkedin","link":"#"},{"icon":"fab fa-youtube","link":"#"},{"icon":"fab fa-pinterest","link":"#"}],"main_banner_buttons":[{"text":"Button Text","link":"#","type":"button-outline"}],"coming_maintenance_buttons":[{"text":"Button Text","link":"#","type":"button-outline"}],"coming_maintenance_image_slider":[],"top_footer_background_color":"#f8faff","top_footer_widget_title_color":"#212121","footer_layout":"footer_one","bottom_footer_background_color":"#f8faff","top_footer_widget_content_color":"#555555","notification_bar_background_color":"#f8faff","logo_width":"250","disable_site_title":true,"disable_site_tagline":true,"site_primary_color":"#fb660a","site_hover_color":"#ff8940","notification_bar_title_color":"#555555","notification_bar_button_background_color":"#fb660a","notification_bar_button_text_color":"#fb660a","notification_bar_button_type":"button-outline","header_image_height":"140","header_layout":"header_one","site_title_font_control":{"font-family":"Roboto","font-size":"62px","text-transform":"none","font-backup":"","variant":"regular","font-weight":400,"font-style":"normal"},"site_description_font_control":{"font-family":"Roboto","font-size":"14px","text-transform":"none","font-backup":"","variant":"regular","font-weight":400,"font-style":"normal"},"main_menu_font_control":{"font-family":"Roboto","font-size":"15px","text-transform":"none","variant":"regular","line-height":"1.5","font-backup":"","font-weight":400,"font-style":"normal"},"general_title_font_control":{"font-family":"Roboto","text-transform":"none","font-backup":"","variant":"regular","font-weight":400,"font-style":"normal"},"page_title_font_control":{"font-family":"Roboto","font-size":"48px","text-transform":"none","font-backup":"","variant":"regular","font-weight":400,"font-style":"normal"},"disable_main_slider":true,"preloader_animation":"animation_four","header_button_background_color":"#fb660a","blog_post_category_color":"#fb660a","custom_logo":130,"footer_text":"Copyright \u00a9 2020. <a href=\"\/\/keonthemes.com\/downloads\/gutener\" target=\"_blank\">Gutener<\/a> Theme by <a href=\"\/\/keonthemes.com\" target=\"_blank\">Keon Themes<\/a>"},"theme_mods_gutener-pro-child":{"0":false,"nav_menu_locations":{"menu-1":5,"menu-2":6},"custom_css_post_id":11,"header_image_slider":[],"social_media_links":[{"icon":"fab fa-facebook","link":"#"},{"icon":"fab fa-twitter","link":"#"},{"icon":"fab fa-linkedin","link":"#"},{"icon":"fab fa-youtube","link":"#"},{"icon":"fab fa-pinterest","link":"#"}],"main_banner_buttons":[{"text":"Button Text","link":"#","type":"button-outline"}],"coming_maintenance_buttons":[{"text":"Button Text","link":"#","type":"button-outline"}],"coming_maintenance_image_slider":[],"top_footer_background_color":"#f8faff","top_footer_widget_title_color":"#212121","footer_layout":"footer_one","bottom_footer_background_color":"#f8faff","top_footer_widget_content_color":"#555555","notification_bar_background_color":"#f8faff","logo_width":"250","disable_site_title":true,"disable_site_tagline":true,"site_primary_color":"#fb660a","site_hover_color":"#ff8940","notification_bar_title_color":"#555555","notification_bar_button_background_color":"#fb660a","notification_bar_button_text_color":"#fb660a","notification_bar_button_type":"button-outline","header_image_height":"140","header_layout":"header_one","site_title_font_control":{"font-family":"Roboto","font-size":"62px","text-transform":"none","font-backup":"","variant":"regular","font-weight":400,"font-style":"normal"},"site_description_font_control":{"font-family":"Roboto","font-size":"14px","text-transform":"none","font-backup":"","variant":"regular","font-weight":400,"font-style":"normal"},"main_menu_font_control":{"font-family":"Roboto","font-size":"15px","text-transform":"none","variant":"regular","line-height":"1.5","font-backup":"","font-weight":400,"font-style":"normal"},"general_title_font_control":{"font-family":"Roboto","text-transform":"none","font-backup":"","variant":"regular","font-weight":400,"font-style":"normal"},"page_title_font_control":{"font-family":"Roboto","font-size":"48px","text-transform":"none","font-backup":"","variant":"regular","font-weight":400,"font-style":"normal"},"disable_main_slider":true,"preloader_animation":"animation_four","header_button_background_color":"#fb660a","blog_post_category_color":"#fb660a","custom_logo":130,"footer_text":"Copyright \u00a9 2020. <a href=\"\/\/keonthemes.com\/downloads\/gutener\" target=\"_blank\">Gutener<\/a> Theme by <a href=\"\/\/keonthemes.com\" target=\"_blank\">Keon Themes<\/a>"},"woocommerce_shop_page_id":"","woocommerce_shop_page_id-child":""}}