{"widget_positions":{"wp_inactive_widgets":[],"menu-sidebar":["search-2","gutener_pro_author_widget-2","a2a_follow_widget-2"],"left-sidebar":["categories-2","gutener_pro_author_widget-3","calendar-2"],"right-sidebar":["a2a_follow_widget-3","calendar-3","recent-posts-2"],"footer-sidebar-1":["text-2"],"footer-sidebar-2":["recent-posts-3"],"footer-sidebar-3":["categories-3"],"footer-sidebar-4":["mc4wp_form_widget-2"],"array_version":3},"widget_options":{"search":{"2":{"title":""},"_multiwidget":1},"gutener_pro_author_widget":{"2":{"title":"About the Author","page_id":60,"full-square-thumb":false,"page_title":true,"excerpt_count":"20","sub_title":"Lifestyle Blogger","social_title":null,"social_desc":null,"social_menu_icon_1":"fab fa-facebook","social_menu_link_1":"#","social_menu_icon_2":"fab fa-twitter","social_menu_link_2":"#","social_menu_icon_3":"fab fa-instagram","social_menu_link_3":"#","social_menu_icon_4":"","social_menu_link_4":"","social_menu_icon_5":"","social_menu_link_5":"","social_menu_icon_6":"","social_menu_link_6":"","social_menu_icon_7":"","social_menu_link_7":"","social_menu_icon_8":"","social_menu_link_8":"","social_menu_icon_9":"","social_menu_link_9":""},"3":{"title":"About the Author","page_id":60,"full-square-thumb":false,"page_title":true,"excerpt_count":"20","sub_title":"Lifestyle Blogger","social_title":null,"social_desc":null,"social_menu_icon_1":"fab fa-facebook","social_menu_link_1":"#","social_menu_icon_2":"fab fa-twitter","social_menu_link_2":"#","social_menu_icon_3":"fab fa-instagram","social_menu_link_3":"#","social_menu_icon_4":"","social_menu_link_4":"","social_menu_icon_5":"","social_menu_link_5":"","social_menu_icon_6":"","social_menu_link_6":"","social_menu_icon_7":"","social_menu_link_7":"","social_menu_icon_8":"","social_menu_link_8":"","social_menu_icon_9":"","social_menu_link_9":""},"_multiwidget":1},"a2a_follow_widget":{"2":{"title":"Follow Us","icon_size":"20","facebook_id":"keonthemes","twitter_id":"keonthemes","instagram_id":"keonthemes","pinterest_id":"keonthemes","behance_id":"","flickr_id":"","foursquare_id":"","github_id":"","linkedin_id":"#","linkedin_company_id":"","medium_id":"","snapchat_id":"","tumblr_id":"","vimeo_id":"","youtube_id":"keonthemes","youtube_channel_id":"","feed_id":""},"3":{"title":"Follow Us","icon_size":"20","facebook_id":"Keonthemes","twitter_id":"Keonthemes","instagram_id":"Keonthemes","pinterest_id":"Keonthemes","behance_id":"","flickr_id":"","foursquare_id":"","github_id":"Keonthemes","linkedin_id":"#","linkedin_company_id":"","medium_id":"","snapchat_id":"","tumblr_id":"","vimeo_id":"","youtube_id":"Keonthemes","youtube_channel_id":"","feed_id":""},"_multiwidget":1},"categories":{"2":{"title":"Categories","count":1,"hierarchical":0,"dropdown":0},"3":{"title":"Categories","count":1,"hierarchical":0,"dropdown":0},"_multiwidget":1},"calendar":{"2":{"title":"Calendar"},"3":{"title":"Calendar"},"_multiwidget":1},"recent-posts":{"2":{"title":"Latest Post","number":4,"show_date":true},"3":{"title":"Latest Post","number":2,"show_date":true},"_multiwidget":1},"text":{"1":[],"2":{"title":"About Gutener Corporate","text":"Imperdiet distinctio nobis dui feugiat mollis volutpat sollicitudin orci netus risus tellus dignissim sit aptent, cillum, dapibus minus dicta luctus assumenda facilis neque facilisis!","filter":true,"visual":true},"_multiwidget":1},"mc4wp_form_widget":{"2":{"title":"Newsletter"},"_multiwidget":1}}}