{"menu":{"menu-2":6,"menu-1":5},"options":{"blogname":"Gutener Finance","blogname-child":"Gutener Finance","blogdescription":"We Create Opportunity","blogdescription-child":"We Create Opportunity","posts_per_page":"10","posts_per_page-child":"10","date_format":"F j, Y","date_format-child":"F j, Y","time_format":"g:i a","time_format-child":"g:i a","show_on_front":"page","show_on_front-child":"page","thumbnail_size_w":"150","thumbnail_size_w-child":"150","thumbnail_size_h":"150","thumbnail_size_h-child":"150","thumbnail_crop":"1","thumbnail_crop-child":"1","medium_size_w":"300","medium_size_w-child":"300","medium_size_h":"300","medium_size_h-child":"300","avatar_default":"mystery","avatar_default-child":"mystery","large_size_w":"700","large_size_w-child":"700","large_size_h":"700","large_size_h-child":"700","page_for_posts":"80","page_for_posts-child":"80","page_on_front":"4","page_on_front-child":"4","medium_large_size_w":"768","medium_large_size_w-child":"768","medium_large_size_h":"0","medium_large_size_h-child":"0","theme_mods_gutener-pro":{"0":false,"custom_css_post_id":60,"header_image_slider":[],"social_media_links":[{"icon":"fab fa-facebook","link":"#"},{"icon":"fab fa-twitter","link":"#"},{"icon":"fab fa-instagram","link":"#"},{"icon":"fab fa-google","link":"#"},{"icon":"fab fa-pinterest","link":"#"}],"main_banner_buttons":[{"text":"Button Text","link":"#","type":"button-outline"}],"coming_maintenance_buttons":[{"text":"Button Text","link":"#","type":"button-outline"}],"coming_maintenance_image_slider":[],"header_layout":"header_four","logo_width":"240","custom_logo":128,"disable_site_title":true,"disable_site_tagline":true,"top_header_one_background_color":"#f1f1f1","bottom_header_one_background_color":"#f1f1f1","notification_bar_button_background_color":"#d4af37","disable_sidebar_page":false,"footer_layout":"footer_five","top_footer_background_color":"#f1f1f1","header_image_height":"135","site_primary_color":"#d4af37","site_hover_color":"#b9910e","top_header_text_color":"#969696","header_icon_color":"#d4af37","preloader_animation":"animation_three"},"theme_mods_gutener-pro-child":{"0":false,"nav_menu_locations":{"menu-1":5,"menu-2":6},"custom_css_post_id":60,"header_image_slider":[],"social_media_links":[{"icon":"fab fa-facebook","link":"#"},{"icon":"fab fa-twitter","link":"#"},{"icon":"fab fa-instagram","link":"#"},{"icon":"fab fa-google","link":"#"},{"icon":"fab fa-pinterest","link":"#"}],"main_banner_buttons":[{"text":"Button Text","link":"#","type":"button-outline"}],"coming_maintenance_buttons":[{"text":"Button Text","link":"#","type":"button-outline"}],"coming_maintenance_image_slider":[],"header_layout":"header_four","logo_width":"240","custom_logo":128,"disable_site_title":true,"disable_site_tagline":true,"top_header_one_background_color":"#f1f1f1","bottom_header_one_background_color":"#f1f1f1","notification_bar_button_background_color":"#d4af37","disable_sidebar_page":false,"footer_layout":"footer_five","top_footer_background_color":"#f1f1f1","header_image_height":"135","site_primary_color":"#d4af37","site_hover_color":"#b9910e","top_header_text_color":"#969696","header_icon_color":"#d4af37","preloader_animation":"animation_three"},"woocommerce_shop_page_id":"","woocommerce_shop_page_id-child":""}}