{"menu":{"menu-2":23,"menu-1":22},"options":{"blogname":"Gutener Agency 2","blogname-child":"Gutener Agency 2","blogdescription":"Just another Gutener Demos site","blogdescription-child":"Just another Gutener Demos site","posts_per_page":"10","posts_per_page-child":"10","date_format":"F j, Y","date_format-child":"F j, Y","time_format":"g:i a","time_format-child":"g:i a","show_on_front":"page","show_on_front-child":"page","thumbnail_size_w":"150","thumbnail_size_w-child":"150","thumbnail_size_h":"150","thumbnail_size_h-child":"150","thumbnail_crop":"1","thumbnail_crop-child":"1","medium_size_w":"300","medium_size_w-child":"300","medium_size_h":"300","medium_size_h-child":"300","avatar_default":"mystery","avatar_default-child":"mystery","large_size_w":"700","large_size_w-child":"700","large_size_h":"700","large_size_h-child":"700","page_for_posts":"131","page_for_posts-child":"131","page_on_front":"6","page_on_front-child":"6","medium_large_size_w":"768","medium_large_size_w-child":"768","medium_large_size_h":"0","medium_large_size_h-child":"0","woocommerce_shop_page_id":"65","woocommerce_shop_page_id-child":"65","theme_mods_gutener-pro":{"0":false,"custom_css_post_id":165,"header_image_slider":[],"social_media_links":[{"icon":"fab fa-facebook","link":"#"},{"icon":"fab fa-twitter","link":"#"},{"icon":"fab fa-instagram","link":"#"},{"icon":"fab fa-google","link":"#"},{"icon":"fab fa-pinterest","link":""}],"main_banner_buttons":[{"text":"Button Text","link":"#","type":"button-outline"}],"coming_maintenance_buttons":[{"text":"Button Text","link":"#","type":"button-outline"}],"coming_maintenance_image_slider":[],"logo_width":"170","disable_site_title":true,"disable_site_tagline":true,"header_layout":"header_three","header_image_height":"120","header_button_background_color":"#f6714e","top_header_text_color":"#b4b4b4","site_primary_color":"#f6714e","site_hover_color":"#ca4220","blog_post_category_color":"#f6714e","custom_logo":147,"header_separate_logo":"https:\/\/demo.keonthemes.com\/gutener\/demo115\/wp-content\/uploads\/sites\/45\/2020\/07\/gutener-logo.png","bottom_header_text_color":"#ffffff","footer_layout":"footer_five","top_footer_background_color":"#fcfcfc","notification_bar_button_background_color":"#f6714e","top_footer_widget_title_color":"#212121","bottom_footer_background_color":"#ffffff","disable_notification_bar":true,"preloader_animation":"animation_four","disable_sidebar_page":true,"site_heading_text_color":"#212121","blog_post_title_color":"#212121","main_slider_height":"550","slider_category":"32","main_slider_image_size":"cover","site_title_font_control":{"font-family":"Montserrat","font-size":"62px","text-transform":"none","font-backup":"","variant":"regular","font-weight":400,"font-style":"normal"},"site_description_font_control":{"font-family":"Poppins","font-size":"14px","text-transform":"none","font-backup":"","variant":"regular","font-weight":400,"font-style":"normal"},"body_font_control":{"font-family":"Poppins","font-size":"15px","font-backup":"","variant":"regular","font-weight":400,"font-style":"normal"},"general_title_font_control":{"font-family":"Montserrat","text-transform":"none","font-backup":"","variant":"regular","font-weight":400,"font-style":"normal"},"page_title_font_control":{"font-family":"Montserrat","font-size":"48px","text-transform":"none","font-backup":"","variant":"regular","font-weight":400,"font-style":"normal"},"section_title_font_control":{"font-family":"Montserrat","font-size":"24px","text-transform":"none","font-backup":"","variant":"regular","font-weight":400,"font-style":"normal"},"blog_post_text_color":"#505050"},"theme_mods_gutener-pro-child":{"0":false,"nav_menu_locations":{"menu-1":22,"menu-2":23},"custom_css_post_id":165,"header_image_slider":[],"social_media_links":[{"icon":"fab fa-facebook","link":"#"},{"icon":"fab fa-twitter","link":"#"},{"icon":"fab fa-instagram","link":"#"},{"icon":"fab fa-google","link":"#"},{"icon":"fab fa-pinterest","link":""}],"main_banner_buttons":[{"text":"Button Text","link":"#","type":"button-outline"}],"coming_maintenance_buttons":[{"text":"Button Text","link":"#","type":"button-outline"}],"coming_maintenance_image_slider":[],"logo_width":"170","disable_site_title":true,"disable_site_tagline":true,"header_layout":"header_three","header_image_height":"120","header_button_background_color":"#f6714e","top_header_text_color":"#b4b4b4","site_primary_color":"#f6714e","site_hover_color":"#ca4220","blog_post_category_color":"#f6714e","custom_logo":147,"header_separate_logo":"https:\/\/demo.keonthemes.com\/gutener\/demo115\/wp-content\/uploads\/sites\/45\/2020\/07\/gutener-logo.png","bottom_header_text_color":"#ffffff","footer_layout":"footer_five","top_footer_background_color":"#fcfcfc","notification_bar_button_background_color":"#f6714e","top_footer_widget_title_color":"#212121","bottom_footer_background_color":"#ffffff","disable_notification_bar":true,"preloader_animation":"animation_four","disable_sidebar_page":true,"site_heading_text_color":"#212121","blog_post_title_color":"#212121","main_slider_height":"550","slider_category":"32","main_slider_image_size":"cover","site_title_font_control":{"font-family":"Montserrat","font-size":"62px","text-transform":"none","font-backup":"","variant":"regular","font-weight":400,"font-style":"normal"},"site_description_font_control":{"font-family":"Poppins","font-size":"14px","text-transform":"none","font-backup":"","variant":"regular","font-weight":400,"font-style":"normal"},"body_font_control":{"font-family":"Poppins","font-size":"15px","font-backup":"","variant":"regular","font-weight":400,"font-style":"normal"},"general_title_font_control":{"font-family":"Montserrat","text-transform":"none","font-backup":"","variant":"regular","font-weight":400,"font-style":"normal"},"page_title_font_control":{"font-family":"Montserrat","font-size":"48px","text-transform":"none","font-backup":"","variant":"regular","font-weight":400,"font-style":"normal"},"section_title_font_control":{"font-family":"Montserrat","font-size":"24px","text-transform":"none","font-backup":"","variant":"regular","font-weight":400,"font-style":"normal"},"blog_post_text_color":"#505050"}}}