{"widget_positions":{"wp_inactive_widgets":[],"calender":["woocommerce_price_filter-2","calendar-4","media_gallery-2"],"menu-sidebar":["search-2","gutener_pro_author_widget-2","a2a_follow_widget-2"],"left-sidebar":["calendar-2","gutener_pro_author_widget-3","categories-3","gutener_pro_latest_post-2"],"right-sidebar":["gutener_pro_author_widget-4","calendar-3","gutener_pro_latest_post-3","categories-4","a2a_follow_widget-3"],"footer-sidebar-1":["text-2"],"footer-sidebar-2":["categories-5"],"footer-sidebar-3":["gutener_pro_latest_post-4"],"footer-sidebar-4":["tag_cloud-2"],"array_version":3},"widget_options":{"woocommerce_price_filter":{"2":{"title":"Filter by price"},"_multiwidget":1},"calendar":{"2":{"title":"Calendar"},"3":{"title":"Calendar"},"4":{"title":"Calendar"},"_multiwidget":1},"media_gallery":{"2":{"title":"Gallery","ids":[114,113,112],"columns":3,"size":"thumbnail","link_type":"post","orderby_random":false},"_multiwidget":1},"search":{"2":{"title":""},"_multiwidget":1},"gutener_pro_author_widget":{"2":{"title":"About the Author","page_id":152,"full-square-thumb":false,"page_title":true,"excerpt_count":"20","sub_title":"Advisor","social_title":null,"social_desc":null,"social_menu_icon_1":"fab fa-facebook","social_menu_link_1":"#","social_menu_icon_2":"fab fa-twitter","social_menu_link_2":"#","social_menu_icon_3":"fab fa-instagram","social_menu_link_3":"#","social_menu_icon_4":"","social_menu_link_4":"","social_menu_icon_5":"","social_menu_link_5":"","social_menu_icon_6":"","social_menu_link_6":"","social_menu_icon_7":"","social_menu_link_7":"","social_menu_icon_8":"","social_menu_link_8":"","social_menu_icon_9":"","social_menu_link_9":""},"3":{"title":"About the Author","page_id":152,"full-square-thumb":false,"page_title":true,"excerpt_count":"20","sub_title":"Advisor","social_title":null,"social_desc":null,"social_menu_icon_1":"fab fa-facebook","social_menu_link_1":"#","social_menu_icon_2":"fab fa-twitter","social_menu_link_2":"#","social_menu_icon_3":"fab fa-instagram","social_menu_link_3":"#","social_menu_icon_4":"","social_menu_link_4":"","social_menu_icon_5":"","social_menu_link_5":"","social_menu_icon_6":"","social_menu_link_6":"","social_menu_icon_7":"","social_menu_link_7":"","social_menu_icon_8":"","social_menu_link_8":"","social_menu_icon_9":"","social_menu_link_9":""},"4":{"title":"About the Author","page_id":152,"full-square-thumb":false,"page_title":true,"excerpt_count":"20","sub_title":"Advisor","social_title":null,"social_desc":null,"social_menu_icon_1":"fab fa-facebook","social_menu_link_1":"#","social_menu_icon_2":"fab fa-twitter","social_menu_link_2":"#","social_menu_icon_3":"fab fa-instagram","social_menu_link_3":"#","social_menu_icon_4":"","social_menu_link_4":"","social_menu_icon_5":"","social_menu_link_5":"","social_menu_icon_6":"","social_menu_link_6":"","social_menu_icon_7":"","social_menu_link_7":"","social_menu_icon_8":"","social_menu_link_8":"","social_menu_icon_9":"","social_menu_link_9":""},"_multiwidget":1},"a2a_follow_widget":{"2":{"title":"Follow Us","icon_size":"20","facebook_id":"keonthemes","twitter_id":"keonthemes","instagram_id":"keonthemes","pinterest_id":"keonthemes","behance_id":"","flickr_id":"","foursquare_id":"","github_id":"#","linkedin_id":"keonthemes","linkedin_company_id":"","medium_id":"","snapchat_id":"","tumblr_id":"","vimeo_id":"","youtube_id":"","youtube_channel_id":"","feed_id":""},"3":{"title":"Follow Us","icon_size":"20","facebook_id":"Keonthemes","twitter_id":"Keonthemes","instagram_id":"Keonthemes","pinterest_id":"Keonthemes","behance_id":"","flickr_id":"","foursquare_id":"","github_id":"Keonthemes","linkedin_id":"#","linkedin_company_id":"","medium_id":"","snapchat_id":"","tumblr_id":"","vimeo_id":"","youtube_id":"","youtube_channel_id":"","feed_id":""},"_multiwidget":1},"categories":{"3":{"title":"Categories","count":1,"hierarchical":0,"dropdown":0},"4":{"title":"Categories","count":1,"hierarchical":0,"dropdown":0},"5":{"title":"Categories","count":1,"hierarchical":0,"dropdown":0},"_multiwidget":1},"gutener_pro_latest_post":{"2":{"title":"Recent Posts","per_page":"3","show_date_comment":true,"layout":"left"},"3":{"title":"Recent Posts","per_page":"3","show_date_comment":true,"layout":"left"},"4":{"title":"","per_page":"2","show_date_comment":true,"layout":"left"},"_multiwidget":1},"text":{"1":[],"2":{"title":"About Gutener","text":"Gutener is clean, creative, powerful, flexible, highly customizable and Gutenberg ready WordPress theme. It is fully responsive and is sure to make your website stand out from the crowd.","filter":true,"visual":true},"_multiwidget":1},"tag_cloud":{"2":{"title":"Post Tags","count":0,"taxonomy":"post_tag"},"_multiwidget":1}}}