{"menu":{"menu-2":3,"menu-1":2,"menu-3":9},"options":{"blogname":"Bosa Fashion Blog","blogname-child":"Bosa Fashion Blog","blogdescription":"Bosa is the perfect theme for your Business","blogdescription-child":"Bosa is the perfect theme for your Business","posts_per_page":"10","posts_per_page-child":"10","date_format":"F j, Y","date_format-child":"F j, Y","time_format":"g:i a","time_format-child":"g:i a","show_on_front":"posts","show_on_front-child":"posts","thumbnail_size_w":"150","thumbnail_size_w-child":"150","thumbnail_size_h":"150","thumbnail_size_h-child":"150","thumbnail_crop":"1","thumbnail_crop-child":"1","medium_size_w":"300","medium_size_w-child":"300","medium_size_h":"300","medium_size_h-child":"300","avatar_default":"mystery","avatar_default-child":"mystery","large_size_w":"700","large_size_w-child":"700","large_size_h":"700","large_size_h-child":"700","page_for_posts":"0","page_for_posts-child":"0","page_on_front":"0","page_on_front-child":"0","medium_large_size_w":"768","medium_large_size_w-child":"768","medium_large_size_h":"0","medium_large_size_h-child":"0","theme_mods_bosa":{"0":false,"custom_css_post_id":110,"header_image_slider":[{"slider_item":512},{"slider_item":517}],"skin_select":"dark","social_media_links":[{"icon":"fab fa-facebook","link":"#","target":true},{"icon":"fab fa-twitter","link":"#","target":true},{"icon":"fab fa-instagram","link":"#","target":true},{"icon":"fab fa-google","link":"#","target":true},{"icon":"fab fa-youtube","link":"#","target":true},{"icon":"fab fa-linkedin","link":"#","target":true}],"site_layout":"default","main_banner_buttons":[{"text":"","link":"","type":"button-outline"}],"header_layout":"header_three","contact_phone":"+ 1987 123456","contact_email":"yourmail@email.com","contact_address":"Rock Street, San Francisco, California","header_nav_height":"60","header_image_height":"250","background_preset":"fill","background_position_x":"center","background_position_y":"center","background_size":"cover","background_repeat":"no-repeat","background_attachment":"fixed","main_slider_content_alignment":"left","hide_slider_category":true,"hide_slider_date":true,"hide_slider_author":true,"hide_slider_comment":true,"hide_slider_button":false,"slider_button_text":"READ MORE","main_slider_height":"650","slider_width_controls":"full","slider_excerpt_length":25,"main_slider_button_border_radius":"0","highlight_posts_posts_number":"4","blog_post_title_color":"#ffffff","blog_post_text_color":"#bababa","blog_post_button_color":"#cccccc","highlight_posts_columns":"four_columns","page_title_position":"below_feature_image","highlight_posts_height":"280","sidebar_settings":"right","archive_post_layout":"list","feature_posts_slides_show":"4","hide_feature_posts_author":true,"hide_feature_posts_date":true,"hide_feature_posts_comment":true,"feature_posts_section_title":"Featured Posts","sticky_simple_post_excerpt_length":"40","hide_post_button":false,"post_button_text":"READ MORE","blog_post_meta_color":"#999999","site_primary_color":"#e9aa3e","blog_post_category_color":"#e9aa3e","general_title_font_control":{"font-family":"Playfair Display","text-transform":"capitalize","font-backup":"","variant":"700","font-weight":700,"font-style":"normal"},"blog_page_title_font_control":{"font-family":"Playfair Display","font-size":"21px","text-transform":"capitalize","font-backup":"","variant":"500","font-weight":500,"font-style":"normal"},"highlight_posts_category":"","footer_text":"Copyright \u00a9 2020<a href=\"https:\/\/demo.bosathemes.com\/bosa\/blog-03\" title=\"Bosa Fashion Blog\"> Bosa Fashion Blog<\/a> ","footer_layout":"footer_one","bottom_footer_background_color":"#000000","bottom_footer_text_link_color":"#cccccc","top_footer_widget_title_color":"#ffffff","top_footer_widget_content_color":"#bababa","disable_feature_posts_section_title":false,"header_textcolor":"#cccccc","site_body_text_color":"#969696","site_heading_text_color":"#cccccc","background_image":"","disable_highlight_posts_section_title":false,"highlight_posts_section_title":"You May Also Like","disable_header_below_border":true,"disable_header_border":true,"logo_width":"230","disable_site_title":true,"disable_site_tagline":true,"slider_category":"7","disable_header_slider_autoplay":true,"disable_sticky_sidebar":false,"single_post_author_title":"About the Author","hide_related_posts":false,"related_posts_title":"Related Posts","top_header_background_color":"#000000","bottom_header_background_color":"#000000","top_header_text_color":"#f4f4f4","bottom_header_text_color":"#b1b1b1","bottom_header_text_link_hover_color":"#d0b98f","slider_button_type":"button-outline","feature_posts_section_title_desc_alignment":"center","disable_feature_posts_section_description":false,"feature_posts_section_description":"Repudiandae illo in lorem nostrum augue aut at aliquet ducimus vestibulum imperdiet.","feature_posts_category":"5","feature_posts_overlay_opacity":"4","feature_posts_posts_number":"6","feature_posts_height":"300","feature_posts_image_size":"pattern","disable_latest_posts_section_title":false,"disable_latest_posts_section_description":true,"latest_posts_section_description":"","latest_posts_section_title":"From Our Blog","background_color":"000000","post_button_border_radius":"0","blog_post_button_text_color":"#c7a770","post_button_type":"button-outline","post_excerpt_length":"15","disable_fixed_header":false,"disable_parallax_scrolling":true,"fixed_header_logo_width":"270","section_title_font_control":{"font-family":"Playfair Display","variant":"700","font-size":"40px","text-transform":"capitalize","font-backup":"","font-weight":700,"font-style":"normal"},"social_icons_size":"18","header_image_size":"cover","mid_header_background_color":"rgba(0,0,0,0.85)","site_title_color":"#ffffff","site_tagline_color":"#cccccc","body_font_control":{"font-family":"Montserrat","variant":"regular","font-size":"15px","font-backup":"","font-weight":400,"font-style":"normal"},"page_title_font_control":{"font-family":"Playfair Display","variant":"700","font-size":"44px","text-transform":"capitalize","font-backup":"","font-weight":700,"font-style":"normal"},"blog_post_button_background_color":"#c7a770","slider_posts_number":"3","header_button_repeater":[{"header_btn_type":"button-outline","header_btn_bg_color":"#eb5a3e","header_btn_border_color":"#1a1a1a","header_btn_text_color":"#1a1a1a","header_btn_hover_color":"#086abd","header_btn_text":"","header_btn_link":"","header_btn_target":true,"header_btn_radius":0}],"transparent_header_button_repeater":[{"transparent_header_btn_type":"button-outline","transparent_header_home_btn_bg_color":"#eb5a3e","transparent_header_home_btn_border_color":"#ffffff","transparent_header_home_btn_text_color":"#ffffff","transparent_header_btn_bg_color":"#eb5a3e","transparent_header_btn_border_color":"#1a1a1a","transparent_header_btn_text_color":"#1a1a1a","transparent_header_btn_hover_color":"#086abd","transparent_header_btn_text":"","transparent_header_btn_link":"","transparent_header_btn_target":true,"transparent_header_btn_radius":0}],"main_slider_button_repeater":[{"slider_btn_type":"button-outline","slider_btn_bg_color":"#c7a770","slider_btn_border_color":"#ffffff","slider_btn_text_color":"#ffffff","slider_btn_hover_color":"#c7a770","slider_btn_text":"read more","slider_btn_radius":0}],"main_banner_buttons_repeater":[{"banner_btn_type":"button-outline","banner_btn_bg_color":"#c7a770","banner_btn_border_color":"#ffffff","banner_btn_text_color":"#ffffff","banner_btn_hover_color":"#c7a770","banner_btn_text":"learn more","banner_btn_link":"#","banner_btn_target":true,"banner_btn_radius":0}],"blog_page_button_repeater":[{"blog_btn_type":"button-outline","blog_btn_bg_color":"#c7a770","blog_btn_border_color":"#6d6d6d","blog_btn_text_color":"#ffffff","blog_btn_hover_color":"#c7a770","blog_btn_text":"Read more","blog_btn_radius":0}],"footer_widget_area_top_padding":"20","bottom_footer_text_color":"#bababa","top_footer_widget_link_color":"#bababa","disable_mobile_search_icon":true,"site_hover_color":"#c7a770","top_header_text_link_hover_color":"#c7a770","main_menu_font_control":{"font-family":"Montserrat","font-size":"15px","text-transform":"uppercase","variant":"600","line-height":"1.5","font-backup":"","font-weight":600,"font-style":"normal"},"mid_header_text_link_hover_color":"#c7a770","separate_hover_color_for_main_slider":"#c7a770","main_slider_button_font_control":{"font-family":"Montserrat","variant":"600","font-size":"15px","text-transform":"uppercase","line-height":"1.5","font-backup":"","font-weight":600,"font-style":"normal"},"main_slider_title_font_control":{"font-family":"Playfair Display","variant":"600","font-size":"50px","text-transform":"capitalize","line-height":"1.4","font-backup":"","font-weight":600,"font-style":"normal"},"main_slider_excerpt_font_control":{"font-family":"Montserrat","variant":"regular","font-size":"16px","text-transform":"initial","line-height":"1.8","font-backup":"","font-weight":400,"font-style":"normal"},"feature_posts_font_control":{"font-family":"Playfair Display","variant":"500","font-size":"22px","text-transform":"capitalize","line-height":"1.4","font-backup":"","font-weight":500,"font-style":"normal"},"highlight_posts_cat_font_control":{"font-family":"Montserrat","variant":"regular","font-size":"12px","text-transform":"uppercase","line-height":"1","font-backup":"","font-weight":400,"font-style":"normal"},"highlight_posts_title_font_control":{"font-family":"Playfair Display","variant":"500","font-size":"20px","text-transform":"none","line-height":"1.4","font-backup":"","font-weight":500,"font-style":"normal"},"highlight_posts_meta_font_control":{"font-family":"Montserrat","variant":"regular","font-size":"13px","text-transform":"capitalize","line-height":"1.6","font-backup":"","font-weight":400,"font-style":"normal"},"blog_post_title_font_control":{"font-family":"Playfair Display","variant":"500","font-size":"21px","text-transform":"capitalize","line-height":"1.4","font-backup":"","font-weight":500,"font-style":"normal"},"blog_post_cat_font_control":{"font-family":"Montserrat","variant":"regular","font-size":"13px","text-transform":"uppercase","line-height":"1.6","font-backup":"","font-weight":400,"font-style":"normal"},"blog_post_meta_font_control":{"font-family":"Montserrat","variant":"regular","font-size":"13px","text-transform":"capitalize","line-height":"1.6","font-backup":"","font-weight":400,"font-style":"normal"},"blog_post_excerpt_font_control":{"font-family":"Montserrat","variant":"regular","font-size":"15px","text-transform":"initial","line-height":"1.8","font-backup":"","font-weight":400,"font-style":"normal"},"sidebar_widget_title_font_control":{"font-family":"Playfair Display","variant":"500","font-size":"16px","text-transform":"uppercase","line-height":"1.4","font-backup":"","font-weight":500,"font-style":"normal"},"top_footer_widget_link_hover_color":"#c7a770","footer_widget_title_font_control":{"font-family":"Playfair Display","variant":"500","font-size":"18px","text-transform":"none","line-height":"1.4","font-backup":"","font-weight":500,"font-style":"normal"},"bottom_footer_text_link_hover_color":"#c7a770","footer_style_font_control":{"font-family":"Playfair Display","variant":"500","font-size":"14px","text-transform":"capitalize","line-height":"1.6","font-backup":"","font-weight":500,"font-style":"normal"},"bottom_footer_image_width":"270","main_slider_controls":"slider","banner_title":"Welcome to bosa","banner_subtitle":"Bosa is the perfect theme for your Business","main_banner_button_font_control":{"font-family":"Open Sans","variant":"regular","font-size":"15px","text-transform":"uppercase","line-height":"1","font-backup":"","font-weight":400,"font-style":"normal"},"blog_post_button_font_control":{"font-family":"Open Sans","variant":"600","font-size":"14px","text-transform":"uppercase","line-height":"1.6","font-backup":"","font-weight":600,"font-style":"normal"},"preloader_animation":"animation_three","preloader_custom_image_width":"60","disable_header_slider_dots":true,"slider_image_overlay_opacity":"5","custom_logo":541,"feature_posts_text_alignment":"text-left","hide_featured_posts_category":false,"hide_featured_posts_date":true,"hide_featured_posts_author":true,"hide_featured_posts_comment":true,"feature_posts_title_alignment":"align-bottom","highlight_post_title_color":"#ffffff","highlight_post_category_bgcolor":"#e9aa3e","highlight_post_hover_color":"#c7a770","feature_posts_section_title_font_control":{"font-family":"Playfair Display","variant":"600","font-size":"30px","text-transform":"none","line-height":"1.2","font-backup":"","font-weight":600,"font-style":"normal"},"feature_posts_section_description_font_control":{"font-family":"Montserrat","variant":"regular","font-size":"16px","text-transform":"none","line-height":"1.8","font-backup":"","font-weight":400,"font-style":"normal"},"latest_posts_section_title_font_control":{"font-family":"Playfair Display","variant":"600","font-size":"26px","text-transform":"none","line-height":"1.2","font-backup":"","font-weight":600,"font-style":"normal"},"highlight_posts_section_title_font_control":{"font-family":"Playfair Display","variant":"600","font-size":"24px","text-transform":"none","line-height":"1.2","font-backup":"","font-weight":600,"font-style":"normal"},"featured_post_hover_color":"#c7a770","highlight_post_meta_icon_color":"#e9aa3e","blog_post_meta_icon_color":"#e9aa3e","featured_post_category_bgcolor":"#e9aa3e"},"theme_mods_bosa-child":{"0":false,"nav_menu_locations":{"menu-1":2,"menu-2":3,"menu-3":9},"custom_css_post_id":110,"header_image_slider":[{"slider_item":512},{"slider_item":517}],"skin_select":"dark","social_media_links":[{"icon":"fab fa-facebook","link":"#","target":true},{"icon":"fab fa-twitter","link":"#","target":true},{"icon":"fab fa-instagram","link":"#","target":true},{"icon":"fab fa-google","link":"#","target":true},{"icon":"fab fa-youtube","link":"#","target":true},{"icon":"fab fa-linkedin","link":"#","target":true}],"site_layout":"default","main_banner_buttons":[{"text":"","link":"","type":"button-outline"}],"header_layout":"header_three","contact_phone":"+ 1987 123456","contact_email":"yourmail@email.com","contact_address":"Rock Street, San Francisco, California","header_nav_height":"60","header_image_height":"250","background_preset":"fill","background_position_x":"center","background_position_y":"center","background_size":"cover","background_repeat":"no-repeat","background_attachment":"fixed","main_slider_content_alignment":"left","hide_slider_category":true,"hide_slider_date":true,"hide_slider_author":true,"hide_slider_comment":true,"hide_slider_button":false,"slider_button_text":"READ MORE","main_slider_height":"650","slider_width_controls":"full","slider_excerpt_length":25,"main_slider_button_border_radius":"0","highlight_posts_posts_number":"4","blog_post_title_color":"#ffffff","blog_post_text_color":"#bababa","blog_post_button_color":"#cccccc","highlight_posts_columns":"four_columns","page_title_position":"below_feature_image","highlight_posts_height":"280","sidebar_settings":"right","archive_post_layout":"list","feature_posts_slides_show":"4","hide_feature_posts_author":true,"hide_feature_posts_date":true,"hide_feature_posts_comment":true,"feature_posts_section_title":"Featured Posts","sticky_simple_post_excerpt_length":"40","hide_post_button":false,"post_button_text":"READ MORE","blog_post_meta_color":"#999999","site_primary_color":"#e9aa3e","blog_post_category_color":"#e9aa3e","general_title_font_control":{"font-family":"Playfair Display","text-transform":"capitalize","font-backup":"","variant":"700","font-weight":700,"font-style":"normal"},"blog_page_title_font_control":{"font-family":"Playfair Display","font-size":"21px","text-transform":"capitalize","font-backup":"","variant":"500","font-weight":500,"font-style":"normal"},"highlight_posts_category":"","footer_text":"Copyright \u00a9 2020<a href=\"https:\/\/demo.bosathemes.com\/bosa\/blog-03\" title=\"Bosa Fashion Blog\"> Bosa Fashion Blog<\/a> ","footer_layout":"footer_one","bottom_footer_background_color":"#000000","bottom_footer_text_link_color":"#cccccc","top_footer_widget_title_color":"#ffffff","top_footer_widget_content_color":"#bababa","disable_feature_posts_section_title":false,"header_textcolor":"#cccccc","site_body_text_color":"#969696","site_heading_text_color":"#cccccc","background_image":"","disable_highlight_posts_section_title":false,"highlight_posts_section_title":"You May Also Like","disable_header_below_border":true,"disable_header_border":true,"logo_width":"230","disable_site_title":true,"disable_site_tagline":true,"slider_category":"7","disable_header_slider_autoplay":true,"disable_sticky_sidebar":false,"single_post_author_title":"About the Author","hide_related_posts":false,"related_posts_title":"Related Posts","top_header_background_color":"#000000","bottom_header_background_color":"#000000","top_header_text_color":"#f4f4f4","bottom_header_text_color":"#b1b1b1","bottom_header_text_link_hover_color":"#d0b98f","slider_button_type":"button-outline","feature_posts_section_title_desc_alignment":"center","disable_feature_posts_section_description":false,"feature_posts_section_description":"Repudiandae illo in lorem nostrum augue aut at aliquet ducimus vestibulum imperdiet.","feature_posts_category":"5","feature_posts_overlay_opacity":"4","feature_posts_posts_number":"6","feature_posts_height":"300","feature_posts_image_size":"pattern","disable_latest_posts_section_title":false,"disable_latest_posts_section_description":true,"latest_posts_section_description":"","latest_posts_section_title":"From Our Blog","background_color":"000000","post_button_border_radius":"0","blog_post_button_text_color":"#c7a770","post_button_type":"button-outline","post_excerpt_length":"15","disable_fixed_header":false,"disable_parallax_scrolling":true,"fixed_header_logo_width":"270","section_title_font_control":{"font-family":"Playfair Display","variant":"700","font-size":"40px","text-transform":"capitalize","font-backup":"","font-weight":700,"font-style":"normal"},"social_icons_size":"18","header_image_size":"cover","mid_header_background_color":"rgba(0,0,0,0.85)","site_title_color":"#ffffff","site_tagline_color":"#cccccc","body_font_control":{"font-family":"Montserrat","variant":"regular","font-size":"15px","font-backup":"","font-weight":400,"font-style":"normal"},"page_title_font_control":{"font-family":"Playfair Display","variant":"700","font-size":"44px","text-transform":"capitalize","font-backup":"","font-weight":700,"font-style":"normal"},"blog_post_button_background_color":"#c7a770","slider_posts_number":"3","header_button_repeater":[{"header_btn_type":"button-outline","header_btn_bg_color":"#eb5a3e","header_btn_border_color":"#1a1a1a","header_btn_text_color":"#1a1a1a","header_btn_hover_color":"#086abd","header_btn_text":"","header_btn_link":"","header_btn_target":true,"header_btn_radius":0}],"transparent_header_button_repeater":[{"transparent_header_btn_type":"button-outline","transparent_header_home_btn_bg_color":"#eb5a3e","transparent_header_home_btn_border_color":"#ffffff","transparent_header_home_btn_text_color":"#ffffff","transparent_header_btn_bg_color":"#eb5a3e","transparent_header_btn_border_color":"#1a1a1a","transparent_header_btn_text_color":"#1a1a1a","transparent_header_btn_hover_color":"#086abd","transparent_header_btn_text":"","transparent_header_btn_link":"","transparent_header_btn_target":true,"transparent_header_btn_radius":0}],"main_slider_button_repeater":[{"slider_btn_type":"button-outline","slider_btn_bg_color":"#c7a770","slider_btn_border_color":"#ffffff","slider_btn_text_color":"#ffffff","slider_btn_hover_color":"#c7a770","slider_btn_text":"read more","slider_btn_radius":0}],"main_banner_buttons_repeater":[{"banner_btn_type":"button-outline","banner_btn_bg_color":"#c7a770","banner_btn_border_color":"#ffffff","banner_btn_text_color":"#ffffff","banner_btn_hover_color":"#c7a770","banner_btn_text":"learn more","banner_btn_link":"#","banner_btn_target":true,"banner_btn_radius":0}],"blog_page_button_repeater":[{"blog_btn_type":"button-outline","blog_btn_bg_color":"#c7a770","blog_btn_border_color":"#6d6d6d","blog_btn_text_color":"#ffffff","blog_btn_hover_color":"#c7a770","blog_btn_text":"Read more","blog_btn_radius":0}],"footer_widget_area_top_padding":"20","bottom_footer_text_color":"#bababa","top_footer_widget_link_color":"#bababa","disable_mobile_search_icon":true,"site_hover_color":"#c7a770","top_header_text_link_hover_color":"#c7a770","main_menu_font_control":{"font-family":"Montserrat","font-size":"15px","text-transform":"uppercase","variant":"600","line-height":"1.5","font-backup":"","font-weight":600,"font-style":"normal"},"mid_header_text_link_hover_color":"#c7a770","separate_hover_color_for_main_slider":"#c7a770","main_slider_button_font_control":{"font-family":"Montserrat","variant":"600","font-size":"15px","text-transform":"uppercase","line-height":"1.5","font-backup":"","font-weight":600,"font-style":"normal"},"main_slider_title_font_control":{"font-family":"Playfair Display","variant":"600","font-size":"50px","text-transform":"capitalize","line-height":"1.4","font-backup":"","font-weight":600,"font-style":"normal"},"main_slider_excerpt_font_control":{"font-family":"Montserrat","variant":"regular","font-size":"16px","text-transform":"initial","line-height":"1.8","font-backup":"","font-weight":400,"font-style":"normal"},"feature_posts_font_control":{"font-family":"Playfair Display","variant":"500","font-size":"22px","text-transform":"capitalize","line-height":"1.4","font-backup":"","font-weight":500,"font-style":"normal"},"highlight_posts_cat_font_control":{"font-family":"Montserrat","variant":"regular","font-size":"12px","text-transform":"uppercase","line-height":"1","font-backup":"","font-weight":400,"font-style":"normal"},"highlight_posts_title_font_control":{"font-family":"Playfair Display","variant":"500","font-size":"20px","text-transform":"none","line-height":"1.4","font-backup":"","font-weight":500,"font-style":"normal"},"highlight_posts_meta_font_control":{"font-family":"Montserrat","variant":"regular","font-size":"13px","text-transform":"capitalize","line-height":"1.6","font-backup":"","font-weight":400,"font-style":"normal"},"blog_post_title_font_control":{"font-family":"Playfair Display","variant":"500","font-size":"21px","text-transform":"capitalize","line-height":"1.4","font-backup":"","font-weight":500,"font-style":"normal"},"blog_post_cat_font_control":{"font-family":"Montserrat","variant":"regular","font-size":"13px","text-transform":"uppercase","line-height":"1.6","font-backup":"","font-weight":400,"font-style":"normal"},"blog_post_meta_font_control":{"font-family":"Montserrat","variant":"regular","font-size":"13px","text-transform":"capitalize","line-height":"1.6","font-backup":"","font-weight":400,"font-style":"normal"},"blog_post_excerpt_font_control":{"font-family":"Montserrat","variant":"regular","font-size":"15px","text-transform":"initial","line-height":"1.8","font-backup":"","font-weight":400,"font-style":"normal"},"sidebar_widget_title_font_control":{"font-family":"Playfair Display","variant":"500","font-size":"16px","text-transform":"uppercase","line-height":"1.4","font-backup":"","font-weight":500,"font-style":"normal"},"top_footer_widget_link_hover_color":"#c7a770","footer_widget_title_font_control":{"font-family":"Playfair Display","variant":"500","font-size":"18px","text-transform":"none","line-height":"1.4","font-backup":"","font-weight":500,"font-style":"normal"},"bottom_footer_text_link_hover_color":"#c7a770","footer_style_font_control":{"font-family":"Playfair Display","variant":"500","font-size":"14px","text-transform":"capitalize","line-height":"1.6","font-backup":"","font-weight":500,"font-style":"normal"},"bottom_footer_image_width":"270","main_slider_controls":"slider","banner_title":"Welcome to bosa","banner_subtitle":"Bosa is the perfect theme for your Business","main_banner_button_font_control":{"font-family":"Open Sans","variant":"regular","font-size":"15px","text-transform":"uppercase","line-height":"1","font-backup":"","font-weight":400,"font-style":"normal"},"blog_post_button_font_control":{"font-family":"Open Sans","variant":"600","font-size":"14px","text-transform":"uppercase","line-height":"1.6","font-backup":"","font-weight":600,"font-style":"normal"},"preloader_animation":"animation_three","preloader_custom_image_width":"60","disable_header_slider_dots":true,"slider_image_overlay_opacity":"5","custom_logo":541,"feature_posts_text_alignment":"text-left","hide_featured_posts_category":false,"hide_featured_posts_date":true,"hide_featured_posts_author":true,"hide_featured_posts_comment":true,"feature_posts_title_alignment":"align-bottom","highlight_post_title_color":"#ffffff","highlight_post_category_bgcolor":"#e9aa3e","highlight_post_hover_color":"#c7a770","feature_posts_section_title_font_control":{"font-family":"Playfair Display","variant":"600","font-size":"30px","text-transform":"none","line-height":"1.2","font-backup":"","font-weight":600,"font-style":"normal"},"feature_posts_section_description_font_control":{"font-family":"Montserrat","variant":"regular","font-size":"16px","text-transform":"none","line-height":"1.8","font-backup":"","font-weight":400,"font-style":"normal"},"latest_posts_section_title_font_control":{"font-family":"Playfair Display","variant":"600","font-size":"26px","text-transform":"none","line-height":"1.2","font-backup":"","font-weight":600,"font-style":"normal"},"highlight_posts_section_title_font_control":{"font-family":"Playfair Display","variant":"600","font-size":"24px","text-transform":"none","line-height":"1.2","font-backup":"","font-weight":600,"font-style":"normal"},"featured_post_hover_color":"#c7a770","highlight_post_meta_icon_color":"#e9aa3e","blog_post_meta_icon_color":"#e9aa3e","featured_post_category_bgcolor":"#e9aa3e"},"woocommerce_shop_page_id":"440","woocommerce_shop_page_id-child":"440"}}