{"widget_positions":{"wp_inactive_widgets":["media_audio-3","categories-4","recent-posts-3","a2a_follow_widget-5"],"right-sidebar":["bosa_author_widget-3","bosa_latest_post-3","media_image-3","calendar-3","media_gallery-3","a2a_follow_widget-4"],"menu-sidebar":["search-2","bosa_author_widget-2","bosa_latest_post-6","a2a_follow_widget-2"],"left-sidebar":["text-2","search-3","media_video-3","categories-2","bosa_latest_post-5"],"woocommerce-right-sidebar":["woocommerce_product_search-2","woocommerce_price_filter-2","woocommerce_products-2","media_gallery-4"],"woocommerce-left-sidebar":[],"footer-sidebar-1":["text-3"],"footer-sidebar-2":["bosa_latest_post-2"],"footer-sidebar-3":["nav_menu-2"],"footer-sidebar-4":["media_gallery-2"],"array_version":3},"widget_options":{"media_audio":{"_multiwidget":1,"3":{"preload":"none","loop":false,"mp3":"","ogg":"","flac":"","m4a":"","wav":"","attachment_id":0,"url":"","title":""}},"categories":{"2":{"title":"","count":0,"hierarchical":0,"dropdown":0},"_multiwidget":1,"4":{"title":"Categories","count":0,"hierarchical":0,"dropdown":0}},"recent-posts":{"_multiwidget":1,"3":{"title":"Recent Posts","number":5,"show_date":true}},"a2a_follow_widget":{"2":{"title":"Follow Us:","icon_size":"20","facebook_id":"https:\/\/www.facebook.com\/ID","twitter_id":"https:\/\/twitter.com\/ID","instagram_id":"https:\/\/www.instagram.com\/ID","pinterest_id":"https:\/\/www.pinterest.com\/ID","behance_id":"","flickr_id":"","foursquare_id":"","github_id":"#","linkedin_id":"#","linkedin_company_id":"","medium_id":"","snapchat_id":"","tumblr_id":"","vimeo_id":"","youtube_id":"https:\/\/www.youtube.com\/user\/ID","youtube_channel_id":"","feed_id":""},"_multiwidget":1,"4":{"title":"Follow Us:","icon_size":"20","facebook_id":"https:\/\/www.facebook.com\/ID","twitter_id":"https:\/\/twitter.com\/ID","instagram_id":"https:\/\/www.instagram.com\/ID","pinterest_id":"https:\/\/www.pinterest.com\/ID","behance_id":"","flickr_id":"","foursquare_id":"","github_id":"#","linkedin_id":"#","linkedin_company_id":"","medium_id":"","snapchat_id":"","tumblr_id":"","vimeo_id":"","youtube_id":"https:\/\/www.youtube.com\/user\/ID","youtube_channel_id":"","feed_id":""},"5":[]},"bosa_author_widget":{"2":{"title":"About the Author","page_id":84,"full-square-thumb":false,"page_title":true,"excerpt_count":"20","sub_title":"Lifestyle Blogger","social_title":null,"social_desc":null,"social_menu_icon_1":"fab fa-facebook","social_menu_link_1":"#","social_menu_icon_2":"fab fa-twitter","social_menu_link_2":"#","social_menu_icon_3":"fab fa-instagram","social_menu_link_3":"#","social_menu_icon_4":"fab fa-pinterest","social_menu_link_4":"#","social_menu_icon_5":"","social_menu_link_5":"","social_menu_icon_6":"","social_menu_link_6":"","social_menu_icon_7":"","social_menu_link_7":"","social_menu_icon_8":"","social_menu_link_8":"","social_menu_icon_9":"","social_menu_link_9":""},"_multiwidget":1,"3":{"title":"About Author","page_id":84,"full-square-thumb":false,"page_title":true,"excerpt_count":"20","sub_title":"Lifestyle Blogger","social_title":null,"social_desc":null,"social_menu_icon_1":"","social_menu_link_1":"","social_menu_icon_2":"","social_menu_link_2":"","social_menu_icon_3":"","social_menu_link_3":"","social_menu_icon_4":"","social_menu_link_4":"","social_menu_icon_5":"","social_menu_link_5":"","social_menu_icon_6":"","social_menu_link_6":"","social_menu_icon_7":"","social_menu_link_7":"","social_menu_icon_8":"","social_menu_link_8":"","social_menu_icon_9":"","social_menu_link_9":""}},"bosa_latest_post":{"3":{"title":"Latest Posts","per_page":"5","show_date_comment":true,"layout":"left"},"2":{"title":"Latest Posts","per_page":"2","show_date_comment":true,"layout":"left"},"5":{"title":"Recent Posts","per_page":"3","show_date_comment":true,"layout":"full"},"6":{"title":"Latest post","per_page":"2","show_date_comment":true,"layout":"full"},"_multiwidget":1},"media_image":{"3":{"size":"full","width":345,"height":450,"caption":"","alt":"","link_type":"custom","link_url":"#","image_classes":"","link_classes":"","link_rel":"","link_target_blank":false,"image_title":"Advertisement","attachment_id":420,"url":"https:\/\/demo.bosathemes.com\/bosa\/blog-03\/wp-content\/uploads\/sites\/9\/2020\/12\/bosa-blog2-img17.jpg","title":"Advertisement"},"_multiwidget":1},"calendar":{"_multiwidget":1,"3":{"title":"Event Calendar"}},"media_gallery":{"3":{"title":"Gallery","ids":[350,351,352,353,338,337],"columns":3,"size":"thumbnail","link_type":"post","orderby_random":false},"2":{"title":"Gallery","ids":[385,380,375,374,368,367],"columns":3,"size":"thumbnail","link_type":"post","orderby_random":false},"4":{"title":"Gallery","ids":[455,451,448,447,446,445],"columns":3,"size":"thumbnail","link_type":"post","orderby_random":false},"_multiwidget":1},"search":{"2":{"title":""},"3":{"title":"Search"},"_multiwidget":1},"text":{"1":[],"2":{"title":"Welcome!","text":"<strong>Ultricies eos dicta adipiscing voluptatem nonummy iure felis odit aperiam porta veniam cumque!<\/strong>\r\n\r\nAenean, cumque officiis nisi laborum convallis error urna! felis odit aperiam porta veniam cumque! Aenean, cumque officiis nisi laborum convallis error urna!","filter":true,"visual":true},"3":{"title":"","text":"<img class=\"alignnone size-full wp-image-540\" src=\"https:\/\/demo.bosathemes.com\/bosa\/blog-03\/wp-content\/uploads\/sites\/9\/2021\/02\/bosa-fashion-blog-logo01.png\" alt=\"\" width=\"180\" height=\"47\" \/>\r\n\r\nBosa is clean, creative, powerful, flexible, highly customizable and Gutenberg ready WordPress theme. It is fully responsive and is sure to make your website stand out from the crowd.","filter":true,"visual":true},"_multiwidget":1},"media_video":{"_multiwidget":1,"3":{"preload":"auto","loop":true,"content":"","mp4":"https:\/\/demo.bosathemes.com\/bosa\/blog-03\/wp-content\/uploads\/sites\/9\/2020\/09\/bosa-fashion-blog-video.mp4","m4v":"","webm":"","ogv":"","flv":"","attachment_id":103,"url":"https:\/\/demo.bosathemes.com\/bosa\/blog-03\/wp-content\/uploads\/sites\/9\/2020\/09\/bosa-fashion-blog-video.mp4","title":"Video"}},"woocommerce_product_search":{"2":{"title":"Product Search"},"_multiwidget":1},"woocommerce_price_filter":{"2":{"title":"Filter by price"},"_multiwidget":1},"woocommerce_products":{"2":{"title":"Products","number":5,"show":"","orderby":"date","order":"desc","hide_free":0,"show_hidden":0},"_multiwidget":1},"nav_menu":{"2":{"title":"Links","nav_menu":2},"_multiwidget":1}}}