{"menu":{"menu-2":13,"menu-1":12},"options":{"blogname":"Bosa Business 02","blogname-child":"Bosa Business 02","blogdescription":"Bosa is the perfect theme for your Business","blogdescription-child":"Bosa is the perfect theme for your Business","posts_per_page":"10","posts_per_page-child":"10","date_format":"F j, Y","date_format-child":"F j, Y","time_format":"g:i a","time_format-child":"g:i a","show_on_front":"page","show_on_front-child":"page","thumbnail_size_w":"150","thumbnail_size_w-child":"150","thumbnail_size_h":"150","thumbnail_size_h-child":"150","thumbnail_crop":"1","thumbnail_crop-child":"1","medium_size_w":"300","medium_size_w-child":"300","medium_size_h":"300","medium_size_h-child":"300","avatar_default":"mystery","avatar_default-child":"mystery","large_size_w":"1024","large_size_w-child":"1024","large_size_h":"1024","large_size_h-child":"1024","page_for_posts":"46","page_for_posts-child":"46","page_on_front":"44","page_on_front-child":"44","medium_large_size_w":"768","medium_large_size_w-child":"768","medium_large_size_h":"0","medium_large_size_h-child":"0","theme_mods_bosa-pro":{"custom_css_post_id":122,"advanced_import_setup_complete":1600329139,"logo_width":"170","header_image_slider":[],"social_media_links":[{"icon":"fab fa-facebook","link":"#","target":true},{"icon":"fab fa-twitter","link":"#","target":true},{"icon":"fab fa-google","link":"#","target":true},{"icon":"fab fa-instagram","link":"#","target":true},{"icon":"fab fa-pinterest","link":"#","target":true}],"main_banner_buttons":[{"text":"Button Text","link":"#","type":"button-outline"}],"coming_maintenance_buttons":[{"maintenance_btn_type":"button-primary","maintenance_btn_bg_color":"#f3525a","maintenance_btn_border_color":"#ffffff","maintenance_btn_text_color":"#ffffff","maintenance_btn_hover_color":"#bf1b23","maintenance_btn_text":"learn more","maintenance_btn_link":"#","maintenance_btn_target":true,"maintenance_btn_radius":"5"}],"coming_maintenance_image_slider":[],"header_layout":"header_two","header_image_height":"80","disable_header_button":false,"top_footer_widget_columns":"three_columns","top_footer_background_color":"#1a1a1a","top_footer_widget_title_color":"#dfdede","top_footer_widget_content_color":"#c6c6c6","top_footer_widget_link_color":"#ffffff","top_footer_widget_link_hover_color":"#bf1b23","bottom_footer_background_color":"#181818","bottom_footer_text_color":"#c1c1c1","bottom_footer_text_link_color":"#ffffff","footer_layout":"footer_eight","bottom_footer_text_link_hover_color":"#bf1b23","footer_text":"Copyright \u00a9 2021<a href=\"https:\/\/demo.bosathemes.com\/bosa\/business-02\" title=\"Bosa Business \"> Bosa Business 02<\/a> .  Theme: <a href=\"https:\/\/bosathemes.com\/\" target=\"_blank\" title=\"Bosa\" rel=\"author\">Bosa<\/a> By KeonThemes.","site_primary_color":"#f2525a","site_hover_color":"#bf1b23","hide_slider_category":false,"main_slider_height":"650","slider_image_overlay_opacity":"5","slider_button_type":"button-outline","highlight_posts_posts_number":"3","blog_page_title_font_control":{"font-family":"Merriweather","font-size":"20px","text-transform":"none","font-backup":"","variant":"700","font-weight":700,"font-style":"normal"},"archive_post_layout":"grid","blog_post_category_color":"#f2525a","general_title_font_control":{"font-family":"Merriweather","text-transform":"none","font-backup":"","variant":"700","font-weight":700,"font-style":"normal"},"main_slider_button_border_radius":"5","body_font_control":{"font-family":"Rubik","font-size":"15px","font-backup":"","variant":"regular","font-weight":400,"font-style":"normal"},"custom_logo":558,"disable_site_title":true,"disable_site_tagline":true,"header_button_repeater":[{"header_btn_type":""}],"disable_notification_bar":true,"footer_widget_layout":"footer_widget_layout_one","disable_footer_widget_title_border":true,"disable_footer_widget_list_item_border":false,"header_separate_logo":556,"bottom_header_text_link_hover_color":"#bf1b23","blog_post_title_font_control":{"font-family":"Merriweather","variant":"700","font-size":"20px","text-transform":"none","line-height":"1.4","font-backup":"","font-weight":700,"font-style":"normal"},"main_slider_font_control":{"font-family":"Merriweather","variant":"900","font-size":"50px","text-transform":"uppercase","line-height":"1.3","font-backup":"","font-weight":900,"font-style":"normal"},"section_title_font_control":{"font-family":"Merriweather","variant":"900","font-size":"30px","text-transform":"capitalize","font-backup":"","font-weight":900,"font-style":"normal"},"page_title_font_control":{"font-family":"Merriweather","variant":"900","font-size":"32px","text-transform":"capitalize","font-backup":"","font-weight":900,"font-style":"normal"},"main_menu_font_control":{"font-family":"Merriweather","font-size":"15px","text-transform":"none","variant":"700","line-height":"1.5","font-backup":"","font-weight":700,"font-style":"normal"},"highlight_posts_font_control":{"font-family":"Merriweather","variant":"700","font-size":"18px","text-transform":"capitalize","line-height":"1.4","font-backup":"","font-weight":700,"font-style":"normal"},"feature_posts_columns":"two_columns","feature_posts_overlay_opacity":"4","feature_posts_posts_number":"2","feature_posts_font_control":{"font-family":"Merriweather","variant":"700","font-size":"20px","text-transform":"capitalize","line-height":"1.4","font-backup":"","font-weight":700,"font-style":"normal"},"feature_posts_height":"300","highlight_posts_title_font_control":{"font-family":"Merriweather","variant":"700","font-size":"18px","text-transform":"capitalize","line-height":"1.4","font-backup":"","font-weight":700,"font-style":"normal"},"highlight_posts_section_title":"You may also like","slider_button_text":"LEARN MORE","footer_widget_title_font_control":{"font-family":"Merriweather","variant":"700","font-size":"18px","text-transform":"capitalize","line-height":"1.4","font-backup":"","font-weight":700,"font-style":"normal"},"footer_style_font_control":{"font-family":"Merriweather","variant":"700","font-size":"14px","text-transform":"none","line-height":"1.6","font-backup":"","font-weight":700,"font-style":"normal"},"sidebar_widget_title_font_control":{"font-family":"Merriweather","variant":"700","font-size":"15px","text-transform":"uppercase","line-height":"1.4","font-backup":"","font-weight":700,"font-style":"normal"},"transparent_header_button_repeater":[{"transparent_header_btn_type":"button-outline","transparent_header_home_btn_bg_color":"#eb5a3e","transparent_header_home_btn_border_color":"#ffffff","transparent_header_home_btn_text_color":"#ffffff","transparent_header_btn_bg_color":"#eb5a3e","transparent_header_btn_border_color":"#383838","transparent_header_btn_text_color":"#383838","transparent_header_btn_hover_color":"#bf1b23","transparent_header_btn_text":"Get a Quote","transparent_header_btn_link":"#","transparent_header_btn_target":true,"transparent_header_btn_radius":"5"}],"notification_button_repeater":[{"noti_btn_type":"button-primary","noti_btn_bg_color":"#f3525a","noti_btn_border_color":"#ffffff","noti_btn_text_color":"#ffffff","noti_btn_hover_color":"#bb1919","noti_btn_text":"View More","noti_btn_link":"#","noti_btn_target":true,"noti_btn_radius":0}],"footer_widget_area_top_padding":"80","main_slider_button_repeater":[{"slider_btn_type":"button-primary","slider_btn_bg_color":"#f3525a","slider_btn_border_color":"#ffffff","slider_btn_text_color":"#ffffff","slider_btn_hover_color":"#bf1b23","slider_btn_text":"Learn More","slider_btn_radius":"5"}],"main_banner_buttons_repeater":[{"banner_btn_type":"button-primary","banner_btn_bg_color":"#f3525a","banner_btn_border_color":"#ffffff","banner_btn_text_color":"#ffffff","banner_btn_hover_color":"#bf1b23","banner_btn_text":"Learn More","banner_btn_link":"#","banner_btn_target":true,"banner_btn_radius":"13"}],"blog_page_button_repeater":[{"blog_btn_type":"button-primary","blog_btn_bg_color":"#f3525a","blog_btn_border_color":"#1a1a1a","blog_btn_text_color":"#ffffff","blog_btn_hover_color":"#bf1b23","blog_btn_text":"View More","blog_btn_radius":"5"}],"bottom_footer_image_width":"170","bottom_footer_image":556,"bottom_footer_area_top_padding":"50","bottom_footer_area_bottom_padding":"40","social_icons_size":"20","disable_hamburger_menu_icon":true,"top_header_text_link_hover_color":"#ffcfd1","top_hover_color_transparent_header":"#e79296","content_hover_color_transparent_header":"#e79296","disable_fixed_header":false,"header_buttons_font_control":{"font-family":"Rubik","variant":"500","font-size":"14px","text-transform":"uppercase","line-height":"1","font-backup":"","font-weight":500,"font-style":"normal"},"disable_footer_widget":false,"separate_hover_color_for_main_slider":"#eeb4b7","main_slider_cat_font_control":{"font-family":"Rubik","variant":"regular","font-size":"15px","text-transform":"uppercase","line-height":"1.6","font-backup":"","font-weight":400,"font-style":"normal"},"main_slider_title_font_control":{"font-family":"Merriweather","variant":"900","font-size":"55px","text-transform":"capitalize","line-height":"1.4","font-backup":"","font-weight":900,"font-style":"normal"},"main_slider_meta_font_control":{"font-family":"Rubik","variant":"regular","font-size":"13px","text-transform":"capitalize","line-height":"1.6","font-backup":"","font-weight":400,"font-style":"normal"},"main_slider_excerpt_font_control":{"font-family":"Rubik","variant":"regular","font-size":"16px","text-transform":"initial","line-height":"1.8","font-backup":"","font-weight":400,"font-style":"normal"},"main_slider_button_font_control":{"font-family":"Rubik","variant":"500","font-size":"15px","text-transform":"uppercase","line-height":"1.5","font-backup":"","font-weight":500,"font-style":"normal"},"disable_feature_posts_section_title":false,"disable_latest_posts_section_title":false,"highlight_posts_cat_font_control":{"font-family":"Rubik","variant":"regular","font-size":"12px","text-transform":"uppercase","line-height":"1","font-backup":"","font-weight":400,"font-style":"normal"},"highlight_posts_meta_font_control":{"font-family":"Rubik","variant":"regular","font-size":"13px","text-transform":"capitalize","line-height":"1.6","font-backup":"","font-weight":400,"font-style":"normal"},"blog_post_cat_font_control":{"font-family":"Rubik","variant":"regular","font-size":"13px","text-transform":"uppercase","line-height":"1.6","font-backup":"","font-weight":400,"font-style":"normal"},"blog_post_meta_font_control":{"font-family":"Rubik","variant":"regular","font-size":"13px","text-transform":"capitalize","line-height":"1.6","font-backup":"","font-weight":400,"font-style":"normal"},"blog_post_excerpt_font_control":{"font-family":"Rubik","variant":"regular","font-size":"15px","text-transform":"initial","line-height":"1.8","font-backup":"","font-weight":400,"font-style":"normal"},"fixed_header_separate_logo":558,"fixed_header_logo_width":"160","transparent_header_top_header_color":"#e0e0e0","top_header_background_color":"#f3525a","top_header_text_color":"#ffffff","transparent_header_top_background_color":"rgba(221,153,51,0)","preloader_animation":"animation_two","preloader_custom_image_width":"40","disable_preloader":false,"disable_mobile_search_icon":false,"contact_phone":"+ 1987 123456","contact_email":"yourmail@email.com","contact_address":"Rock Street, San Francisco","disable_sticky_sidebar":false,"sub_menu_link_hover_color":"#bf1b23","notification_bar_buttons_font_control":{"font-family":"Rubik","variant":"500","font-size":"13px","text-transform":"uppercase","line-height":"1","font-backup":"","font-weight":500,"font-style":"normal"},"main_slider_controls":"slider","main_banner_button_font_control":{"font-family":"Rubik","variant":"500","font-size":"15px","text-transform":"uppercase","line-height":"1","font-backup":"","font-weight":500,"font-style":"normal"},"hide_post_button":true,"blog_post_button_font_control":{"font-family":"Rubik","variant":"600","font-size":"14px","text-transform":"uppercase","line-height":"1.6","font-backup":"","font-weight":600,"font-style":"normal"},"maintenance_buttons_font_control":{"font-family":"Rubik","variant":"500","font-size":"15px","text-transform":"uppercase","line-height":"1","font-backup":"","font-weight":500,"font-style":"normal"},"bottom_footer_image_link":"https:\/\/demo.bosathemes.com\/bosa\/business-02\/","featured_post_hover_color":"#bf1b23","highlight_post_category_bgcolor":"#eb5a3e","highlight_post_title_color":"#101010","highlight_posts_section_layouts":"highlighted_one","highlight_post_hover_color":"#bf1b23","feature_posts_title_alignment":"align-bottom","feature_posts_section_title_font_control":{"font-family":"Merriweather","variant":"700","font-size":"30px","text-transform":"none","line-height":"1.2","font-backup":"","font-weight":700,"font-style":"normal"},"latest_posts_section_title_font_control":{"font-family":"Merriweather","variant":"700","font-size":"30px","text-transform":"none","line-height":"1.2","font-backup":"","font-weight":700,"font-style":"normal"},"highlight_posts_section_title_font_control":{"font-family":"Merriweather","variant":"700","font-size":"30px","text-transform":"none","line-height":"1.2","font-backup":"","font-weight":700,"font-style":"normal"}},"theme_mods_bosa-pro-child":{"custom_css_post_id":122,"nav_menu_locations":{"menu-2":13,"menu-1":12},"advanced_import_setup_complete":1600329139,"logo_width":"170","header_image_slider":[],"social_media_links":[{"icon":"fab fa-facebook","link":"#","target":true},{"icon":"fab fa-twitter","link":"#","target":true},{"icon":"fab fa-google","link":"#","target":true},{"icon":"fab fa-instagram","link":"#","target":true},{"icon":"fab fa-pinterest","link":"#","target":true}],"main_banner_buttons":[{"text":"Button Text","link":"#","type":"button-outline"}],"coming_maintenance_buttons":[{"maintenance_btn_type":"button-primary","maintenance_btn_bg_color":"#f3525a","maintenance_btn_border_color":"#ffffff","maintenance_btn_text_color":"#ffffff","maintenance_btn_hover_color":"#bf1b23","maintenance_btn_text":"learn more","maintenance_btn_link":"#","maintenance_btn_target":true,"maintenance_btn_radius":"5"}],"coming_maintenance_image_slider":[],"header_layout":"header_two","header_image_height":"80","disable_header_button":false,"top_footer_widget_columns":"three_columns","top_footer_background_color":"#1a1a1a","top_footer_widget_title_color":"#dfdede","top_footer_widget_content_color":"#c6c6c6","top_footer_widget_link_color":"#ffffff","top_footer_widget_link_hover_color":"#bf1b23","bottom_footer_background_color":"#181818","bottom_footer_text_color":"#c1c1c1","bottom_footer_text_link_color":"#ffffff","footer_layout":"footer_eight","bottom_footer_text_link_hover_color":"#bf1b23","footer_text":"Copyright \u00a9 2021<a href=\"https:\/\/demo.bosathemes.com\/bosa\/business-02\" title=\"Bosa Business \"> Bosa Business 02<\/a> .  Theme: <a href=\"https:\/\/bosathemes.com\/\" target=\"_blank\" title=\"Bosa\" rel=\"author\">Bosa<\/a> By KeonThemes.","site_primary_color":"#f2525a","site_hover_color":"#bf1b23","hide_slider_category":false,"main_slider_height":"650","slider_image_overlay_opacity":"5","slider_button_type":"button-outline","highlight_posts_posts_number":"3","blog_page_title_font_control":{"font-family":"Merriweather","font-size":"20px","text-transform":"none","font-backup":"","variant":"700","font-weight":700,"font-style":"normal"},"archive_post_layout":"grid","blog_post_category_color":"#f2525a","general_title_font_control":{"font-family":"Merriweather","text-transform":"none","font-backup":"","variant":"700","font-weight":700,"font-style":"normal"},"main_slider_button_border_radius":"5","body_font_control":{"font-family":"Rubik","font-size":"15px","font-backup":"","variant":"regular","font-weight":400,"font-style":"normal"},"custom_logo":558,"disable_site_title":true,"disable_site_tagline":true,"header_button_repeater":[{"header_btn_type":""}],"disable_notification_bar":true,"footer_widget_layout":"footer_widget_layout_one","disable_footer_widget_title_border":true,"disable_footer_widget_list_item_border":false,"header_separate_logo":556,"bottom_header_text_link_hover_color":"#bf1b23","blog_post_title_font_control":{"font-family":"Merriweather","variant":"700","font-size":"20px","text-transform":"none","line-height":"1.4","font-backup":"","font-weight":700,"font-style":"normal"},"main_slider_font_control":{"font-family":"Merriweather","variant":"900","font-size":"50px","text-transform":"uppercase","line-height":"1.3","font-backup":"","font-weight":900,"font-style":"normal"},"section_title_font_control":{"font-family":"Merriweather","variant":"900","font-size":"30px","text-transform":"capitalize","font-backup":"","font-weight":900,"font-style":"normal"},"page_title_font_control":{"font-family":"Merriweather","variant":"900","font-size":"32px","text-transform":"capitalize","font-backup":"","font-weight":900,"font-style":"normal"},"main_menu_font_control":{"font-family":"Merriweather","font-size":"15px","text-transform":"none","variant":"700","line-height":"1.5","font-backup":"","font-weight":700,"font-style":"normal"},"highlight_posts_font_control":{"font-family":"Merriweather","variant":"700","font-size":"18px","text-transform":"capitalize","line-height":"1.4","font-backup":"","font-weight":700,"font-style":"normal"},"feature_posts_columns":"two_columns","feature_posts_overlay_opacity":"4","feature_posts_posts_number":"2","feature_posts_font_control":{"font-family":"Merriweather","variant":"700","font-size":"20px","text-transform":"capitalize","line-height":"1.4","font-backup":"","font-weight":700,"font-style":"normal"},"feature_posts_height":"300","highlight_posts_title_font_control":{"font-family":"Merriweather","variant":"700","font-size":"18px","text-transform":"capitalize","line-height":"1.4","font-backup":"","font-weight":700,"font-style":"normal"},"highlight_posts_section_title":"You may also like","slider_button_text":"LEARN MORE","footer_widget_title_font_control":{"font-family":"Merriweather","variant":"700","font-size":"18px","text-transform":"capitalize","line-height":"1.4","font-backup":"","font-weight":700,"font-style":"normal"},"footer_style_font_control":{"font-family":"Merriweather","variant":"700","font-size":"14px","text-transform":"none","line-height":"1.6","font-backup":"","font-weight":700,"font-style":"normal"},"sidebar_widget_title_font_control":{"font-family":"Merriweather","variant":"700","font-size":"15px","text-transform":"uppercase","line-height":"1.4","font-backup":"","font-weight":700,"font-style":"normal"},"transparent_header_button_repeater":[{"transparent_header_btn_type":"button-outline","transparent_header_home_btn_bg_color":"#eb5a3e","transparent_header_home_btn_border_color":"#ffffff","transparent_header_home_btn_text_color":"#ffffff","transparent_header_btn_bg_color":"#eb5a3e","transparent_header_btn_border_color":"#383838","transparent_header_btn_text_color":"#383838","transparent_header_btn_hover_color":"#bf1b23","transparent_header_btn_text":"Get a Quote","transparent_header_btn_link":"#","transparent_header_btn_target":true,"transparent_header_btn_radius":"5"}],"notification_button_repeater":[{"noti_btn_type":"button-primary","noti_btn_bg_color":"#f3525a","noti_btn_border_color":"#ffffff","noti_btn_text_color":"#ffffff","noti_btn_hover_color":"#bb1919","noti_btn_text":"View More","noti_btn_link":"#","noti_btn_target":true,"noti_btn_radius":0}],"footer_widget_area_top_padding":"80","main_slider_button_repeater":[{"slider_btn_type":"button-primary","slider_btn_bg_color":"#f3525a","slider_btn_border_color":"#ffffff","slider_btn_text_color":"#ffffff","slider_btn_hover_color":"#bf1b23","slider_btn_text":"Learn More","slider_btn_radius":"5"}],"main_banner_buttons_repeater":[{"banner_btn_type":"button-primary","banner_btn_bg_color":"#f3525a","banner_btn_border_color":"#ffffff","banner_btn_text_color":"#ffffff","banner_btn_hover_color":"#bf1b23","banner_btn_text":"Learn More","banner_btn_link":"#","banner_btn_target":true,"banner_btn_radius":"13"}],"blog_page_button_repeater":[{"blog_btn_type":"button-primary","blog_btn_bg_color":"#f3525a","blog_btn_border_color":"#1a1a1a","blog_btn_text_color":"#ffffff","blog_btn_hover_color":"#bf1b23","blog_btn_text":"View More","blog_btn_radius":"5"}],"bottom_footer_image_width":"170","bottom_footer_image":556,"bottom_footer_area_top_padding":"50","bottom_footer_area_bottom_padding":"40","social_icons_size":"20","disable_hamburger_menu_icon":true,"top_header_text_link_hover_color":"#ffcfd1","top_hover_color_transparent_header":"#e79296","content_hover_color_transparent_header":"#e79296","disable_fixed_header":false,"header_buttons_font_control":{"font-family":"Rubik","variant":"500","font-size":"14px","text-transform":"uppercase","line-height":"1","font-backup":"","font-weight":500,"font-style":"normal"},"disable_footer_widget":false,"separate_hover_color_for_main_slider":"#eeb4b7","main_slider_cat_font_control":{"font-family":"Rubik","variant":"regular","font-size":"15px","text-transform":"uppercase","line-height":"1.6","font-backup":"","font-weight":400,"font-style":"normal"},"main_slider_title_font_control":{"font-family":"Merriweather","variant":"900","font-size":"55px","text-transform":"capitalize","line-height":"1.4","font-backup":"","font-weight":900,"font-style":"normal"},"main_slider_meta_font_control":{"font-family":"Rubik","variant":"regular","font-size":"13px","text-transform":"capitalize","line-height":"1.6","font-backup":"","font-weight":400,"font-style":"normal"},"main_slider_excerpt_font_control":{"font-family":"Rubik","variant":"regular","font-size":"16px","text-transform":"initial","line-height":"1.8","font-backup":"","font-weight":400,"font-style":"normal"},"main_slider_button_font_control":{"font-family":"Rubik","variant":"500","font-size":"15px","text-transform":"uppercase","line-height":"1.5","font-backup":"","font-weight":500,"font-style":"normal"},"disable_feature_posts_section_title":false,"disable_latest_posts_section_title":false,"highlight_posts_cat_font_control":{"font-family":"Rubik","variant":"regular","font-size":"12px","text-transform":"uppercase","line-height":"1","font-backup":"","font-weight":400,"font-style":"normal"},"highlight_posts_meta_font_control":{"font-family":"Rubik","variant":"regular","font-size":"13px","text-transform":"capitalize","line-height":"1.6","font-backup":"","font-weight":400,"font-style":"normal"},"blog_post_cat_font_control":{"font-family":"Rubik","variant":"regular","font-size":"13px","text-transform":"uppercase","line-height":"1.6","font-backup":"","font-weight":400,"font-style":"normal"},"blog_post_meta_font_control":{"font-family":"Rubik","variant":"regular","font-size":"13px","text-transform":"capitalize","line-height":"1.6","font-backup":"","font-weight":400,"font-style":"normal"},"blog_post_excerpt_font_control":{"font-family":"Rubik","variant":"regular","font-size":"15px","text-transform":"initial","line-height":"1.8","font-backup":"","font-weight":400,"font-style":"normal"},"fixed_header_separate_logo":558,"fixed_header_logo_width":"160","transparent_header_top_header_color":"#e0e0e0","top_header_background_color":"#f3525a","top_header_text_color":"#ffffff","transparent_header_top_background_color":"rgba(221,153,51,0)","preloader_animation":"animation_two","preloader_custom_image_width":"40","disable_preloader":false,"disable_mobile_search_icon":false,"contact_phone":"+ 1987 123456","contact_email":"yourmail@email.com","contact_address":"Rock Street, San Francisco","disable_sticky_sidebar":false,"sub_menu_link_hover_color":"#bf1b23","notification_bar_buttons_font_control":{"font-family":"Rubik","variant":"500","font-size":"13px","text-transform":"uppercase","line-height":"1","font-backup":"","font-weight":500,"font-style":"normal"},"main_slider_controls":"slider","main_banner_button_font_control":{"font-family":"Rubik","variant":"500","font-size":"15px","text-transform":"uppercase","line-height":"1","font-backup":"","font-weight":500,"font-style":"normal"},"hide_post_button":true,"blog_post_button_font_control":{"font-family":"Rubik","variant":"600","font-size":"14px","text-transform":"uppercase","line-height":"1.6","font-backup":"","font-weight":600,"font-style":"normal"},"maintenance_buttons_font_control":{"font-family":"Rubik","variant":"500","font-size":"15px","text-transform":"uppercase","line-height":"1","font-backup":"","font-weight":500,"font-style":"normal"},"bottom_footer_image_link":"https:\/\/demo.bosathemes.com\/bosa\/business-02\/","featured_post_hover_color":"#bf1b23","highlight_post_category_bgcolor":"#eb5a3e","highlight_post_title_color":"#101010","highlight_posts_section_layouts":"highlighted_one","highlight_post_hover_color":"#bf1b23","feature_posts_title_alignment":"align-bottom","feature_posts_section_title_font_control":{"font-family":"Merriweather","variant":"700","font-size":"30px","text-transform":"none","line-height":"1.2","font-backup":"","font-weight":700,"font-style":"normal"},"latest_posts_section_title_font_control":{"font-family":"Merriweather","variant":"700","font-size":"30px","text-transform":"none","line-height":"1.2","font-backup":"","font-weight":700,"font-style":"normal"},"highlight_posts_section_title_font_control":{"font-family":"Merriweather","variant":"700","font-size":"30px","text-transform":"none","line-height":"1.2","font-backup":"","font-weight":700,"font-style":"normal"}},"woocommerce_shop_page_id":"248","woocommerce_shop_page_id-child":"248"}}