{"widget_positions":{"wp_inactive_widgets":["archives-2","meta-2","search-2","categories-2","recent-posts-2","recent-comments-2"],"right-sidebar":["bosa_pro_latest_post-2","categories-4","media_gallery-3"],"menu-sidebar":["bosa_pro_author_widget-2"],"left-sidebar":["bosa_pro_author_widget-4","categories-3","media_gallery-2"],"woocommerce-right-sidebar":["woocommerce_price_filter-2","woocommerce_products-2","media_gallery-4"],"woocommerce-left-sidebar":[],"footer-sidebar-1":["text-2"],"footer-sidebar-2":["categories-5"],"footer-sidebar-3":["tag_cloud-2"],"footer-sidebar-4":["text-3"],"array_version":3},"widget_options":{"archives":{"2":{"title":"","count":0,"dropdown":0},"_multiwidget":1},"meta":{"2":{"title":""},"_multiwidget":1},"search":{"3":{"title":"Search"},"_multiwidget":1,"2":{"title":""}},"categories":{"3":{"title":"Categories","count":1,"hierarchical":0,"dropdown":0},"4":{"title":"Categories","count":1,"hierarchical":0,"dropdown":0},"2":{"title":"","count":0,"hierarchical":0,"dropdown":0},"5":{"title":"Categories","count":1,"hierarchical":0,"dropdown":0},"_multiwidget":1},"recent-posts":{"2":{"title":"","number":5},"4":{"title":"most viewed","number":4,"show_date":true},"_multiwidget":1},"recent-comments":{"2":{"title":"","number":5},"_multiwidget":1},"bosa_pro_latest_post":{"2":{"title":"Recent posts","per_page":"2","show_date_comment":true,"layout":"left"},"_multiwidget":1},"media_gallery":{"2":{"title":"Gallery","ids":[181,180,179,178,169,168],"columns":3,"size":"thumbnail","link_type":"post","orderby_random":false},"3":{"title":"Gallery","ids":[181,180,179,178,169,168],"columns":3,"size":"thumbnail","link_type":"post","orderby_random":false},"4":{"title":"Gallery","ids":[263,262,261,260,259,258],"columns":3,"size":"thumbnail","link_type":"post","orderby_random":false},"_multiwidget":1},"bosa_pro_author_widget":{"2":{"title":"About Our Supervisor","page_id":48,"full-square-thumb":false,"page_title":true,"excerpt_count":"20","sub_title":"Supervisor","social_title":null,"social_desc":null,"social_menu_icon_1":"fab fa-facebook","social_menu_link_1":"#","social_menu_icon_2":"fab fa-twitter","social_menu_link_2":"#","social_menu_icon_3":"fab fa-instagram","social_menu_link_3":"#","social_menu_icon_4":"","social_menu_link_4":"","social_menu_icon_5":"","social_menu_link_5":"","social_menu_icon_6":"","social_menu_link_6":"","social_menu_icon_7":"","social_menu_link_7":"","social_menu_icon_8":"","social_menu_link_8":"","social_menu_icon_9":"","social_menu_link_9":""},"4":{"title":"About the Author","page_id":48,"full-square-thumb":false,"page_title":true,"excerpt_count":"20","sub_title":"Supervisor","social_title":null,"social_desc":null,"social_menu_icon_1":"fab fa-facebook","social_menu_link_1":"#","social_menu_icon_2":"fab fa-twitter","social_menu_link_2":"#","social_menu_icon_3":"fab fa-ijnstagram","social_menu_link_3":"#","social_menu_icon_4":"","social_menu_link_4":"","social_menu_icon_5":"","social_menu_link_5":"","social_menu_icon_6":"","social_menu_link_6":"","social_menu_icon_7":"","social_menu_link_7":"","social_menu_icon_8":"","social_menu_link_8":"","social_menu_icon_9":"","social_menu_link_9":""},"_multiwidget":1},"woocommerce_price_filter":{"2":{"title":"Filter by price"},"_multiwidget":1},"woocommerce_products":{"2":{"title":"Our Products","number":3,"show":"","orderby":"date","order":"desc","hide_free":0,"show_hidden":0},"_multiwidget":1},"text":{"1":[],"2":{"title":"About Bosa Business 02","text":"Integer, sociis irure aspernatur, arcu euismod anim blanditiis? Aute voluptatum cursus varius, dis ab convallis quo hac cum porta harum pariatur penatibus adipiscing interdum. Aenean.","filter":true,"visual":true},"3":{"title":"Contact info","text":"Asperiores et? Mollit placerat sagittis odit bibendum, tempor soluta.\r\n<ul>\r\n \t<li><a href=\"#\">xyz@company.com<\/a><\/li>\r\n \t<li><a href=\"#\">(+133) 984 567 558 78<\/a><\/li>\r\n<\/ul>","filter":true,"visual":true},"_multiwidget":1},"tag_cloud":{"2":{"title":"Post tags","count":1,"taxonomy":"post_tag"},"_multiwidget":1}}}