{"menu":{"menu-2":10,"menu-1":9},"options":{"blogname":"Gutener Magazine","blogname-child":"Gutener Magazine","blogdescription":"Heart of Magazine","blogdescription-child":"Heart of Magazine","posts_per_page":"10","posts_per_page-child":"10","date_format":"F j, Y","date_format-child":"F j, Y","time_format":"g:i a","time_format-child":"g:i a","show_on_front":"page","show_on_front-child":"page","thumbnail_size_w":"150","thumbnail_size_w-child":"150","thumbnail_size_h":"150","thumbnail_size_h-child":"150","thumbnail_crop":"1","thumbnail_crop-child":"1","medium_size_w":"300","medium_size_w-child":"300","medium_size_h":"300","medium_size_h-child":"300","avatar_default":"mystery","avatar_default-child":"mystery","large_size_w":"700","large_size_w-child":"700","large_size_h":"700","large_size_h-child":"700","page_for_posts":"0","page_for_posts-child":"0","page_on_front":"214","page_on_front-child":"214","medium_large_size_w":"768","medium_large_size_w-child":"768","medium_large_size_h":"0","medium_large_size_h-child":"0","theme_mods_gutener-pro":{"0":false,"custom_css_post_id":221,"header_image_slider":[{"slider_item":217}],"social_media_links":[{"icon":"fab fa-facebook","link":"#"},{"icon":"fab fa-twitter","link":"#"},{"icon":"fab fa-youtube","link":"#"},{"icon":"fab fa-google","link":"#"},{"icon":"fab fa-instagram","link":""}],"main_banner_buttons":[{"text":"Button Text","link":"#","type":"button-outline"}],"coming_maintenance_buttons":[{"text":"Button Text","link":"#","type":"button-outline"}],"coming_maintenance_image_slider":[],"notification_bar_background_color":"#f5f5f5","notification_bar_title_color":"#505050","notification_bar_button_text_color":"#505050","notification_bar_button_type":"button-outline","header_layout":"header_six","main_menu_font_control":{"font-family":"Poppins","font-size":"15px","text-transform":"uppercase","variant":"500","line-height":"1.5","font-backup":"","font-weight":500,"font-style":"normal"},"body_font_control":{"font-family":"Poppins","font-size":"15px","font-backup":"","variant":"regular","font-weight":400,"font-style":"normal"},"disable_main_slider":true,"main_slider_height":"550","logo_width":"240","header_image_height":"240","disable_site_title":true,"disable_site_tagline":false,"site_primary_color":"#95000b","site_hover_color":"#ff4a53","top_header_text_color":"#ffffff","top_footer_background_color":"rgba(245,245,245,0)","custom_logo":218,"footer_text":"Copyright \u00a9 2020. <a href=\"\/\/keonthemes.com\/downloads\/gutener\" target=\"_blank\">Gutener<\/a> Theme by <a href=\"\/\/keonthemes.com\" target=\"_blank\">Keon Themes<\/a>","bottom_header_six_background_color":"#95000b","bottom_header_text_color":"#ffffff","site_title_color":"#ffffff","site_tagline_color":"#ffffff","top_header_six_background_color":"rgba(0,0,0,0)","footer_image":"https:\/\/demo.keonthemes.com\/gutener\/demo106\/wp-content\/uploads\/sites\/22\/2020\/08\/gutener-magazine-footer-banner-1280-312.jpg","bottom_footer_background_color":"rgba(251,251,251,0.15)","bottom_footer_text_color":"#ffffff","top_footer_widget_title_color":"#ffffff","top_footer_widget_link_color":"#e3e3e3","top_footer_widget_content_color":"#f1f1f1","bottom_footer_text_link_color":"#e3e3e3","disable_blog_page_title":"disable_all_pages","disable_page_title":"disable_all_pages","blog_post_category_color":"#95000b"},"theme_mods_gutener-pro-child":{"0":false,"nav_menu_locations":{"menu-1":9,"menu-2":10},"custom_css_post_id":221,"header_image_slider":[{"slider_item":217}],"social_media_links":[{"icon":"fab fa-facebook","link":"#"},{"icon":"fab fa-twitter","link":"#"},{"icon":"fab fa-youtube","link":"#"},{"icon":"fab fa-google","link":"#"},{"icon":"fab fa-instagram","link":""}],"main_banner_buttons":[{"text":"Button Text","link":"#","type":"button-outline"}],"coming_maintenance_buttons":[{"text":"Button Text","link":"#","type":"button-outline"}],"coming_maintenance_image_slider":[],"notification_bar_background_color":"#f5f5f5","notification_bar_title_color":"#505050","notification_bar_button_text_color":"#505050","notification_bar_button_type":"button-outline","header_layout":"header_six","main_menu_font_control":{"font-family":"Poppins","font-size":"15px","text-transform":"uppercase","variant":"500","line-height":"1.5","font-backup":"","font-weight":500,"font-style":"normal"},"body_font_control":{"font-family":"Poppins","font-size":"15px","font-backup":"","variant":"regular","font-weight":400,"font-style":"normal"},"disable_main_slider":true,"main_slider_height":"550","logo_width":"240","header_image_height":"240","disable_site_title":true,"disable_site_tagline":false,"site_primary_color":"#95000b","site_hover_color":"#ff4a53","top_header_text_color":"#ffffff","top_footer_background_color":"rgba(245,245,245,0)","custom_logo":218,"footer_text":"Copyright \u00a9 2020. <a href=\"\/\/keonthemes.com\/downloads\/gutener\" target=\"_blank\">Gutener<\/a> Theme by <a href=\"\/\/keonthemes.com\" target=\"_blank\">Keon Themes<\/a>","bottom_header_six_background_color":"#95000b","bottom_header_text_color":"#ffffff","site_title_color":"#ffffff","site_tagline_color":"#ffffff","top_header_six_background_color":"rgba(0,0,0,0)","footer_image":"https:\/\/demo.keonthemes.com\/gutener\/demo106\/wp-content\/uploads\/sites\/22\/2020\/08\/gutener-magazine-footer-banner-1280-312.jpg","bottom_footer_background_color":"rgba(251,251,251,0.15)","bottom_footer_text_color":"#ffffff","top_footer_widget_title_color":"#ffffff","top_footer_widget_link_color":"#e3e3e3","top_footer_widget_content_color":"#f1f1f1","bottom_footer_text_link_color":"#e3e3e3","disable_blog_page_title":"disable_all_pages","disable_page_title":"disable_all_pages","blog_post_category_color":"#95000b"},"woocommerce_shop_page_id":"","woocommerce_shop_page_id-child":""}}